feature,feature_type,bucket_order,bucket,lower_bound,upper_bound,reference_count,reference_bad,reference_good,reference_bad_rate,bad_share,good_share,woe,iv_component,reference_share,actual_count,actual_share,psi_component,bucket_display
COUNT(person_1),numeric,0,__MISSING__,,,0,0,0,,0,0,0,0,0,0,0,0,__MISSING__
COUNT(person_1),numeric,1,BIN_00,-inf,1,629177,20287,608890,0.03224370885,0.4770554831,0.4912148298,-0.02924876649,0.0004141434258,0.4907463017,140162,0.5730792348,0.01276956544,BIN_00
COUNT(person_1),numeric,2,BIN_01,1,2,193985,5142,188843,0.02650720417,0.1209246,0.1523471424,-0.2309945379,0.007258435671,0.1513046747,79121,0.3235013922,0.130853646,BIN_01
COUNT(person_1),numeric,3,BIN_02,2,3,283640,9558,274082,0.0336976449,0.2247657343,0.2211126444,0.01638640429,5.986100876e-05,0.2212338992,18806,0.07689193996,0.1525433901,BIN_02
COUNT(person_1),numeric,4,BIN_03,3,4,154347,6621,147726,0.04289684931,0.1557029147,0.1191765146,0.2673440885,0.009765117133,0.1203877755,4968,0.02031262138,0.1780812909,BIN_03
COUNT(person_1),numeric,5,BIN_04,4,inf,20933,916,20017,0.04375865858,0.02155126803,0.01614886889,0.2885846466,0.001559049446,0.0163273488,1520,0.006214811695,0.009767761435,BIN_04
MODE(person_1.contaddr_district_15M),categorical,0,__MISSING__,,,0,0,0,,0,0,0,0,0,0,0,0,__MISSING__
MODE(person_1.contaddr_district_15M),categorical,1,VALUE::259,,,460349,17158,443191,0.03727172211,0.4030229363,0.35752538,0.1197871215,0.005450021304,0.3590636168,25662,0.1049240117,0.3126586011,259
MODE(person_1.contaddr_district_15M),categorical,2,VALUE::201,,,52035,1481,50554,0.02846161238,0.03479782499,0.04078263419,-0.1587014738,0.0009497980413,0.04058632755,0,0,0.430658481,201
MODE(person_1.contaddr_district_15M),categorical,3,VALUE::332,,,45374,1261,44113,0.02779124609,0.02963041257,0.03558663885,-0.1831689685,0.001090995823,0.03539087203,0,0,0.3706809237,332
MODE(person_1.contaddr_district_15M),categorical,4,VALUE::148,,,37838,1047,36791,0.0276705957,0.02460392958,0.02967993524,-0.187565067,0.0009520813407,0.02951293287,6344,0.02593866144,0.0004614169744,148
MODE(person_1.contaddr_district_15M),categorical,5,VALUE::112,,,25077,756,24321,0.03014714679,0.01776885225,0.01962030754,-0.09911807814,0.0001835126904,0.01955959135,3553,0.01452712234,0.001496899676,112
MODE(person_1.contaddr_district_15M),categorical,6,VALUE::309,,,23073,714,22359,0.03094526069,0.01678234624,0.01803754976,-0.07212816785,9.053553007e-05,0.0179965088,0,0,0.1763187907,309
MODE(person_1.contaddr_district_15M),categorical,7,VALUE::160,,,22641,546,22095,0.0241155426,0.01283632221,0.01782457929,-0.3282995388,0.001637642499,0.01765955688,3157,0.01290800034,0.001489279424,160
MODE(person_1.contaddr_district_15M),categorical,8,VALUE::302,,,21326,852,20474,0.03995123324,0.02002372312,0.01651690836,0.1925331212,0.0006751779908,0.01663388145,2902,0.01186538391,0.001610876774,302
MODE(person_1.contaddr_district_15M),categorical,9,VALUE::298,,,19760,391,19369,0.01978744939,0.009195645281,0.01562549789,-0.5301740271,0.003408940851,0.01541243072,0,0,0.1486113423,298
MODE(person_1.contaddr_district_15M),categorical,10,VALUE::715,,,19362,447,18915,0.02308645801,0.01051098662,0.01525925322,-0.3727650326,0.001769987754,0.01510199816,3232,0.01321465224,0.0002519622494,715
MODE(person_1.contaddr_district_15M),categorical,11,VALUE::294,,,18377,403,17974,0.0219295859,0.00947750414,0.01450014259,-0.4252374776,0.002135814104,0.01433371656,2621,0.01071646148,0.00105201913,294
MODE(person_1.contaddr_district_15M),categorical,12,VALUE::317,,,15114,310,14804,0.0205107847,0.007293097981,0.01194288358,-0.4932071658,0.002293307577,0.01178863754,2527,0.01033212444,0.0001920823667,317
MODE(person_1.contaddr_district_15M),categorical,13,VALUE::677,,,14177,417,13760,0.02941383932,0.009806339476,0.01110068219,-0.1239775033,0.0001604693783,0.01105779506,3851,0.01574555253,0.001656758177,677
MODE(person_1.contaddr_district_15M),categorical,14,VALUE::725,,,11973,289,11684,0.02413764303,0.006799844978,0.00942595989,-0.3265677587,0.0008576044609,0.009338716244,2238,0.009150492483,3.832441814e-06,725
MODE(person_1.contaddr_district_15M),categorical,15,VALUE::518,,,11338,218,11120,0.01922737696,0.005132180061,0.00897097753,-0.5584641158,0.002143830635,0.008843428111,1962,0.008022013517,8.007572044e-05,518
MODE(person_1.contaddr_district_15M),categorical,16,VALUE::246,,,11303,205,11098,0.01813677785,0.004826832963,0.008953229992,-0.6178238087,0.002549386328,0.008816128766,1854,0.007580434791,0.0001866049889,246
MODE(person_1.contaddr_district_15M),categorical,17,VALUE::269,,,9500,207,9293,0.02178947368,0.00487380944,0.0074971251,-0.4306437699,0.001129714546,0.007409822461,1290,0.005274412557,0.0007259094702,269
MODE(person_1.contaddr_district_15M),categorical,18,VALUE::658,,,9356,215,9141,0.02297990594,0.005061715346,0.007374505741,-0.3763234548,0.0008703572717,0.007297505152,1935,0.007911618836,4.962031688e-05,658
MODE(person_1.contaddr_district_15M),categorical,19,VALUE::605,,,8860,353,8507,0.03984198646,0.008303092227,0.00686305394,0.1904754794,0.000274291983,0.006910634421,2358,0.009641135512,0.0009091952841,605
MODE(person_1.contaddr_district_15M),categorical,20,VALUE::232,,,8677,327,8350,0.03768583612,0.007692398032,0.006736401049,0.1327067592,0.0001268672614,0.006767897841,2011,0.008222359421,0.0002831351984,232
MODE(person_1.contaddr_district_15M),categorical,21,VALUE::855,,,8535,398,8137,0.04663151728,0.009360062948,0.006564572605,0.3547646122,0.0009917410475,0.006657140495,713,0.002915237328,0.003089834648,855
MODE(person_1.contaddr_district_15M),categorical,22,VALUE::863,,,8449,345,8104,0.0408332347,0.00811518632,0.006537951297,0.2161133017,0.0003408614685,0.006590062102,1704,0.006967131006,2.098039565e-05,863
MODE(person_1.contaddr_district_15M),categorical,23,VALUE::26,,,8170,272,7898,0.03329253366,0.006400544927,0.006371769797,0.004505867536,1.296569262e-07,0.006372447316,1521,0.006218900387,3.745084123e-06,26
MODE(person_1.contaddr_district_15M),categorical,24,VALUE::121,,,8154,337,7817,0.04132940888,0.007927280414,0.006306426585,0.2287408214,0.0003707554362,0.006359967615,1354,0.005536088839,0.0001143008382,121
MODE(person_1.contaddr_district_15M),categorical,25,VALUE::351,,,7614,222,7392,0.02915681639,0.005226133014,0.005963576403,-0.1319987497,9.734160537e-05,0.005938777707,1339,0.005474758461,3.775036978e-05,351
MODE(person_1.contaddr_district_15M),categorical,26,VALUE::223,,,7509,276,7233,0.03675589293,0.00649449788,0.0058353101,0.1070279293,7.055150316e-05,0.005856879669,1121,0.004583423625,0.0003122141693,223
MODE(person_1.contaddr_district_15M),categorical,27,VALUE::513,,,7392,168,7224,0.02272727273,0.003957768148,0.005828049743,-0.3870021562,0.0007238030102,0.005765621856,1215,0.004967760664,0.0001188365155,513
MODE(person_1.contaddr_district_15M),categorical,28,VALUE::586,,,7327,273,7054,0.03725945134,0.006424033165,0.00569090967,0.1211760323,8.883699629e-05,0.00571492307,1492,0.006100328322,2.515222381e-05,586
MODE(person_1.contaddr_district_15M),categorical,29,VALUE::128,,,7251,150,7101,0.02068680182,0.003534979859,0.005728824867,-0.4828028237,0.001059194565,0.005655644491,1457,0.005957224105,1.566722596e-05,128
MODE(person_1.contaddr_district_15M),categorical,30,VALUE::707,,,6522,274,6248,0.04201165287,0.006447521404,0.005040704384,0.2461499475,0.0003462879356,0.005087038115,1322,0.005405250698,1.930757215e-05,707
MODE(person_1.contaddr_district_15M),categorical,31,VALUE::486,,,6509,234,6275,0.03595022277,0.005507991873,0.005062485454,0.08434254623,3.757514574e-05,0.005076898358,0,0,0.04330987835,486
MODE(person_1.contaddr_district_15M),categorical,32,VALUE::71,,,6478,156,6322,0.02408150664,0.003675909288,0.005100400651,-0.3275185681,0.0004665473713,0.005052718937,1039,0.004248150889,0.0001395464533,71
MODE(person_1.contaddr_district_15M),categorical,33,VALUE::823,,,6458,112,6346,0.0173428306,0.002642426805,0.005119761602,-0.6614101367,0.001638534347,0.005037119311,1331,0.005442048925,3.130967503e-05,823
MODE(person_1.contaddr_district_15M),categorical,34,VALUE::431,,,5607,127,5480,0.02265025861,0.002994750379,0.004421153937,-0.3895398516,0.0005556410304,0.004373355214,1435,0.005867272883,0.0004390018131,431
MODE(person_1.contaddr_district_15M),categorical,35,VALUE::501,,,5328,160,5168,0.03003003003,0.003769862241,0.004169461568,-0.100748447,4.025901156e-05,0.004155740428,1809,0.007396443656,0.001868293551,501
MODE(person_1.contaddr_district_15M),categorical,36,VALUE::142,,,5246,142,5104,0.02706824247,0.003347073953,0.004117832364,-0.2072403825,0.0001597322679,0.004091781961,1791,0.007322847201,0.001880540235,142
MODE(person_1.contaddr_district_15M),categorical,37,VALUE::687,,,5220,234,4986,0.04482758621,0.005507991873,0.004022641019,0.3142614485,0.0004667885108,0.004071502447,1569,0.006415157599,0.001065546288,687
MODE(person_1.contaddr_district_15M),categorical,38,VALUE::830,,,5076,133,4943,0.02620173365,0.003135679808,0.003987952648,-0.2404319831,0.0002049136489,0.003959185138,1754,0.007171565601,0.001908429471,830
MODE(person_1.contaddr_district_15M),categorical,39,VALUE::643,,,5024,239,4785,0.04757165605,0.005625433064,0.003860493051,0.3765030257,0.0006645052552,0.00391862611,728,0.002976567707,0.0002590380343,643
MODE(person_1.contaddr_district_15M),categorical,40,VALUE::422,,,5005,239,4766,0.04775224775,0.005625433064,0.003845165631,0.3804812554,0.000677358388,0.003903806465,912,0.003728887017,8.018708297e-06,422
MODE(person_1.contaddr_district_15M),categorical,41,VALUE::119,,,4996,206,4790,0.04123298639,0.004850321202,0.003864526582,0.2272057438,0.0002239781997,0.003896786633,890,0.003638935795,1.765272576e-05,119
MODE(person_1.contaddr_district_15M),categorical,42,VALUE::839,,,4775,200,4575,0.04188481675,0.004709391772,0.003691084726,0.2436383858,0.0002480986851,0.003724410763,1602,0.006550084431,0.001595288562,839
MODE(person_1.contaddr_district_15M),categorical,43,VALUE::420,,,4724,154,4570,0.03259949196,0.003628932812,0.003687051194,-0.01588839031,9.234075391e-07,0.003684631716,990,0.004047804986,3.413980396e-05,420
MODE(person_1.contaddr_district_15M),categorical,44,VALUE::263,,,4517,202,4315,0.04471994687,0.004756368249,0.003481341085,0.3120668153,0.0003978936665,0.003523175585,648,0.002649472354,0.0002490073682,263
MODE(person_1.contaddr_district_15M),categorical,45,VALUE::539,,,4472,127,4345,0.02839892665,0.002994750379,0.003505542274,-0.1574843408,8.044172493e-05,0.003488076426,768,0.003140115383,3.656752922e-05,539
MODE(person_1.contaddr_district_15M),categorical,46,VALUE::550,,,4468,137,4331,0.03066248881,0.003229632761,0.003494248386,-0.07874986378,2.083844437e-05,0.0034849565,701,0.002866173025,0.0001209584713,550
MODE(person_1.contaddr_district_15M),categorical,47,VALUE::744,,,4442,160,4282,0.0360198109,0.003769862241,0.003454719776,0.08729711281,2.751102732e-05,0.003464676986,675,0.002759867036,0.0001602997926,744
MODE(person_1.contaddr_district_15M),categorical,48,VALUE::821,,,4420,126,4294,0.02850678733,0.00297126214,0.003464400252,-0.1535527046,7.572269079e-05,0.003447517397,1664,0.00680358333,0.00228143703,821
MODE(person_1.contaddr_district_15M),categorical,49,VALUE::267,,,4383,150,4233,0.03422313484,0.003534979859,0.003415191167,0.03447413155,4.129611113e-06,0.003418658089,732,0.002992922474,5.662189001e-05,267
MODE(person_1.contaddr_district_15M),categorical,50,VALUE::621,,,4060,169,3891,0.04162561576,0.003981256386,0.003139297609,0.2375983609,0.0002000480253,0.003166724125,1314,0.005372541163,0.00116600229,621
MODE(person_1.contaddr_district_15M),categorical,51,VALUE::841,,,4051,132,3919,0.03258454703,0.00311219157,0.003161885386,-0.01584132776,7.872160193e-07,0.003159704293,868,0.003548984573,4.522778256e-05,841
MODE(person_1.contaddr_district_15M),categorical,52,VALUE::868,,,3998,83,3915,0.02076038019,0.001961267895,0.00315865856,-0.4765562819,0.0005706240434,0.003118365284,1171,0.004787858221,0.0007158355964,868
MODE(person_1.contaddr_district_15M),categorical,53,VALUE::253,,,3987,109,3878,0.02733885127,0.00257196209,0.003128810427,-0.1959838102,0.0001091332588,0.00310978549,1044,0.004268594349,0.0003670304932,253
MODE(person_1.contaddr_district_15M),categorical,54,VALUE::305,,,3896,125,3771,0.03208418891,0.002947773902,0.003042492852,-0.03162692028,2.99566866e-06,0.00303880719,1148,0.004693818307,0.0007195679217,305
MODE(person_1.contaddr_district_15M),categorical,55,VALUE::537,,,3887,149,3738,0.03833290455,0.003511491621,0.003015871543,0.1521520528,7.540961218e-05,0.003031787358,1000,0.004088691905,0.000316091358,537
MODE(person_1.contaddr_district_15M),categorical,56,VALUE::387,,,3773,190,3583,0.05035780546,0.004474509389,0.002890832065,0.4368523396,0.0006918331443,0.002942869489,802,0.003279130908,3.638123194e-05,387
MODE(person_1.contaddr_district_15M),categorical,57,VALUE::448,,,3687,115,3572,0.03119066992,0.00271289152,0.002881958296,-0.0604549794,1.022092847e-05,0.002875791096,793,0.003242332681,4.397224682e-05,448
MODE(person_1.contaddr_district_15M),categorical,58,VALUE::127,,,3671,131,3540,0.03568509943,0.003088703332,0.002856143694,0.07827901297,1.820453892e-05,0.002863311395,823,0.003364993438,8.099517482e-05,127
MODE(person_1.contaddr_district_15M),categorical,59,VALUE::399,,,3563,160,3403,0.04490597811,0.003769862241,0.002745624929,0.3170297501,0.0003247136992,0.002779073413,906,0.003704354866,0.0002659180714,399
MODE(person_1.contaddr_district_15M),categorical,60,VALUE::533,,,3533,119,3414,0.03368242287,0.002806844473,0.002754498699,0.01882542341,9.854313603e-07,0.002755673974,855,0.003495831579,0.0001760903271,533
MODE(person_1.contaddr_district_15M),categorical,61,VALUE::101,,,3429,169,3260,0.04928550598,0.003981256386,0.002630265927,0.4145124904,0.0005600024198,0.002674555918,769,0.003144204075,7.597847059e-05,101
MODE(person_1.contaddr_district_15M),categorical,62,VALUE::336,,,3228,116,3112,0.03593556382,0.002736379758,0.002510873393,0.08600513267,1.939470485e-05,0.002517779674,4000,0.01635476762,0.02589096959,336
MODE(person_1.contaddr_district_15M),categorical,63,VALUE::442,,,3210,93,3117,0.02897196262,0.002196150278,0.002514906924,-0.1355298408,4.320103756e-05,0.00250374001,801,0.003275042216,0.0002071294596,442
MODE(person_1.contaddr_district_15M),categorical,64,VALUE::237,,,3163,98,3065,0.03098324376,0.002313591469,0.002472958196,-0.06661401858,1.061605811e-05,0.002467080889,791,0.003234155297,0.0002076717073,237
MODE(person_1.contaddr_district_15M),categorical,65,VALUE::511,,,3123,73,3050,0.02337495997,0.001726385512,0.002460857601,-0.3544799839,0.0002603556543,0.002435881636,931,0.003806572163,0.0006119041177,511
MODE(person_1.contaddr_district_15M),categorical,66,VALUE::598,,,3050,99,2951,0.03245901639,0.002337079707,0.002380993677,-0.01861575007,8.174914772e-07,0.002378943001,637,0.002604496743,2.043137894e-05,598
MODE(person_1.contaddr_district_15M),categorical,67,VALUE::703,,,2915,134,2781,0.04596912521,0.003159168047,0.002243853604,0.34211397,0.0003131418578,0.002273645523,629,0.002571787208,3.673599521e-05,703
MODE(person_1.contaddr_district_15M),categorical,68,VALUE::143,,,2911,52,2859,0.01786327722,0.001233132509,0.002306776696,-0.6262934933,0.0006724163685,0.002270525598,795,0.003250510064,0.0003516189959,143
MODE(person_1.contaddr_district_15M),categorical,69,VALUE::126,,,2870,146,2724,0.05087108014,0.003441026906,0.002197871344,0.4482806249,0.000557282552,0.002238546364,782,0.00319735707,0.0003418139473,126
MODE(person_1.contaddr_district_15M),categorical,70,VALUE::188,,,2837,120,2717,0.04229820233,0.002830332711,0.0021922244,0.2554775344,0.000163022338,0.002212806981,673,0.002751689652,0.0001174512591,188
MODE(person_1.contaddr_district_15M),categorical,71,VALUE::403,,,2829,61,2768,0.02156238954,0.001444526653,0.002233366422,-0.435728361,0.0003437198594,0.002206567131,887,0.00362666972,0.0007056160602,403
MODE(person_1.contaddr_district_15M),categorical,72,VALUE::697,,,2782,73,2709,0.02624011503,0.001726385512,0.002185770749,-0.2359385883,0.0001083867043,0.002169908009,558,0.002281490083,5.595171527e-06,697
MODE(person_1.contaddr_district_15M),categorical,73,VALUE::321,,,2776,143,2633,0.0515129683,0.003370562191,0.00212446107,0.4615613967,0.000575152174,0.002165228121,648,0.002649472354,9.773733067e-05,321
MODE(person_1.contaddr_district_15M),categorical,74,VALUE::69,,,2758,105,2653,0.03807106599,0.002478009137,0.002140595196,0.1463715511,4.93878019e-05,0.002151188458,715,0.002923414712,0.0002368664221,69
MODE(person_1.contaddr_district_15M),categorical,75,VALUE::504,,,2750,113,2637,0.04109090909,0.002665915043,0.002127687895,0.2255114596,0.0001213763897,0.002144948607,4157,0.01699669225,0.03074167108,504
MODE(person_1.contaddr_district_15M),categorical,76,VALUE::161,,,2637,62,2575,0.02351156617,0.001468014892,0.002077672104,-0.3473370118,0.0002117565143,0.002056810719,486,0.001987104266,2.4033497e-06,161
MODE(person_1.contaddr_district_15M),categorical,77,VALUE::531,,,2623,139,2484,0.05299275639,0.003276609238,0.002004261829,0.4915332907,0.0006254011086,0.00204589098,541,0.00221198232,1.296437734e-05,531
MODE(person_1.contaddr_district_15M),categorical,78,VALUE::561,,,2616,84,2532,0.03211009174,0.001984756133,0.002042983732,-0.02891530132,1.68366857e-06,0.002040431111,875,0.003577605417,0.0008631734598,561
MODE(person_1.contaddr_district_15M),categorical,79,VALUE::515,,,2562,91,2471,0.03551912568,0.002149173801,0.001993774647,0.07505383998,1.166330322e-05,0.00199831212,999,0.004084603213,0.001491534788,515
MODE(person_1.contaddr_district_15M),categorical,80,VALUE::730,,,2547,93,2454,0.03651354535,0.002196150278,0.00198006064,0.1035784832,2.238223691e-05,0.001986612401,787,0.003217800529,0.0005937616312,730
MODE(person_1.contaddr_district_15M),categorical,81,VALUE::541,,,2513,48,2465,0.01910067648,0.001139179556,0.00198893441,-0.5572907073,0.0004735604834,0.001960093036,787,0.003217800529,0.0006234533028,541
MODE(person_1.contaddr_district_15M),categorical,82,VALUE::273,,,2396,54,2342,0.0225375626,0.001280108985,0.001889709533,-0.389477912,0.0002374259485,0.001868835223,368,0.001504638621,7.894420625e-05,273
MODE(person_1.contaddr_district_15M),categorical,83,VALUE::485,,,2333,95,2238,0.04072010287,0.002243126754,0.001805812077,0.2168603702,9.483622284e-05,0.0018196964,481,0.001966660806,1.141434454e-05,485
MODE(person_1.contaddr_district_15M),categorical,84,VALUE::676,,,2324,63,2261,0.02710843373,0.00149150313,0.001824366322,-0.2014482826,6.705471842e-05,0.001812676568,458,0.001872620892,1.950257197e-06,676
MODE(person_1.contaddr_district_15M),categorical,85,VALUE::573,,,2287,63,2224,0.02754700481,0.00149150313,0.001794518189,-0.1849521439,5.604328476e-05,0.00178381726,508,0.002077055488,4.462958674e-05,573
MODE(person_1.contaddr_district_15M),categorical,86,VALUE::52,,,2263,86,2177,0.03800265135,0.00203173261,0.001756602992,0.1455071057,4.003331438e-05,0.001765097708,468,0.001913507811,1.198145343e-05,52
MODE(person_1.contaddr_district_15M),categorical,87,VALUE::3,,,2245,82,2163,0.03652561247,0.001937779657,0.001745309104,0.1046111341,2.013456285e-05,0.001751058045,662,0.002706714041,0.0004162026799,3
MODE(person_1.contaddr_district_15M),categorical,88,VALUE::459,,,2182,85,2097,0.03895508708,0.002008244372,0.001692066487,0.171310338,5.416454028e-05,0.001701919222,565,0.002310110926,0.0001858262699,459
MODE(person_1.contaddr_district_15M),categorical,89,VALUE::398,,,2168,65,2103,0.02998154982,0.001538479606,0.001696906725,-0.09801235995,1.552781578e-05,0.001690999484,966,0.00394967638,0.001916066966,398
MODE(person_1.contaddr_district_15M),categorical,90,VALUE::798,,,2159,39,2120,0.01806391848,0.0009277854115,0.001710620732,-0.6118111166,0.0004789473517,0.001683979652,653,0.002669915814,0.0004544052674,798
MODE(person_1.contaddr_district_15M),categorical,91,VALUE::350,,,2147,55,2092,0.0256171402,0.001303597224,0.001688032956,-0.2584363812,9.935217934e-05,0.001674619876,345,0.001410598707,4.529863224e-05,350
MODE(person_1.contaddr_district_15M),categorical,92,VALUE::74,,,2093,35,2058,0.01672240803,0.0008338324584,0.001660604941,-0.6889047443,0.0005695674857,0.001632500885,455,0.001860354817,2.977005187e-05,74
MODE(person_1.contaddr_district_15M),categorical,93,VALUE::439,,,2064,75,1989,0.0363372093,0.001773361989,0.001604942206,0.09978942683,1.680651366e-05,0.001609881427,615,0.002514545521,0.0004034182631,439
MODE(person_1.contaddr_district_15M),categorical,94,VALUE::170,,,2055,63,1992,0.03065693431,0.00149150313,0.001607362324,-0.07481010432,8.66743844e-06,0.001602861595,483,0.00197483819,7.763000393e-05,170
MODE(person_1.contaddr_district_15M),categorical,95,VALUE::487,,,2038,60,1978,0.02944062807,0.001421038415,0.001596068436,-0.1161554953,2.03306988e-05,0.001589601913,416,0.001700895832,7.531421639e-06,487
MODE(person_1.contaddr_district_15M),categorical,96,VALUE::365,,,2031,94,1937,0.0462826194,0.002219638516,0.001562993477,0.3507414737,0.0002303126486,0.001584142044,278,0.00113665635,0.0001485437881,365
MODE(person_1.contaddr_district_15M),categorical,97,VALUE::386,,,1988,44,1944,0.02213279678,0.001045226603,0.001568640422,-0.405975564,0.0002124932203,0.001550602848,377,0.001541436848,5.43432816e-08,386
MODE(person_1.contaddr_district_15M),categorical,98,VALUE::648,,,1980,67,1913,0.03383838384,0.001585456083,0.001543632526,0.02673369345,1.118098151e-06,0.001544362997,409,0.001672274989,1.017839755e-05,648
MODE(person_1.contaddr_district_15M),categorical,99,VALUE::784,,,1980,73,1907,0.03686868687,0.001726385512,0.001538792288,0.1150320435,2.157923195e-05,0.001544362997,590,0.002412328224,0.0003870958466,784
MODE(person_1.contaddr_district_15M),categorical,100,VALUE::433,,,1974,47,1927,0.02380952381,0.001115691318,0.001554926414,-0.331953994,0.0001458058446,0.001539683109,381,0.001557791616,2.117348964e-07,433
MODE(person_1.contaddr_district_15M),categorical,101,__OTHER__,,,119559,4135,115424,0.03458543481,0.09713560934,0.09311367258,0.04228700403,0.000170075656,0.09325378564,98037,0.4008430883,0.4485406842,__OTHER__
MODE(person_1.contaddr_district_15M),categorical,102,__UNSEEN__,,,0,0,0,,0,0,0,0,0,2317,0.009473499143,0.08673260453,__UNSEEN__
MODE(person_1.contaddr_zipcode_807M),categorical,0,__MISSING__,,,0,0,0,,0,0,0,0,0,0,0,0,__MISSING__
MODE(person_1.contaddr_zipcode_807M),categorical,1,VALUE::2828,,,459578,17120,442458,0.03725156557,0.4021303832,0.3569340643,0.1192253016,0.005388544758,0.3584622512,48928,0.2000515175,0.09239281287,2828
MODE(person_1.contaddr_zipcode_807M),categorical,2,VALUE::1118,,,56136,1662,54474,0.02960666952,0.03904919612,0.04394492293,-0.1181148083,0.0005782578345,0.04378503091,10900,0.04456674176,1.383306261e-05,1118
MODE(person_1.contaddr_zipcode_807M),categorical,3,VALUE::378,,,46960,1379,45581,0.02936541738,0.03240202469,0.03677088371,-0.1264854173,0.0005525969569,0.03662792239,8852,0.03619310074,5.192789375e-06,378
MODE(person_1.contaddr_zipcode_807M),categorical,4,VALUE::1959,,,36841,1033,35808,0.02803941261,0.02427509425,0.02888694293,-0.1739387948,0.0008021794025,0.0287352915,7034,0.02875985886,2.099498865e-08,1959
MODE(person_1.contaddr_zipcode_807M),categorical,5,VALUE::3024,,,25088,810,24278,0.03228635204,0.01903721711,0.01958561917,-0.0283997224,1.557446615e-05,0.01956817115,6001,0.02453624012,0.001124010145,3024
MODE(person_1.contaddr_zipcode_807M),categorical,6,VALUE::1316,,,23273,687,22586,0.02951918532,0.01614816381,0.01822067209,-0.1207504317,0.0002502562699,0.01815250507,3335,0.0136357875,0.001292281679,1316
MODE(person_1.contaddr_zipcode_807M),categorical,7,VALUE::3258,,,19734,798,18936,0.04043782305,0.01875535825,0.01527619406,0.2051838125,0.0007138681745,0.0153921512,3468,0.01417958353,9.949671614e-05,3258
MODE(person_1.contaddr_zipcode_807M),categorical,8,VALUE::1542,,,19609,398,19211,0.02029680249,0.009360062948,0.01549803829,-0.5042614384,0.003095144275,0.01529465354,2828,0.01156282071,0.001043825313,1542
MODE(person_1.contaddr_zipcode_807M),categorical,9,VALUE::3360,,,18584,430,18154,0.02313818338,0.01011168657,0.01464534972,-0.3704310185,0.001679409458,0.0144951727,2593,0.01060197811,0.001217694243,3360
MODE(person_1.contaddr_zipcode_807M),categorical,10,VALUE::2924,,,18389,407,17982,0.02213279678,0.009571457093,0.01450659624,-0.4158180086,0.002052119731,0.01434307634,3072,0.01256046153,0.0002365769331,2924
MODE(person_1.contaddr_zipcode_807M),categorical,11,VALUE::3389,,,16140,389,15751,0.0241016109,0.009148668804,0.01270683446,-0.3285316121,0.001168969898,0.01258889837,1633,0.006676833881,0.003749262442,3389
MODE(person_1.contaddr_zipcode_807M),categorical,12,VALUE::592,,,15145,315,14830,0.02079894355,0.007410539173,0.01196385794,-0.4789870676,0.002180980806,0.01181281696,2328,0.009518474754,0.0004954643576,592
MODE(person_1.contaddr_zipcode_807M),categorical,13,VALUE::3441,,,14057,421,13636,0.02994949136,0.009900292429,0.01100065061,-0.1053901223,0.0001159668832,0.0109641973,3902,0.01595407581,0.001871599442,3441
MODE(person_1.contaddr_zipcode_807M),categorical,14,VALUE::414,,,12049,289,11760,0.02398539298,0.006799844978,0.009487269569,-0.3330510401,0.0008950495555,0.009397994824,2280,0.009322217543,6.134789052e-07,414
MODE(person_1.contaddr_zipcode_807M),categorical,15,VALUE::1350,,,11351,207,11144,0.01823627874,0.00487380944,0.008990338482,-0.6122746415,0.002520446344,0.008853567869,1568,0.006411068907,0.0007884252644,1350
MODE(person_1.contaddr_zipcode_807M),categorical,16,VALUE::1509,,,10530,195,10335,0.01851851852,0.004591950581,0.008337713076,-0.5964840704,0.00223428766,0.008213203212,1950,0.007972949214,7.132791211e-06,1509
MODE(person_1.contaddr_zipcode_807M),categorical,17,VALUE::1811,,,8610,189,8421,0.02195121951,0.004451021151,0.006793677197,-0.4228588137,0.0009906127565,0.006715639093,1601,0.00654599574,4.340405648e-06,1811
MODE(person_1.contaddr_zipcode_807M),categorical,18,VALUE::1031,,,7538,278,7260,0.03687980897,0.006541474357,0.00585709117,0.1105094838,7.563083268e-05,0.005879499127,1583,0.006472399285,5.696305836e-05,1031
MODE(person_1.contaddr_zipcode_807M),categorical,19,VALUE::175,,,7248,151,7097,0.02083333333,0.003558468097,0.005725598042,-0.475616863,0.001030723546,0.005653304547,1376,0.005626040061,1.318079482e-07,175
MODE(person_1.contaddr_zipcode_807M),categorical,20,VALUE::2280,,,7092,161,6931,0.02270163565,0.00379335048,0.005591684794,-0.3880309759,0.0006978094189,0.005531627462,1148,0.004693818307,0.0001375981564,2280
MODE(person_1.contaddr_zipcode_807M),categorical,21,VALUE::2603,,,6574,193,6381,0.02935807727,0.004544974104,0.005147996323,-0.1245855455,7.512785209e-05,0.005127597143,1424,0.005822297272,8.8267034e-05,2603
MODE(person_1.contaddr_zipcode_807M),categorical,22,VALUE::843,,,6416,256,6160,0.03990024938,0.006024733115,0.004969714228,0.192510843,0.0002031025752,0.005004360096,1237,0.005057711886,5.657761645e-07,843
MODE(person_1.contaddr_zipcode_807M),categorical,23,VALUE::1626,,,6111,100,6011,0.01636393389,0.002360567946,0.004849514988,-0.7199764525,0.001791983262,0.004766465795,1130,0.004620221852,4.557309758e-06,1626
MODE(person_1.contaddr_zipcode_807M),categorical,24,VALUE::2737,,,5732,136,5596,0.02372644801,0.003206144523,0.004514731869,-0.3422766663,0.0004478989142,0.004470852878,1476,0.006034909251,0.0004691881747,2737
MODE(person_1.contaddr_zipcode_807M),categorical,25,VALUE::368,,,5096,113,4983,0.02217425432,0.002665915043,0.0040202209,-0.410789497,0.000556334622,0.003974784764,913,0.003732975709,1.517712271e-05,368
MODE(person_1.contaddr_zipcode_807M),categorical,26,VALUE::1950,,,5088,192,4896,0.03773584906,0.004521485866,0.003950037451,0.135115611,7.72116017e-05,0.003968544914,0,0,0.03287569128,1950
MODE(person_1.contaddr_zipcode_807M),categorical,27,VALUE::2823,,,4778,107,4671,0.02239430724,0.002524985613,0.003768528531,-0.4004492502,0.0004979758291,0.003726750707,1370,0.00560150791,0.0007639618749,2823
MODE(person_1.contaddr_zipcode_807M),categorical,28,VALUE::3459,,,3731,102,3629,0.02733851514,0.002407544422,0.002927940555,-0.1956919777,0.0001018373485,0.002910110274,1196,0.004890075518,0.001027635169,3459
MODE(person_1.contaddr_zipcode_807M),categorical,29,VALUE::2765,,,3719,68,3651,0.01828448508,0.001608944321,0.002945688094,-0.6047641753,0.0008084147456,0.002900750498,775,0.003168736226,2.368011553e-05,2765
MODE(person_1.contaddr_zipcode_807M),categorical,30,VALUE::1489,,,3586,129,3457,0.03597322922,0.003041726855,0.00278918707,0.08667521804,2.188894096e-05,0.002797012984,646,0.002641294971,8.919954479e-06,1489
MODE(person_1.contaddr_zipcode_807M),categorical,31,VALUE::2399,,,3454,83,3371,0.02403011002,0.001961267895,0.002719810327,-0.3269709959,0.0002480213744,0.00269405545,493,0.002015725109,0.0001967623829,2399
MODE(person_1.contaddr_zipcode_807M),categorical,32,VALUE::2451,,,3398,111,3287,0.03266627428,0.002618938567,0.002652046997,-0.01256268514,4.15930789e-07,0.002650376497,991,0.004051893678,0.0005949197161,2451
MODE(person_1.contaddr_zipcode_807M),categorical,33,VALUE::1946,,,3391,101,3290,0.02978472427,0.002384056184,0.002654467116,-0.107440609,2.905311522e-05,0.002644916628,1191,0.004869632059,0.001357919218,1946
MODE(person_1.contaddr_zipcode_807M),categorical,34,VALUE::655,,,3339,97,3242,0.02905061396,0.002290103231,0.002615745213,-0.1329521377,4.329479769e-05,0.0026043576,137,0.000560150791,0.003141404771,655
MODE(person_1.contaddr_zipcode_807M),categorical,35,VALUE::1340,,,3235,92,3143,0.028438949,0.002172662039,0.002535881288,-0.1545880629,5.614936007e-05,0.002523239543,357,0.00145966301,0.0005821358684,1340
MODE(person_1.contaddr_zipcode_807M),categorical,36,VALUE::1522,,,3146,101,3045,0.03210425938,0.002384056184,0.00245682407,-0.03006617135,2.187851729e-06,0.002453821206,277,0.001132567658,0.001021539293,1522
MODE(person_1.contaddr_zipcode_807M),categorical,37,VALUE::2994,,,3116,77,3039,0.02471116816,0.001820338466,0.002451983832,-0.2978749704,0.0001881513448,0.002430421767,988,0.004039627602,0.000817617693,2994
MODE(person_1.contaddr_zipcode_807M),categorical,38,VALUE::293,,,3059,50,3009,0.01634521085,0.001186156032,0.002427782643,-0.7162604943,0.0008893280896,0.002385962832,1181,0.00482874514,0.001722122155,293
MODE(person_1.contaddr_zipcode_807M),categorical,39,VALUE::235,,,3020,141,2879,0.04668874172,0.003323585714,0.002322910822,0.3582231706,0.0003584649326,0.002355543561,1131,0.004624310544,0.001530409873,235
MODE(person_1.contaddr_zipcode_807M),categorical,40,VALUE::1463,,,3011,110,2901,0.03653271338,0.002595450328,0.002340658361,0.1033277978,2.632709286e-05,0.002348523729,327,0.001337002253,0.0005698476512,1463
MODE(person_1.contaddr_zipcode_807M),categorical,41,VALUE::2612,,,2860,71,2789,0.02482517483,0.001679409036,0.002250307254,-0.2926247971,0.0001670589753,0.002230746551,618,0.002526811597,3.689620745e-05,2612
MODE(person_1.contaddr_zipcode_807M),categorical,42,VALUE::2134,,,2763,82,2681,0.02967788636,0.001937779657,0.002163182973,-0.1100379246,2.480291308e-05,0.002155088364,854,0.003491742887,0.0006450284094,2134
MODE(person_1.contaddr_zipcode_807M),categorical,43,VALUE::1034,,,2755,96,2659,0.03484573503,0.002266614993,0.002145435434,0.0549449946,6.658210199e-06,0.002148848514,681,0.002784399187,0.0001646711762,1034
MODE(person_1.contaddr_zipcode_807M),categorical,44,VALUE::3354,,,2656,75,2581,0.02823795181,0.001773361989,0.002082512342,-0.1606978476,4.967979626e-05,0.002071630364,515,0.002105676331,5.549765129e-07,3354
MODE(person_1.contaddr_zipcode_807M),categorical,45,VALUE::303,,,2536,107,2429,0.04219242902,0.002524985613,0.001959892982,0.2533454942,0.0001431636719,0.001978032606,1004,0.004105046672,0.001552963588,303
MODE(person_1.contaddr_zipcode_807M),categorical,46,VALUE::356,,,2512,43,2469,0.01711783439,0.001021738365,0.001992161235,-0.6677146414,0.0006479655589,0.001959313055,765,0.003127849307,0.0005465848378,356
MODE(person_1.contaddr_zipcode_807M),categorical,47,VALUE::3243,,,2283,105,2178,0.04599211564,0.002478009137,0.001757409698,0.3436145078,0.0002476084214,0.001780697334,733,0.002997011166,0.0006332257102,3243
MODE(person_1.contaddr_zipcode_807M),categorical,48,VALUE::1295,,,2261,100,2161,0.0442282176,0.002360567946,0.001743695691,0.3028954238,0.000186847783,0.001763537746,956,0.003908789461,0.001707418392,1295
MODE(person_1.contaddr_zipcode_807M),categorical,49,VALUE::2223,,,2258,77,2181,0.03410097431,0.001820338466,0.001759829817,0.03380534424,2.045515684e-06,0.001761197802,251,0.001026261668,0.0003969179832,2223
MODE(person_1.contaddr_zipcode_807M),categorical,50,VALUE::2988,,,2233,60,2173,0.02686968204,0.001421038415,0.001753376167,-0.2101552849,6.984253492e-05,0.001741698269,692,0.002829374798,0.0005277353376,2988
MODE(person_1.contaddr_zipcode_807M),categorical,51,VALUE::1536,,,2157,40,2117,0.01854427446,0.0009512736497,0.001708200613,-0.585394052,0.0004431005423,0.001682419689,395,0.001615033302,2.754585091e-06,1536
MODE(person_1.contaddr_zipcode_807M),categorical,52,VALUE::608,,,2111,103,2008,0.04879204169,0.00243103266,0.001620269625,0.4057235593,0.0003289456643,0.001646540549,1201,0.004910518978,0.003566559623,608
MODE(person_1.contaddr_zipcode_807M),categorical,53,VALUE::2869,,,2000,67,1933,0.0335,0.001585456083,0.001559766652,0.01633588727,4.196596446e-07,0.001559962623,547,0.002236514472,0.0002437323723,2869
MODE(person_1.contaddr_zipcode_807M),categorical,54,VALUE::1061,,,1914,32,1882,0.01671891327,0.0007633677436,0.00151862463,-0.6878204699,0.0005194811467,0.00149288423,378,0.00154552554,1.824233721e-06,1061
MODE(person_1.contaddr_zipcode_807M),categorical,55,VALUE::1600,,,1910,101,1809,0.05287958115,0.002384056184,0.00145973507,0.4905483559,0.000453424203,0.001489764305,663,0.002710802733,0.0007309464235,1600
MODE(person_1.contaddr_zipcode_807M),categorical,56,VALUE::857,,,1803,55,1748,0.03050471436,0.001303597224,0.001410525985,-0.07883513531,8.429743336e-06,0.001406306305,0,0,0.01018667459,857
MODE(person_1.contaddr_zipcode_807M),categorical,57,VALUE::1977,,,1736,92,1644,0.05299539171,0.002172662039,0.001326628528,0.4933123793,0.0004173588044,0.001354047557,804,0.003287308291,0.00171474579,1977
MODE(person_1.contaddr_zipcode_807M),categorical,58,VALUE::8,,,1681,34,1647,0.02022605592,0.0008103442201,0.001329048647,-0.4947595419,0.0002566339647,0.001311148585,77,0.0003148292767,0.001421377322,8
MODE(person_1.contaddr_zipcode_807M),categorical,59,VALUE::3316,,,1680,41,1639,0.0244047619,0.000974761888,0.001322594997,-0.3051577686,0.0001061439753,0.001310368604,913,0.003732975709,0.00253622064,3316
MODE(person_1.contaddr_zipcode_807M),categorical,60,VALUE::1101,,,1630,57,1573,0.03496932515,0.0013505737,0.00126935238,0.06202263174,5.037560021e-06,0.001271369538,50,0.0002044345952,0.001949932305,1101
MODE(person_1.contaddr_zipcode_807M),categorical,61,VALUE::1450,,,1607,80,1527,0.04978220286,0.00189080318,0.00123224389,0.4281648938,0.0002819719686,0.001253429968,800,0.003270953524,0.0019352041,1450
MODE(person_1.contaddr_zipcode_807M),categorical,62,VALUE::2556,,,1565,89,1476,0.05686900958,0.002102197325,0.001191101868,0.5681043245,0.000517597269,0.001220670753,1814,0.007416887115,0.01118019838,2556
MODE(person_1.contaddr_zipcode_807M),categorical,63,VALUE::91,,,1524,47,1477,0.03083989501,0.001115691318,0.001191908574,-0.0660816378,5.036561157e-06,0.001188691519,732,0.002992922474,0.001666021791,91
MODE(person_1.contaddr_zipcode_807M),categorical,64,VALUE::896,,,1505,64,1441,0.04252491694,0.001514991368,0.001162867147,0.2645211072,9.314428877e-05,0.001173871874,473,0.001933951271,0.0003794754319,896
MODE(person_1.contaddr_zipcode_807M),categorical,65,VALUE::97,,,1453,56,1397,0.03854094976,0.001327085462,0.001127372069,0.1630958336,3.257242222e-05,0.001133312846,670,0.002739423576,0.00141755728,97
MODE(person_1.contaddr_zipcode_807M),categorical,66,VALUE::1023,,,1435,25,1410,0.01742160279,0.0005989500757,0.001137859252,-0.6417256778,0.0003458318561,0.001119273182,310,0.00126749449,1.843318424e-05,1023
MODE(person_1.contaddr_zipcode_807M),categorical,67,VALUE::1357,,,1394,65,1329,0.04662840746,0.001538479606,0.00107251604,0.3607873324,0.000168113752,0.001087293948,469,0.001917596503,0.0004710975513,1357
MODE(person_1.contaddr_zipcode_807M),categorical,68,VALUE::3016,,,1342,31,1311,0.02309985097,0.0007398795053,0.001057995327,-0.357643853,0.0001137721681,0.00104673492,121,0.0004947317205,0.0004136796776,3016
MODE(person_1.contaddr_zipcode_807M),categorical,69,VALUE::215,,,1314,25,1289,0.01902587519,0.0005989500757,0.001040247788,-0.5520359727,0.0002436122118,0.001024895444,132,0.0005397073314,0.0003111602899,215
MODE(person_1.contaddr_zipcode_807M),categorical,70,VALUE::3098,,,1301,58,1243,0.04458109147,0.001374061938,0.001003139298,0.3146368914,0.0001167059467,0.001014755686,220,0.0008995122191,1.389266014e-05,3098
MODE(person_1.contaddr_zipcode_807M),categorical,71,VALUE::3185,,,1275,32,1243,0.02509803922,0.0007633677436,0.001003139298,-0.2731497735,6.549354566e-05,0.0009944761724,373,0.00152508208,0.000226880386,3185
MODE(person_1.contaddr_zipcode_807M),categorical,72,VALUE::1384,,,1255,27,1228,0.02151394422,0.0006459265523,0.0009910387029,-0.4280677868,0.0001477313945,0.0009788765461,259,0.001058971203,6.299254195e-06,1384
MODE(person_1.contaddr_zipcode_807M),categorical,73,VALUE::1215,,,1250,41,1209,0.0328,0.000974761888,0.000975711283,-0.0009735023713,9.242383359e-10,0.0009749766396,407,0.001664097605,0.0003684211346,1215
MODE(person_1.contaddr_zipcode_807M),categorical,74,VALUE::1539,,,1248,43,1205,0.03445512821,0.001021738365,0.0009724844578,0.04940664092,2.433470083e-06,0.0009734166769,444,0.001815379206,0.0005247425573,1539
MODE(person_1.contaddr_zipcode_807M),categorical,75,VALUE::15,,,1245,46,1199,0.03694779116,0.001092203079,0.0009676442199,0.1210876308,1.508253717e-05,0.000971076733,380,0.001553702924,0.000273828981,15
MODE(person_1.contaddr_zipcode_807M),categorical,76,VALUE::1762,,,1242,43,1199,0.0346215781,0.001021738365,0.0009676442199,0.05439625626,2.942518951e-06,0.0009687367891,679,0.002776221803,0.001903016517,1762
MODE(person_1.contaddr_zipcode_807M),categorical,77,VALUE::481,,,1222,45,1177,0.03682487725,0.001068714841,0.0009498966811,0.1178589005,1.400377769e-05,0.0009531371628,168,0.00068690024,8.721116228e-05,481
MODE(person_1.contaddr_zipcode_807M),categorical,78,VALUE::2575,,,1217,40,1177,0.03286770748,0.0009512736497,0.0009498966811,0.001448548664,1.99460607e-09,0.0009492372563,554,0.002265135315,0.00114447734,2575
MODE(person_1.contaddr_zipcode_807M),categorical,79,VALUE::203,,,1216,34,1182,0.02796052632,0.0008103442201,0.0009539302126,-0.1631313959,2.342338339e-05,0.000948457275,305,0.001247051031,8.172514814e-05,203
MODE(person_1.contaddr_zipcode_807M),categorical,80,VALUE::1877,,,1211,33,1178,0.02725020644,0.0007868559819,0.0009507033874,-0.1891568831,3.099286454e-05,0.0009445573684,330,0.001349268329,0.0001443204631,1877
MODE(person_1.contaddr_zipcode_807M),categorical,81,VALUE::3250,,,1203,46,1157,0.03823773899,0.001092203079,0.0009337625549,0.1567299271,2.483237184e-05,0.0009383175179,144,0.0005887716343,0.0001629058612,3250
MODE(person_1.contaddr_zipcode_807M),categorical,82,VALUE::975,,,1191,26,1165,0.02183039463,0.000622438314,0.0009402162054,-0.412465325,0.0001310723612,0.0009289577422,117,0.0004783769529,0.00029903435,975
MODE(person_1.contaddr_zipcode_807M),categorical,83,VALUE::1355,,,1176,61,1115,0.0518707483,0.001444526653,0.0008998808898,0.4732745614,0.0002577669848,0.0009172580225,180,0.0007359645429,3.992206922e-05,1355
MODE(person_1.contaddr_zipcode_807M),categorical,84,VALUE::3432,,,1173,46,1127,0.03921568627,0.001092203079,0.0009095613655,0.1829896417,3.342154175e-05,0.0009149180786,416,0.001700895832,0.0004873658017,3432
MODE(person_1.contaddr_zipcode_807M),categorical,85,VALUE::1956,,,1155,44,1111,0.0380952381,0.001045226603,0.0008966540646,0.1533188562,2.277897162e-05,0.000900878415,258,0.001054882511,2.43040598e-05,1956
MODE(person_1.contaddr_zipcode_807M),categorical,86,VALUE::1555,,,1132,51,1081,0.04505300353,0.001209644271,0.0008724528752,0.3267729627,0.0001101850313,0.0008829388448,147,0.00060103771,0.0001084186864,1555
MODE(person_1.contaddr_zipcode_807M),categorical,87,VALUE::1896,,,1115,52,1063,0.0466367713,0.001233132509,0.0008579321616,0.3627879354,0.0001361181593,0.0008696791625,0,0,0.005879328605,1896
MODE(person_1.contaddr_zipcode_807M),categorical,88,VALUE::1201,,,1097,30,1067,0.02734731085,0.0007163912671,0.0008611589869,-0.184052661,2.664488407e-05,0.0008556394989,319,0.001304292718,0.0001891374151,1201
MODE(person_1.contaddr_zipcode_807M),categorical,89,VALUE::1064,,,1093,40,1053,0.03659652333,0.0009512736497,0.0008498650985,0.1127241413,1.143119185e-05,0.0008525195736,516,0.002109765023,0.00113923497,1064
MODE(person_1.contaddr_zipcode_807M),categorical,90,VALUE::2117,,,1092,39,1053,0.03571428571,0.0009277854115,0.0008498650985,0.0877228391,6.835391073e-06,0.0008517395923,441,0.00180311313,0.0007135198112,2117
MODE(person_1.contaddr_zipcode_807M),categorical,91,VALUE::1286,,,1087,42,1045,0.03863845446,0.0009982501262,0.000843411448,0.1685489575,2.609789779e-05,0.0008478396858,221,0.000903600911,3.551779526e-06,1286
MODE(person_1.contaddr_zipcode_807M),categorical,92,VALUE::1657,,,1084,36,1048,0.0332103321,0.0008573206967,0.000845831567,0.01349181069,1.550091626e-07,0.0008454997418,131,0.0005356186395,0.0001414624116,1657
MODE(person_1.contaddr_zipcode_807M),categorical,93,VALUE::2504,,,1069,47,1022,0.04396632367,0.001115691318,0.0008248572029,0.3020192236,8.78374935e-05,0.0008338000222,351,0.001435130859,0.0003265333014,2504
MODE(person_1.contaddr_zipcode_807M),categorical,94,VALUE::1574,,,1065,34,1031,0.03192488263,0.0008103442201,0.0008321175597,-0.02651460803,5.773115641e-07,0.0008306800969,0,0,0.005577312683,1574
MODE(person_1.contaddr_zipcode_807M),categorical,95,VALUE::588,,,1050,34,1016,0.03238095238,0.0008103442201,0.000820016965,-0.01186590859,1.147759068e-07,0.0008189803772,0,0,0.005487061551,588
MODE(person_1.contaddr_zipcode_807M),categorical,96,VALUE::2877,,,1018,26,992,0.02554027505,0.000622438314,0.0008006560136,-0.2517868791,4.487287838e-05,0.0007940209753,65,0.0002657649738,0.0005781748819,2877
MODE(person_1.contaddr_zipcode_807M),categorical,97,VALUE::2806,,,1000,23,977,0.023,0.0005519735992,0.0007885554189,-0.3567024703,8.43893195e-05,0.0007799813116,231,0.00094448783,3.148207991e-05,2806
MODE(person_1.contaddr_zipcode_807M),categorical,98,VALUE::3338,,,997,48,949,0.0481444333,0.001139179556,0.0007659676422,0.3969236681,0.0001481366418,0.0007776413677,632,0.002584053284,0.002169228005,3338
MODE(person_1.contaddr_zipcode_807M),categorical,99,VALUE::2761,,,994,36,958,0.03621730382,0.0008573206967,0.000773227999,0.1032380985,8.681570208e-06,0.0007753014238,110,0.0004497561095,0.0001772745389,2761
MODE(person_1.contaddr_zipcode_807M),categorical,100,VALUE::1865,,,979,29,950,0.02962206333,0.0006929030288,0.0007667743485,-0.1013024981,7.483349227e-06,0.0007636017041,277,0.001132567658,0.0001454450041,1865
MODE(person_1.contaddr_zipcode_807M),categorical,101,__OTHER__,,,272800,9694,263106,0.03553519062,0.2277067259,0.212249674,0.07029522165,0.001086556887,0.2127789018,84541,0.3456621023,0.06447600631,__OTHER__
MODE(person_1.contaddr_zipcode_807M),categorical,102,__UNSEEN__,,,0,0,0,,0,0,0,0,0,123,0.0005029091043,0.003122080134,__UNSEEN__
MODE(person_1.education_927M),categorical,0,__MISSING__,,,0,0,0,,0,0,0,0,0,0,0,0,__MISSING__
MODE(person_1.education_927M),categorical,1,VALUE::5,,,1115716,38017,1077699,0.03407408337,0.8939614833,0.8694203028,0.0278360197,0.0006831287828,0.8702376291,157822,0.6452855338,0.06727718896,5
MODE(person_1.education_927M),categorical,2,VALUE::4,,,99284,3174,96110,0.0319688973,0.07464669504,0.07753591796,-0.03797503624,0.000109718345,0.07743966455,21898,0.08953417533,0.001755170989,4
MODE(person_1.education_927M),categorical,3,VALUE::3,,,63584,1221,62363,0.01920294414,0.02872292896,0.05031095686,-0.5605271613,0.012100676,0.04959433172,16464,0.06731622352,0.005414476083,3
MODE(person_1.education_927M),categorical,4,VALUE::0,,,2122,68,2054,0.03204524034,0.001610741411,0.001657441627,-0.02858064773,1.334722399e-06,0.001655120343,47950,0.1960527768,0.9281535882,0
MODE(person_1.education_927M),categorical,5,VALUE::2,,,1220,38,1182,0.03114754098,0.0009053072166,0.0009539667673,-0.05235448375,2.547545655e-06,0.0009515772002,411,0.001680452373,0.000414509479,2
MODE(person_1.education_927M),categorical,6,VALUE::1,,,156,6,150,0.03846153846,0.0001528440755,0.0001214139522,0.230212488,7.235606891e-06,0.0001216770846,32,0.000130838141,6.650038808e-07,1
MODE(person_1.education_927M),categorical,7,__UNSEEN__,,,0,0,0,,0,0,0,0,0,0,0,0,__UNSEEN__
MODE(person_1.empladdr_district_926M),categorical,0,__MISSING__,,,0,0,0,,0,0,0,0,0,0,0,0,__MISSING__
MODE(person_1.empladdr_district_926M),categorical,1,VALUE::221,,,1178948,39263,1139685,0.03330341966,0.9222304431,0.9193914853,0.003083108444,8.752814796e-06,0.9195574074,243257,0.9946029267,0.005887404549,221
MODE(person_1.empladdr_district_926M),categorical,2,VALUE::110,,,11724,393,11331,0.0335209826,0.009242621757,0.009141192562,0.01103473116,1.1192439e-06,0.009144500898,0,0,0.08339703033,110
MODE(person_1.empladdr_district_926M),categorical,3,VALUE::35,,,11303,396,10907,0.03503494647,0.009313086472,0.008799149086,0.05676553652,2.917393144e-05,0.008816128766,0,0,0.08007961043,35
MODE(person_1.empladdr_district_926M),categorical,4,VALUE::32,,,7157,203,6954,0.0283638396,0.004779856487,0.005610239039,-0.1601828057,0.0001330130071,0.005582326247,110,0.0004497561095,0.0129271755,32
MODE(person_1.empladdr_district_926M),categorical,5,VALUE::180,,,5320,158,5162,0.02969924812,0.003722885765,0.00416462133,-0.1121262435,4.953014954e-05,0.004149500578,70,0.0002862084333,0.01033053178,180
MODE(person_1.empladdr_district_926M),categorical,6,VALUE::116,,,4588,169,4419,0.03683522232,0.003981256386,0.003565238541,0.1103664808,4.591442547e-05,0.003578554258,8,3.270953524e-05,0.01664790949,116
MODE(person_1.empladdr_district_926M),categorical,7,VALUE::53,,,4303,79,4224,0.01835928422,0.001867314942,0.00340793081,-0.6016037675,0.0009268403107,0.003356259584,0,0,0.02723995145,53
MODE(person_1.empladdr_district_926M),categorical,8,VALUE::113,,,3938,82,3856,0.02082275267,0.001937779657,0.003111062888,-0.4734216216,0.0005554576499,0.003071566405,31,0.000126749449,0.009387283254,113
MODE(person_1.empladdr_district_926M),categorical,9,VALUE::68,,,3407,147,3260,0.04314646316,0.003464515144,0.002630265927,0.2754877394,0.000229825431,0.002657396329,43,0.0001758137519,0.006739176459,68
MODE(person_1.empladdr_district_926M),categorical,10,VALUE::125,,,1928,45,1883,0.02334024896,0.001068714841,0.001519431337,-0.3518793007,0.0001585978053,0.001503803969,4,1.635476762e-05,0.006725105461,125
MODE(person_1.empladdr_district_926M),categorical,11,VALUE::9,,,1885,70,1815,0.03713527851,0.001655920798,0.001464575307,0.1227919194,2.349568001e-05,0.001470264772,33,0.0001349268329,0.003189408103,9
MODE(person_1.empladdr_district_926M),categorical,12,VALUE::90,,,1765,57,1708,0.03229461756,0.0013505737,0.001378257732,-0.02029072331,5.617290326e-07,0.001376667015,16,6.541907048e-05,0.003994856953,90
MODE(person_1.empladdr_district_926M),categorical,13,VALUE::16,,,1760,37,1723,0.02102272727,0.0008808089349,0.001390358327,-0.4564760525,0.000232597095,0.001372767109,18,7.359645429e-05,0.003801356341,16
MODE(person_1.empladdr_district_926M),categorical,14,VALUE::171,,,1648,38,1610,0.02305825243,0.0009042971732,0.001299200514,-0.362346327,0.000143091775,0.001285409202,9,3.679822714e-05,0.004436792664,171
MODE(person_1.empladdr_district_926M),categorical,15,VALUE::146,,,1248,51,1197,0.04086538462,0.001209644271,0.0009660308073,0.2248858788,5.478522779e-05,0.0009734166769,33,0.0001349268329,0.001656922657,146
MODE(person_1.empladdr_district_926M),categorical,16,VALUE::48,,,1202,36,1166,0.02995008319,0.0008573206967,0.0009410229117,-0.09315543043,7.797315867e-06,0.0009375375366,5,2.044345952e-05,0.003508429408,48
MODE(person_1.empladdr_district_926M),categorical,17,VALUE::218,,,1187,48,1139,0.04043807919,0.001139179556,0.0009192418413,0.2145143497,4.717979581e-05,0.0009258378169,0,0,0.006317288821,218
MODE(person_1.empladdr_district_926M),categorical,18,VALUE::64,,,1182,45,1137,0.03807106599,0.001068714841,0.0009176284287,0.1524195756,2.302852685e-05,0.0009219379104,15,6.133037857e-05,0.002332420759,64
MODE(person_1.empladdr_district_926M),categorical,19,VALUE::202,,,1103,20,1083,0.01813236627,0.0004815088844,0.0008740662879,-0.5962315344,0.000234055103,0.0008603193867,10,4.088691905e-05,0.0024963957,202
MODE(person_1.empladdr_district_926M),categorical,20,VALUE::66,,,1038,31,1007,0.02986512524,0.0007398795053,0.0008127566082,-0.09394434755,6.846391883e-06,0.0008096206015,8,3.270953524e-05,0.00249302923,66
MODE(person_1.empladdr_district_926M),categorical,21,VALUE::209,,,1037,35,1002,0.0337512054,0.0008338324584,0.0008087230767,0.03057593774,7.677428921e-07,0.0008088406202,13,5.315299476e-05,0.002057304728,209
MODE(person_1.empladdr_district_926M),categorical,22,VALUE::106,,,1009,27,982,0.02675916749,0.0006459265523,0.0007925889505,-0.2046189386,3.000990425e-05,0.0007870011435,56,0.0002289667467,0.0006889787971,106
MODE(person_1.empladdr_district_926M),categorical,23,VALUE::54,,,996,22,974,0.02208835341,0.000528485361,0.0007861353,-0.3971138093,0.0001023163487,0.0007768613864,11,4.497561095e-05,0.002085246191,54
MODE(person_1.empladdr_district_926M),categorical,24,VALUE::195,,,854,17,837,0.01990632319,0.0004110441696,0.0006756165354,-0.4969249823,0.0001314726182,0.0006661040401,5,2.044345952e-05,0.002249341271,195
MODE(person_1.empladdr_district_926M),categorical,25,VALUE::190,,,841,38,803,0.0451843044,0.0009042971732,0.0006481885208,0.3329764566,8.527815156e-05,0.0006559642831,16,6.541907048e-05,0.001361379466,190
MODE(person_1.empladdr_district_926M),categorical,26,VALUE::127,,,825,35,790,0.04242424242,0.0008338324584,0.0006377013388,0.2681624403,5.259499965e-05,0.0006434845821,7,2.862084333e-05,0.00191392499,127
MODE(person_1.empladdr_district_926M),categorical,27,VALUE::220,,,821,22,799,0.02679658952,0.000528485361,0.0006449616956,-0.1991758226,2.319926976e-05,0.0006403646569,11,4.497561095e-05,0.001581304143,220
MODE(person_1.empladdr_district_926M),categorical,28,VALUE::85,,,775,15,760,0.01935483871,0.0003640676931,0.0006135001494,-0.5218406873,0.0001301640045,0.0006044855165,6,2.453215143e-05,0.00185839859,85
MODE(person_1.empladdr_district_926M),categorical,29,VALUE::191,,,700,34,666,0.04857142857,0.0008103442201,0.0005376697562,0.4102145849,0.000111855042,0.0005459869182,6,2.453215143e-05,0.001617871011,191
MODE(person_1.empladdr_district_926M),categorical,30,VALUE::13,,,686,15,671,0.02186588921,0.0003640676931,0.0005417032878,-0.3973785916,7.058858243e-05,0.0005350671798,9,3.679822714e-05,0.001333837406,13
MODE(person_1.empladdr_district_926M),categorical,31,VALUE::99,,,677,21,656,0.03101920236,0.0005049971227,0.0005296026931,-0.04757435817,1.17059422e-06,0.000528047348,9,3.679822714e-05,0.001308558108,99
MODE(person_1.empladdr_district_926M),categorical,32,VALUE::22,,,603,22,581,0.03648424544,0.000528485361,0.0004690997198,0.1191997377,7.07875285e-06,0.0004703287309,8,3.270953524e-05,0.001166590042,22
MODE(person_1.empladdr_district_926M),categorical,33,VALUE::18,,,557,15,542,0.02692998205,0.0003640676931,0.0004376381737,-0.184052661,1.354084272e-05,0.0004344495906,6,2.453215143e-05,0.00117814181,18
MODE(person_1.empladdr_district_926M),categorical,34,VALUE::212,,,540,13,527,0.02407407407,0.0003170912166,0.000425537579,-0.2941637795,3.190099184e-05,0.0004211899083,13,5.315299476e-05,0.0007618030565,212
MODE(person_1.empladdr_district_926M),categorical,35,VALUE::200,,,533,20,513,0.03752345216,0.0004815088844,0.0004142436906,0.1504702572,1.012141101e-05,0.0004157300391,45,0.0001839911357,0.0001889016251,200
MODE(person_1.empladdr_district_926M),categorical,36,VALUE::205,,,479,14,465,0.02922755741,0.0003405794548,0.0003755217877,-0.09766804685,3.412749405e-06,0.0003736110483,11,4.497561095e-05,0.000695752413,205
MODE(person_1.empladdr_district_926M),categorical,37,VALUE::177,,,462,22,440,0.04761904762,0.000528485361,0.00035535413,0.3969002643,6.871583134e-05,0.000360351366,3,1.226607571e-05,0.001176612585,177
MODE(person_1.empladdr_district_926M),categorical,38,VALUE::74,,,438,14,424,0.03196347032,0.0003405794548,0.000342446829,-0.005467955883,1.021071942e-08,0.0003416318145,12,4.906430286e-05,0.0005677570545,74
MODE(person_1.empladdr_district_926M),categorical,39,VALUE::95,,,436,24,412,0.05504587156,0.0005754618375,0.0003327663532,0.5477323122,0.0001329321587,0.0003400718519,0,0,0.001976503033,95
MODE(person_1.empladdr_district_926M),categorical,40,VALUE::60,,,434,20,414,0.04608294931,0.0004815088844,0.0003343797659,0.364647312,5.36502376e-05,0.0003385118893,9,3.679822714e-05,0.0006695356679,60
MODE(person_1.empladdr_district_926M),categorical,41,VALUE::136,,,400,8,392,0.02,0.0001996500252,0.000316632227,-0.4611749733,5.394926378e-05,0.0003119925247,13,5.315299476e-05,0.0004580954371,136
MODE(person_1.empladdr_district_926M),categorical,42,VALUE::19,,,394,12,382,0.03045685279,0.0002936029783,0.0003085651639,-0.04970460852,7.436895784e-07,0.0003073126368,75,0.0003066518929,1.422175672e-09,19
MODE(person_1.empladdr_district_926M),categorical,43,VALUE::57,,,388,18,370,0.04639175258,0.0004345324079,0.0002988846882,0.3742126878,5.076109778e-05,0.0003026327489,5,2.044345952e-05,0.0007604597866,57
MODE(person_1.empladdr_district_926M),categorical,44,VALUE::111,,,379,8,371,0.02110817942,0.0001996500252,0.0002996913945,-0.4061873002,4.063553369e-05,0.0002956129171,7,2.862084333e-05,0.0006234039704,111
MODE(person_1.empladdr_district_926M),categorical,45,VALUE::46,,,357,12,345,0.03361344538,0.0002936029783,0.0002787170304,0.05203140154,7.745367321e-07,0.0002784533283,0,0,0.001561854276,46
MODE(person_1.empladdr_district_926M),categorical,46,VALUE::208,,,351,16,335,0.04558404558,0.0003875559314,0.0002706499673,0.3590338249,4.197319543e-05,0.0002737734404,15,6.133037857e-05,0.0003178202616,208
MODE(person_1.empladdr_district_926M),categorical,47,VALUE::39,,,350,3,347,0.008571428571,8.220883393e-05,0.000280330443,-1.226706296,0.0002430370253,0.0002729934591,0,0,0.00152573312,39
MODE(person_1.empladdr_district_926M),categorical,48,VALUE::10,,,340,22,318,0.06470588235,0.000528485361,0.00025693596,0.7211882346,0.0001958382331,0.000265193646,49,0.0002003459033,1.818427386e-05,10
MODE(person_1.empladdr_district_926M),categorical,49,VALUE::199,,,339,7,332,0.02064896755,0.000176161787,0.0002682298484,-0.4204414391,3.870922823e-05,0.0002644136646,7,2.862084333e-05,0.0005242569365,199
MODE(person_1.empladdr_district_926M),categorical,50,VALUE::29,,,326,12,314,0.03680981595,0.0002936029783,0.0002537091348,0.1460399686,5.826095657e-06,0.0002542739076,1,4.088691905e-06,0.001033311718,29
MODE(person_1.empladdr_district_926M),categorical,51,VALUE::169,,,325,14,311,0.04307692308,0.0003405794548,0.0002512890158,0.3040447116,2.714828578e-05,0.0002534939263,2,8.17738381e-06,0.0008424090565,169
MODE(person_1.empladdr_district_926M),categorical,52,VALUE::55,,,322,12,310,0.03726708075,0.0002936029783,0.0002504823095,0.1588401434,6.84929321e-06,0.0002511539824,36,0.0001471929086,5.554870933e-05,55
MODE(person_1.empladdr_district_926M),categorical,53,VALUE::20,,,316,11,305,0.03481012658,0.00027011474,0.000246448778,0.0916926572,2.169994947e-06,0.0002464740945,4,1.635476762e-05,0.0006242533142,20
MODE(person_1.empladdr_district_926M),categorical,54,VALUE::158,,,299,9,290,0.03010033445,0.0002231382635,0.0002343481833,-0.04901637724,5.494696579e-07,0.0002332144122,0,0,0.001266023281,158
MODE(person_1.empladdr_district_926M),categorical,55,VALUE::47,,,276,10,266,0.03623188406,0.0002466265018,0.0002149872319,0.137296414,4.343958302e-06,0.000215274842,10,4.088691905e-05,0.000289676714,47
MODE(person_1.empladdr_district_926M),categorical,56,VALUE::211,,,275,12,263,0.04363636364,0.0002936029783,0.0002125671129,0.3229706768,2.617220829e-05,0.0002144948607,3,1.226607571e-05,0.000578667233,211
MODE(person_1.empladdr_district_926M),categorical,57,VALUE::67,,,275,7,268,0.02545454545,0.000176161787,0.0002166006445,-0.206652493,8.356790713e-06,0.0002144948607,3,1.226607571e-05,0.000578667233,67
MODE(person_1.empladdr_district_926M),categorical,58,VALUE::77,,,265,12,253,0.04528301887,0.0002936029783,0.0002045000498,0.3616602217,3.222498488e-05,0.0002066950476,1,4.088691905e-06,0.0007948286671,77
MODE(person_1.empladdr_district_926M),categorical,59,VALUE::30,,,254,15,239,0.05905511811,0.0003640676931,0.0001932061615,0.6335820075,0.0001082547922,0.0001981152532,19,7.768514619e-05,0.000112744845,30
MODE(person_1.empladdr_district_926M),categorical,60,VALUE::210,,,253,8,245,0.03162055336,0.0001996500252,0.0001980463993,0.008064616704,1.293262841e-08,0.0001973352718,7,2.862084333e-05,0.0003257485765,210
MODE(person_1.empladdr_district_926M),categorical,61,VALUE::41,,,244,13,231,0.05327868852,0.0003170912166,0.000186752511,0.5294052124,6.900199012e-05,0.00019031544,1,4.088691905e-06,0.0007151959703,41
MODE(person_1.empladdr_district_926M),categorical,62,VALUE::28,,,241,9,232,0.03734439834,0.0002231382635,0.0001875592173,0.173696974,6.179972669e-06,0.0001879754961,3,1.226607571e-05,0.0004795943357,28
MODE(person_1.empladdr_district_926M),categorical,63,VALUE::75,,,241,11,230,0.04564315353,0.00027011474,0.0001859458047,0.3733915734,3.142797121e-05,0.0001879754961,5,2.044345952e-05,0.0003716947202,75
MODE(person_1.empladdr_district_926M),categorical,64,VALUE::23,,,237,6,231,0.0253164557,0.0001526735487,0.000186752511,-0.2014822962,6.866307566e-06,0.0001848555709,17,6.950776238e-05,0.0001128258886,23
MODE(person_1.empladdr_district_926M),categorical,65,VALUE::150,,,231,1,230,0.004329004329,3.52323574e-05,0.0001859458047,-1.663490354,0.0002507103657,0.000180175683,1,4.088691905e-06,0.0006666138076,150
MODE(person_1.empladdr_district_926M),categorical,66,VALUE::151,,,225,8,217,0.03555555556,0.0001996500252,0.0001754586226,0.1291627134,3.124627205e-06,0.0001754957951,1,4.088691905e-06,0.0006443861484,151
MODE(person_1.empladdr_district_926M),categorical,67,VALUE::193,,,218,7,211,0.03211009174,0.000176161787,0.0001706183848,0.0319734225,1.772415415e-07,0.0001700359259,3,1.226607571e-05,0.0004148041301,193
MODE(person_1.empladdr_district_926M),categorical,68,VALUE::213,,,218,9,209,0.04128440367,0.0002231382635,0.0001690049721,0.2778634597,1.504166363e-05,0.0001700359259,4,1.635476762e-05,0.0003598429402,213
MODE(person_1.empladdr_district_926M),categorical,69,VALUE::108,,,216,8,208,0.03703703704,0.0001996500252,0.0001681982658,0.1714225227,5.391539944e-06,0.0001684759633,18,7.359645429e-05,7.857885259e-05,108
MODE(person_1.empladdr_district_926M),categorical,70,VALUE::185,,,209,7,202,0.03349282297,0.000176161787,0.000163358028,0.07545853444,9.661528915e-07,0.0001630160941,1,4.088691905e-06,0.0005857466228,185
MODE(person_1.empladdr_district_926M),categorical,71,VALUE::156,,,204,13,191,0.0637254902,0.0003170912166,0.0001544842585,0.7190972773,0.0001169302208,0.0001591161876,3,1.226607571e-05,0.0003763470694,156
MODE(person_1.empladdr_district_926M),categorical,72,VALUE::145,,,198,8,190,0.0404040404,0.0001996500252,0.0001536775522,0.2617093694,1.203142692e-05,0.0001544362997,0,0,0.0007732854572,145
MODE(person_1.empladdr_district_926M),categorical,73,VALUE::62,,,197,6,191,0.03045685279,0.0001526735487,0.0001544842585,-0.01179023128,2.134868752e-08,0.0001536563184,15,6.133037857e-05,8.479612399e-05,62
MODE(person_1.empladdr_district_926M),categorical,74,VALUE::96,,,192,7,185,0.03645833333,0.000176161787,0.0001496440207,0.1631435389,4.326202241e-06,0.0001497564118,4,1.635476762e-05,0.0002954166872,96
MODE(person_1.empladdr_district_926M),categorical,75,VALUE::215,,,187,10,177,0.05347593583,0.0002466265018,0.0001431903702,0.5437000487,5.623822978e-05,0.0001458565053,2,8.17738381e-06,0.00039668811,215
MODE(person_1.empladdr_district_926M),categorical,76,VALUE::206,,,178,3,175,0.01685393258,8.220883393e-05,0.0001415769576,-0.543580674,3.227136466e-05,0.0001388366735,2,8.17738381e-06,0.0003700174342,206
MODE(person_1.empladdr_district_926M),categorical,77,VALUE::118,,,176,5,171,0.02840909091,0.0001291853105,0.0001383501323,-0.06853977393,6.281548186e-07,0.0001372767109,0,0,0.0006707537904,118
MODE(person_1.empladdr_district_926M),categorical,78,VALUE::50,,,175,1,174,0.005714285714,3.52323574e-05,0.0001407702513,-1.385164233,0.0001461873158,0.0001364967295,2,8.17738381e-06,0.0003612097684,50
MODE(person_1.empladdr_district_926M),categorical,79,VALUE::84,,,168,7,161,0.04166666667,0.000176161787,0.0001302830692,0.3016932783,1.384130077e-05,0.0001310368604,4,1.635476762e-05,0.0002386487569,84
MODE(person_1.empladdr_district_926M),categorical,80,VALUE::164,,,165,6,159,0.03636363636,0.0001526735487,0.0001286696566,0.1710536551,4.105953486e-06,0.0001286969164,0,0,0.0006202826834,164
MODE(person_1.empladdr_district_926M),categorical,81,VALUE::31,,,164,5,159,0.03048780488,0.0001291853105,0.0001286696566,0.003999570456,2.06239397e-09,0.0001279169351,2,8.17738381e-06,0.0003292848242,31
MODE(person_1.empladdr_district_926M),categorical,82,VALUE::102,,,157,3,154,0.01910828025,8.220883393e-05,0.000124636125,-0.4161357274,1.765551165e-05,0.0001224570659,0,0,0.0005839364824,102
MODE(person_1.empladdr_district_926M),categorical,83,VALUE::137,,,157,7,150,0.04458598726,0.000176161787,0.0001214092998,0.3722353368,2.038081051e-05,0.0001224570659,0,0,0.0005839364824,137
MODE(person_1.empladdr_district_926M),categorical,84,VALUE::159,,,155,6,149,0.03870967742,0.0001526735487,0.0001206025935,0.2358011845,7.562369234e-06,0.0001208971033,3,1.226607571e-05,0.0002485589169,159
MODE(person_1.empladdr_district_926M),categorical,85,VALUE::109,,,153,5,148,0.03267973856,0.0001291853105,0.0001197958872,0.07545853444,7.085121204e-07,0.0001193371407,1,4.088691905e-06,0.0003888168623,109
MODE(person_1.empladdr_district_926M),categorical,86,VALUE::12,,,153,8,145,0.0522875817,0.0001996500252,0.0001173757682,0.5311854773,4.370289048e-05,0.0001193371407,6,2.453215143e-05,0.0001499784632,12
MODE(person_1.empladdr_district_926M),categorical,87,VALUE::216,,,153,5,148,0.03267973856,0.0001291853105,0.0001197958872,0.07545853444,7.085121204e-07,0.0001193371407,1,4.088691905e-06,0.0003888168623,216
MODE(person_1.empladdr_district_926M),categorical,88,VALUE::170,,,152,7,145,0.04605263158,0.000176161787,0.0001173757682,0.4060223344,2.386843656e-05,0.0001185571594,0,0,0.0005613818948,170
MODE(person_1.empladdr_district_926M),categorical,89,VALUE::207,,,151,3,148,0.01986754967,8.220883393e-05,0.0001197958872,-0.3765265893,1.415252496e-05,0.0001177771781,3,1.226607571e-05,0.0002386615911,207
MODE(person_1.empladdr_district_926M),categorical,90,VALUE::38,,,149,1,148,0.006711409396,3.52323574e-05,0.0001197958872,-1.22382445,0.0001034909153,0.0001162172154,0,0,0.000547910973,38
MODE(person_1.empladdr_district_926M),categorical,91,VALUE::134,,,148,5,143,0.03378378378,0.0001291853105,0.0001157623556,0.1097084575,1.47261167e-06,0.0001154372341,3,1.226607571e-05,0.0002312983445,134
MODE(person_1.empladdr_district_926M),categorical,92,VALUE::73,,,148,6,142,0.04054054054,0.0001526735487,0.0001149556493,0.2837555776,1.070266434e-05,0.0001154372341,2,8.17738381e-06,0.000283954867,73
MODE(person_1.empladdr_district_926M),categorical,93,VALUE::79,,,147,5,142,0.03401360544,0.0001291853105,0.0001149556493,0.116701493,1.660622701e-06,0.0001146572528,2,8.17738381e-06,0.0002811680797,79
MODE(person_1.empladdr_district_926M),categorical,94,VALUE::59,,,144,3,141,0.02083333333,8.220883393e-05,0.000114148943,-0.3282413481,1.048406446e-05,0.0001123173089,1,4.088691905e-06,0.0003585725436,59
MODE(person_1.empladdr_district_926M),categorical,95,VALUE::147,,,142,4,138,0.02816901408,0.0001056970722,0.0001117288241,-0.05549752841,3.347473207e-07,0.0001107573463,1,4.088691905e-06,0.0003519123333,147
MODE(person_1.empladdr_district_926M),categorical,96,VALUE::100,,,140,4,136,0.02857142857,0.0001056970722,0.0001101154114,-0.04095181741,1.809390221e-07,0.0001091973836,7,2.862084333e-05,0.0001078937491,100
MODE(person_1.empladdr_district_926M),categorical,97,VALUE::103,,,139,1,138,0.007194244604,3.52323574e-05,0.0001117288241,-1.154109817,8.828532315e-05,0.0001084174023,6,2.453215143e-05,0.0001246538229,103
MODE(person_1.empladdr_district_926M),categorical,98,VALUE::72,,,138,3,135,0.02173913043,8.220883393e-05,0.0001093087051,-0.2849132714,7.721112958e-06,0.000107637421,3,1.226607571e-05,0.00020713998,72
MODE(person_1.empladdr_district_926M),categorical,99,VALUE::143,,,136,5,131,0.03676470588,0.0001291853105,0.0001060818799,0.1970366411,4.552222357e-06,0.0001060774584,0,0,0.0004900990835,143
MODE(person_1.empladdr_district_926M),categorical,100,VALUE::78,,,136,1,135,0.007352941176,3.52323574e-05,0.0001093087051,-1.132211132,8.38700655e-05,0.0001060774584,1,4.088691905e-06,0.0003320697608,78
MODE(person_1.empladdr_district_926M),categorical,101,__OTHER__,,,8179,251,7928,0.03068834821,0.005907291924,0.006395970986,-0.07948075165,3.88405792e-05,0.006379467148,266,0.001087592047,0.009361953896,__OTHER__
MODE(person_1.empladdr_district_926M),categorical,102,__UNSEEN__,,,0,0,0,,0,0,0,0,0,0,0,0,__UNSEEN__
MODE(person_1.empladdr_zipcode_114M),categorical,0,__MISSING__,,,0,0,0,,0,0,0,0,0,0,0,0,__MISSING__
MODE(person_1.empladdr_zipcode_114M),categorical,1,VALUE::2093,,,1178934,39262,1139672,0.03330296692,0.9222069549,0.9193809981,0.003069045893,8.67299097e-06,0.9195464877,243257,0.9946029267,0.005889152514,2093
MODE(person_1.empladdr_zipcode_114M),categorical,2,VALUE::287,,,12345,434,11911,0.03515593358,0.01020563953,0.009609082222,0.06023174614,3.593168808e-05,0.009628869292,105,0.00042931265,0.02861370891,287
MODE(person_1.empladdr_zipcode_114M),categorical,3,VALUE::839,,,11913,421,11492,0.03533954503,0.009900292429,0.009271072278,0.0656652502,4.131789862e-05,0.009291917366,67,0.0002739423576,0.03177918603,839
MODE(person_1.empladdr_zipcode_114M),categorical,4,VALUE::1443,,,7140,202,6938,0.02829131653,0.004756368249,0.005597331738,-0.1628056048,0.0001369135696,0.005569066565,110,0.0004497561095,0.01288160459,1443
MODE(person_1.empladdr_zipcode_114M),categorical,5,VALUE::2522,,,4957,142,4815,0.02864635868,0.003347073953,0.00388469424,-0.1489577609,8.00827142e-05,0.003866367362,37,0.0001512816005,0.01204032426,2522
MODE(person_1.empladdr_zipcode_114M),categorical,6,VALUE::1145,,,4376,79,4297,0.01805301645,0.001867314942,0.003466820371,-0.6187363152,0.0009896720953,0.00341319822,57,0.0002330554386,0.008535912401,1145
MODE(person_1.empladdr_zipcode_114M),categorical,7,VALUE::989,,,4374,160,4214,0.03657978967,0.003769862241,0.003399863747,0.1033031036,3.822199277e-05,0.003411638257,8,3.270953524e-05,0.01570283209,989
MODE(person_1.empladdr_zipcode_114M),categorical,8,VALUE::2498,,,3900,80,3820,0.02051282051,0.00189080318,0.003082021461,-0.4885839982,0.0005820101902,0.003041927115,28,0.0001144833733,0.009601479493,2498
MODE(person_1.empladdr_zipcode_114M),categorical,9,VALUE::2417,,,3390,146,3244,0.04306784661,0.003441026906,0.002617358626,0.2736042948,0.0002253591789,0.002644136646,43,0.0001758137519,0.006690820359,2417
MODE(person_1.empladdr_zipcode_114M),categorical,10,VALUE::1018,,,1929,45,1884,0.0233281493,0.001068714841,0.001520238043,-0.3524100863,0.0001591213305,0.00150458395,4,1.635476762e-05,0.006729403642,1018
MODE(person_1.empladdr_zipcode_114M),categorical,11,VALUE::314,,,1879,70,1809,0.03725385844,0.001655920798,0.00145973507,0.1261022673,2.473946511e-05,0.001465584885,32,0.000130838141,0.003224813117,314
MODE(person_1.empladdr_zipcode_114M),categorical,12,VALUE::2170,,,1765,57,1708,0.03229461756,0.0013505737,0.001378257732,-0.02029072331,5.617290326e-07,0.001376667015,18,7.359645429e-05,0.003816464073,2170
MODE(person_1.empladdr_zipcode_114M),categorical,13,VALUE::445,,,1738,36,1702,0.02071346375,0.0008573206967,0.001373417494,-0.471245377,0.00024320823,0.00135560752,13,5.315299476e-05,0.00421842949,445
MODE(person_1.empladdr_zipcode_114M),categorical,14,VALUE::1122,,,1612,38,1574,0.02357320099,0.0009042971732,0.001270159087,-0.3397393988,0.0001242977065,0.001257329874,8,3.270953524e-05,0.004468736327,1122
MODE(person_1.empladdr_zipcode_114M),categorical,15,VALUE::2251,,,1188,48,1140,0.0404040404,0.001139179556,0.0009200485476,0.2136371567,4.681452554e-05,0.0009266177982,43,0.0001758137519,0.001247923399,2251
MODE(person_1.empladdr_zipcode_114M),categorical,16,VALUE::1914,,,1131,44,1087,0.03890362511,0.001045226603,0.0008772931131,0.1751478267,2.941318574e-05,0.0008821588635,15,6.133037857e-05,0.00218840825,1914
MODE(person_1.empladdr_zipcode_114M),categorical,17,VALUE::622,,,1082,51,1031,0.0471349353,0.001209644271,0.0008321175597,0.3741078756,0.0001412357158,0.0008439397792,23,9.403991381e-05,0.001645551643,622
MODE(person_1.empladdr_zipcode_114M),categorical,18,VALUE::1207,,,1046,20,1026,0.01912045889,0.0004815088844,0.0008280840281,-0.5421899499,0.0001879095598,0.000815860452,7,2.862084333e-05,0.002637337778,1207
MODE(person_1.empladdr_zipcode_114M),categorical,19,VALUE::773,,,1038,33,1005,0.03179190751,0.0007868559819,0.0008111431956,-0.03039936994,7.383159955e-07,0.0008096206015,8,3.270953524e-05,0.00249302923,773
MODE(person_1.empladdr_zipcode_114M),categorical,20,VALUE::1675,,,943,21,922,0.02226935313,0.0005049971227,0.0007441865718,-0.3877390403,9.274308746e-05,0.0007355223769,11,4.497561095e-05,0.00192970573,1675
MODE(person_1.empladdr_zipcode_114M),categorical,21,VALUE::2089,,,892,23,869,0.02578475336,0.0005519735992,0.0007014311373,-0.2396225122,3.581339075e-05,0.00069574333,49,0.0002003459033,0.0006167378055,2089
MODE(person_1.empladdr_zipcode_114M),categorical,22,VALUE::486,,,846,28,818,0.03309692671,0.0006694147905,0.0006602891155,0.01372609091,1.252598456e-07,0.0006598641897,0,0,0.004277368747,486
MODE(person_1.empladdr_zipcode_114M),categorical,23,VALUE::122,,,775,15,760,0.01935483871,0.0003640676931,0.0006135001494,-0.5218406873,0.0001301640045,0.0006044855165,6,2.453215143e-05,0.00185839859,122
MODE(person_1.empladdr_zipcode_114M),categorical,24,VALUE::1094,,,764,20,744,0.02617801047,0.0004815088844,0.0006005928485,-0.2209925655,2.631667073e-05,0.0005959057221,0,0,0.003801496626,1094
MODE(person_1.empladdr_zipcode_114M),categorical,25,VALUE::1341,,,754,22,732,0.02917771883,0.000528485361,0.0005909123727,-0.1116526312,6.970140126e-06,0.000588105909,10,4.088691905e-05,0.001458938833,1341
MODE(person_1.empladdr_zipcode_114M),categorical,26,VALUE::2562,,,679,15,664,0.02209131075,0.0003640676931,0.0005360563436,-0.3868994538,6.654231493e-05,0.0005296073106,8,3.270953524e-05,0.001383596539,2562
MODE(person_1.empladdr_zipcode_114M),categorical,27,VALUE::2019,,,634,13,621,0.02050473186,0.0003170912166,0.0005013679722,-0.4581508251,8.442654764e-05,0.0004945081516,5,2.044345952e-05,0.001510323002,2019
MODE(person_1.empladdr_zipcode_114M),categorical,28,VALUE::1454,,,547,26,521,0.04753199269,0.000622438314,0.0004206973411,0.391730859,7.90281646e-05,0.0004266497775,3,1.226607571e-05,0.001470700013,1454
MODE(person_1.empladdr_zipcode_114M),categorical,29,VALUE::1570,,,544,25,519,0.04595588235,0.0005989500757,0.0004190839285,0.3571070421,6.423146781e-05,0.0004243098335,6,2.453215143e-05,0.001139558034,1570
MODE(person_1.empladdr_zipcode_114M),categorical,30,VALUE::775,,,464,14,450,0.03017241379,0.0003405794548,0.0003634211931,-0.06491402718,1.482749216e-06,0.0003619113286,4,1.635476762e-05,0.001070147127,775
MODE(person_1.empladdr_zipcode_114M),categorical,31,VALUE::1921,,,445,11,434,0.02471910112,0.00027011474,0.0003505138921,-0.2605535089,2.094828118e-05,0.0003470916837,12,4.906430286e-05,0.0005830778216,1921
MODE(person_1.empladdr_zipcode_114M),categorical,32,VALUE::2466,,,401,14,387,0.0349127182,0.0003405794548,0.0003125986955,0.08572820108,2.398740165e-06,0.000312772506,7,2.862084333e-05,0.0006795034836,2466
MODE(person_1.empladdr_zipcode_114M),categorical,33,VALUE::659,,,346,17,329,0.04913294798,0.0004110441696,0.0002658097294,0.4359199274,6.331058663e-05,0.0002698735338,0,0,0.001505141528,659
MODE(person_1.empladdr_zipcode_114M),categorical,34,VALUE::2245,,,314,6,308,0.01910828025,0.0001526735487,0.0002488688969,-0.488624266,4.70033814e-05,0.0002449141319,0,0,0.001341749118,2245
MODE(person_1.empladdr_zipcode_114M),categorical,35,VALUE::7,,,305,1,304,0.003278688525,3.52323574e-05,0.0002456420717,-1.941910579,0.00040859685,0.0002378943001,0,0,0.001296244499,7
MODE(person_1.empladdr_zipcode_114M),categorical,36,VALUE::974,,,296,8,288,0.02702702703,0.0001996500252,0.0002327347707,-0.153333522,5.073000544e-06,0.0002308744682,9,3.679822714e-05,0.0003564063576,974
MODE(person_1.empladdr_zipcode_114M),categorical,37,VALUE::1143,,,291,10,281,0.03436426117,0.0002466265018,0.0002270878265,0.08253821003,1.612687282e-06,0.0002269745617,0,0,0.001225875378,1143
MODE(person_1.empladdr_zipcode_114M),categorical,38,VALUE::1799,,,288,11,277,0.03819444444,0.00027011474,0.0002238610013,0.1878215026,8.687446717e-06,0.0002246346178,32,0.000130838141,5.069832454e-05,1799
MODE(person_1.empladdr_zipcode_114M),categorical,39,VALUE::1433,,,284,4,280,0.01408450704,0.0001056970722,0.0002262811202,-0.7612009277,9.178868922e-05,0.0002215146925,11,4.497561095e-05,0.0002814683604,1433
MODE(person_1.empladdr_zipcode_114M),categorical,40,VALUE::2176,,,279,8,271,0.02867383513,0.0001996500252,0.0002190207634,-0.09260057544,1.7937415e-06,0.0002176147859,3,1.226607571e-05,0.000590560114,2176
MODE(person_1.empladdr_zipcode_114M),categorical,41,VALUE::1437,,,245,6,239,0.02448979592,0.0001526735487,0.0001932061615,-0.2354558395,9.54364036e-06,0.0001910954214,0,0,0.0009985280761,1437
MODE(person_1.empladdr_zipcode_114M),categorical,42,VALUE::2578,,,216,12,204,0.05555555556,0.0002936029783,0.0001649714406,0.5764560693,7.415043062e-05,0.0001684759633,5,2.044345952e-05,0.0003122198073,2578
MODE(person_1.empladdr_zipcode_114M),categorical,43,VALUE::2041,,,203,4,199,0.0197044335,0.0001056970722,0.000160937909,-0.4204414391,2.322553694e-05,0.0001583362063,5,2.044345952e-05,0.000282274403,2041
MODE(person_1.empladdr_zipcode_114M),categorical,44,VALUE::278,,,200,4,196,0.02,0.0001056970722,0.0001585177901,-0.4052896341,2.140768943e-05,0.0001559962623,3,1.226607571e-05,0.0003655050981,278
MODE(person_1.empladdr_zipcode_114M),categorical,45,VALUE::1085,,,190,11,179,0.05789473684,0.00027011474,0.0001448037828,0.6234672279,7.812727513e-05,0.0001481964492,0,0,0.0007357671557,1085
MODE(person_1.empladdr_zipcode_114M),categorical,46,VALUE::1190,,,189,5,184,0.02645502646,0.0001291853105,0.0001488373144,-0.1416059708,2.782841091e-06,0.0001474164679,8,3.270953524e-05,0.0001727021915,1190
MODE(person_1.empladdr_zipcode_114M),categorical,47,VALUE::457,,,175,7,168,0.04,0.000176161787,0.0001359300134,0.2592626712,1.043059709e-05,0.0001364967295,7,2.862084333e-05,0.0001685199785,457
MODE(person_1.empladdr_zipcode_114M),categorical,48,VALUE::1637,,,172,8,164,0.04651162791,0.0001996500252,0.0001327031881,0.4084509937,2.734450214e-05,0.0001341567856,0,0,0.0006523363121,1637
MODE(person_1.empladdr_zipcode_114M),categorical,49,VALUE::1555,,,167,6,161,0.03592814371,0.0001526735487,0.0001302830692,0.1585924347,3.550960659e-06,0.000130256879,0,0,0.0006294174703,1555
MODE(person_1.empladdr_zipcode_114M),categorical,50,VALUE::1592,,,165,5,160,0.0303030303,0.0001291853105,0.0001294763629,-0.002250449889,6.54998941e-10,0.0001286969164,5,2.044345952e-05,0.0001991644016,1592
MODE(person_1.empladdr_zipcode_114M),categorical,51,VALUE::1991,,,165,4,161,0.02424242424,0.0001056970722,0.0001302830692,-0.2091323454,5.141727222e-06,0.0001286969164,12,4.906430286e-05,7.679199193e-05,1991
MODE(person_1.empladdr_zipcode_114M),categorical,52,VALUE::1877,,,162,10,152,0.06172839506,0.0002466265018,0.0001230227124,0.6955060616,8.596718474e-05,0.0001263569725,0,0,0.0006066163065,1877
MODE(person_1.empladdr_zipcode_114M),categorical,53,VALUE::1010,,,153,5,148,0.03267973856,0.0001291853105,0.0001197958872,0.07545853444,7.085121204e-07,0.0001193371407,1,4.088691905e-06,0.0003888168623,1010
MODE(person_1.empladdr_zipcode_114M),categorical,54,VALUE::66,,,153,4,149,0.02614379085,0.0001056970722,0.0001206025935,-0.1319235956,1.966389963e-06,0.0001193371407,2,8.17738381e-06,0.0002979726578,66
MODE(person_1.empladdr_zipcode_114M),categorical,55,VALUE::1129,,,150,3,147,0.02,8.220883393e-05,0.0001189891809,-0.3697698068,1.360026178e-05,0.0001169971967,0,0,0.0005523960476,1129
MODE(person_1.empladdr_zipcode_114M),categorical,56,VALUE::267,,,149,4,145,0.02684563758,0.0001056970722,0.0001173757682,-0.1048032894,1.223965761e-06,0.0001162172154,2,8.17738381e-06,0.0002867472979,267
MODE(person_1.empladdr_zipcode_114M),categorical,57,VALUE::632,,,147,5,142,0.03401360544,0.0001291853105,0.0001149556493,0.116701493,1.660622701e-06,0.0001146572528,0,0,0.0005389566994,632
MODE(person_1.empladdr_zipcode_114M),categorical,58,VALUE::2408,,,145,5,140,0.03448275862,0.0001291853105,0.0001133422367,0.1308360039,2.072844462e-06,0.0001130972902,1,4.088691905e-06,0.0003619110897,2408
MODE(person_1.empladdr_zipcode_114M),categorical,59,VALUE::1041,,,143,5,138,0.03496503497,0.0001291853105,0.0001117288241,0.1451731671,2.534213416e-06,0.0001115373276,1,4.088691905e-06,0.0003552396113,1041
MODE(person_1.empladdr_zipcode_114M),categorical,60,VALUE::1301,,,140,4,136,0.02857142857,0.0001056970722,0.0001101154114,-0.04095181741,1.809390221e-07,0.0001091973836,0,0,0.0005077873196,1301
MODE(person_1.empladdr_zipcode_114M),categorical,61,VALUE::2127,,,138,10,128,0.07246376812,0.0002466265018,0.000103661761,0.8667417533,0.0001239135101,0.000107637421,3,1.226607571e-05,0.00020713998,2127
MODE(person_1.empladdr_zipcode_114M),categorical,62,VALUE::2364,,,133,4,129,0.03007518797,0.0001056970722,0.0001044684673,0.01169191608,1.436474572e-08,0.0001037375144,7,2.862084333e-05,9.67298834e-05,2364
MODE(person_1.empladdr_zipcode_114M),categorical,63,VALUE::1763,,,130,7,123,0.05384615385,0.000176161787,9.96282294e-05,0.5699572649,4.362085716e-05,0.0001013975705,0,0,0.0004637413109,1763
MODE(person_1.empladdr_zipcode_114M),categorical,64,VALUE::1441,,,129,1,128,0.007751937984,3.52323574e-05,0.000103661761,-1.079168396,7.384684966e-05,0.0001006175892,0,0,0.0004593692873,1441
MODE(person_1.empladdr_zipcode_114M),categorical,65,VALUE::12,,,128,1,127,0.0078125,3.52323574e-05,0.0001028550546,-1.071355856,7.244797269e-05,9.983760789e-05,2,8.17738381e-06,0.0002293497079,12
MODE(person_1.empladdr_zipcode_114M),categorical,66,VALUE::1022,,,127,5,122,0.03937007874,0.0001291853105,9.882152309e-05,0.2679324627,8.135444327e-06,9.905762658e-05,4,1.635476762e-05,0.000148962927,1022
MODE(person_1.empladdr_zipcode_114M),categorical,67,VALUE::1110,,,124,4,120,0.03225806452,0.0001056970722,9.720811046e-05,0.08372304429,7.107217186e-07,9.671768264e-05,0,0,0.0004376017422,1110
MODE(person_1.empladdr_zipcode_114M),categorical,68,VALUE::2035,,,121,6,115,0.04958677686,0.0001526735487,9.317457891e-05,0.4938270474,2.938220058e-05,9.437773871e-05,32,0.000130838141,1.191000068e-05,2035
MODE(person_1.empladdr_zipcode_114M),categorical,69,VALUE::128,,,115,6,109,0.05217391304,0.0001526735487,8.833434104e-05,0.5471730281,3.520467909e-05,8.969785084e-05,0,0,0.0003988251684,128
MODE(person_1.empladdr_zipcode_114M),categorical,70,VALUE::1384,,,115,6,109,0.05217391304,0.0001526735487,8.833434104e-05,0.5471730281,3.520467909e-05,8.969785084e-05,1,4.088691905e-06,0.0002643800639,1384
MODE(person_1.empladdr_zipcode_114M),categorical,71,VALUE::2553,,,112,5,107,0.04464285714,0.0001291853105,8.672092842e-05,0.3985526451,1.692429178e-05,8.73579069e-05,3,1.226607571e-05,0.0001474184937,2553
MODE(person_1.empladdr_zipcode_114M),categorical,72,VALUE::2154,,,111,6,105,0.05405405405,0.0001526735487,8.51075158e-05,0.5843866244,3.94846859e-05,8.657792559e-05,0,0,0.000381766967,2154
MODE(person_1.empladdr_zipcode_114M),categorical,73,VALUE::1034,,,110,3,107,0.02727272727,8.220883393e-05,8.672092842e-05,-0.05343247863,2.410923927e-07,8.579794428e-05,1,4.088691905e-06,0.0002487041675,1034
MODE(person_1.empladdr_zipcode_114M),categorical,74,VALUE::1155,,,108,4,104,0.03703703704,0.0001056970722,8.430080949e-05,0.2261857258,4.839529209e-06,8.423798166e-05,2,8.17738381e-06,0.0001773941271,1155
MODE(person_1.empladdr_zipcode_114M),categorical,75,VALUE::1084,,,107,3,104,0.02803738318,8.220883393e-05,8.430080949e-05,-0.02512870247,5.256863149e-08,8.345800035e-05,0,0,0.0003648225191,1084
MODE(person_1.empladdr_zipcode_114M),categorical,76,VALUE::798,,,107,3,104,0.02803738318,8.220883393e-05,8.430080949e-05,-0.02512870247,5.256863149e-08,8.345800035e-05,0,0,0.0003648225191,798
MODE(person_1.empladdr_zipcode_114M),categorical,77,VALUE::1535,,,105,1,104,0.009523809524,3.52323574e-05,8.430080949e-05,-0.8724265629,4.2808621e-05,8.189803772e-05,1,4.088691905e-06,0.0002332140571,1535
MODE(person_1.empladdr_zipcode_114M),categorical,78,VALUE::2219,,,105,1,104,0.009523809524,3.52323574e-05,8.430080949e-05,-0.8724265629,4.2808621e-05,8.189803772e-05,1,4.088691905e-06,0.0002332140571,2219
MODE(person_1.empladdr_zipcode_114M),categorical,79,VALUE::726,,,102,2,100,0.01960784314,5.872059566e-05,8.107398425e-05,-0.3225715952,7.210568213e-06,7.955809379e-05,0,0,0.000343808515,726
MODE(person_1.empladdr_zipcode_114M),categorical,80,VALUE::795,,,100,1,99,0.01,3.52323574e-05,8.026727793e-05,-0.8233971356,3.708162457e-05,7.799813116e-05,0,0,0.0003354565928,795
MODE(person_1.empladdr_zipcode_114M),categorical,81,VALUE::216,,,99,4,95,0.0404040404,0.0001056970722,7.704045269e-05,0.3162465497,9.062557044e-06,7.721814985e-05,0,0,0.000331292442,216
MODE(person_1.empladdr_zipcode_114M),categorical,82,VALUE::2301,,,98,6,92,0.0612244898,0.0001526735487,7.462033376e-05,0.7158889328,5.587743276e-05,7.643816854e-05,5,2.044345952e-05,7.384689489e-05,2301
MODE(person_1.empladdr_zipcode_114M),categorical,83,VALUE::2493,,,95,2,93,0.02105263158,5.872059566e-05,7.542704007e-05,-0.250375304,4.182881097e-06,7.409822461e-05,4,1.635476762e-05,8.724297929e-05,2493
MODE(person_1.empladdr_zipcode_114M),categorical,84,VALUE::1522,,,93,6,87,0.06451612903,0.0001526735487,7.05868022e-05,0.771458784,6.332654165e-05,7.253826198e-05,0,0,0.0003064780822,1522
MODE(person_1.empladdr_zipcode_114M),categorical,85,VALUE::1608,,,93,6,87,0.06451612903,0.0001526735487,7.05868022e-05,0.771458784,6.332654165e-05,7.253826198e-05,0,0,0.0003064780822,1608
MODE(person_1.empladdr_zipcode_114M),categorical,86,VALUE::1378,,,92,1,91,0.01086956522,3.52323574e-05,7.381362745e-05,-0.7395784637,2.853387643e-05,7.175828067e-05,2,8.17738381e-06,0.00013809332,1378
MODE(person_1.empladdr_zipcode_114M),categorical,87,VALUE::1429,,,90,2,88,0.02222222222,5.872059566e-05,7.139350851e-05,-0.1954164197,2.476495257e-06,7.019831805e-05,0,0,0.0002941844946,1429
MODE(person_1.empladdr_zipcode_114M),categorical,88,VALUE::1609,,,90,1,89,0.01111111111,3.52323574e-05,7.220021483e-05,-0.7174781167,2.652362873e-05,7.019831805e-05,0,0,0.0002941844946,1609
MODE(person_1.empladdr_zipcode_114M),categorical,89,VALUE::2226,,,89,1,88,0.01123595506,3.52323574e-05,7.139350851e-05,-0.7062420435,2.553852526e-05,6.941833674e-05,0,0,0.0002901040824,2226
MODE(person_1.empladdr_zipcode_114M),categorical,90,VALUE::1140,,,85,1,84,0.01176470588,3.52323574e-05,6.816668327e-05,-0.6599910258,2.173635952e-05,6.629841149e-05,2,8.17738381e-06,0.0001216353186,1140
MODE(person_1.empladdr_zipcode_114M),categorical,91,VALUE::1656,,,84,5,79,0.05952380952,0.0001291853105,6.413315172e-05,0.700286471,4.555514668e-05,6.551843018e-05,0,0,0.0002698374616,1656
MODE(person_1.empladdr_zipcode_114M),categorical,92,VALUE::583,,,82,4,78,0.0487804878,0.0001056970722,6.332644541e-05,0.5122741724,2.170537777e-05,6.395846756e-05,4,1.635476762e-05,6.491785471e-05,583
MODE(person_1.empladdr_zipcode_114M),categorical,93,VALUE::1613,,,80,1,79,0.0125,3.52323574e-05,6.413315172e-05,-0.5989965131,1.731147502e-05,6.239850493e-05,1,4.088691905e-06,0.0001589126795,1613
MODE(person_1.empladdr_zipcode_114M),categorical,94,VALUE::2169,,,80,2,78,0.025,5.872059566e-05,6.332644541e-05,-0.07551249247,3.477991941e-07,6.239850493e-05,0,0,0.0002537932569,2169
MODE(person_1.empladdr_zipcode_114M),categorical,95,VALUE::43,,,80,3,77,0.0375,8.220883393e-05,6.25197391e-05,0.2737804326,5.3904889e-06,6.239850493e-05,0,0,0.0002537932569,43
MODE(person_1.empladdr_zipcode_114M),categorical,96,VALUE::2065,,,78,4,74,0.05128205128,0.0001056970722,6.009962016e-05,0.5645736718,2.574312092e-05,6.083854231e-05,1,4.088691905e-06,0.0001532245062,2065
MODE(person_1.empladdr_zipcode_114M),categorical,97,VALUE::2298,,,76,4,72,0.05263157895,0.0001056970722,5.848620754e-05,0.5917862354,2.793873986e-05,5.927857969e-05,0,0,0.0002379076166,2298
MODE(person_1.empladdr_zipcode_114M),categorical,98,VALUE::970,,,76,0,76,0,1.174411913e-05,6.171303278e-05,-1.659142521,8.290554937e-05,5.927857969e-05,0,0,0.0002379076166,970
MODE(person_1.empladdr_zipcode_114M),categorical,99,VALUE::894,,,74,6,68,0.08108108108,0.0001526735487,5.52593823e-05,1.016263832,9.899849407e-05,5.771861706e-05,0,0,0.0002300268762,894
MODE(person_1.empladdr_zipcode_114M),categorical,100,VALUE::442,,,73,3,70,0.04109589041,8.220883393e-05,5.687279492e-05,0.3684456591,9.334953592e-06,5.693863575e-05,0,0,0.0002261025181,442
MODE(person_1.empladdr_zipcode_114M),categorical,101,__OTHER__,,,17791,586,17205,0.03293800236,0.01377585174,0.01387978543,-0.007516310593,7.811978952e-07,0.01387664752,368,0.001504638621,0.02748633099,__OTHER__
MODE(person_1.empladdr_zipcode_114M),categorical,102,__UNSEEN__,,,0,0,0,,0,0,0,0,0,22,8.995122191e-05,0.0004002153458,__UNSEEN__
MODE(person_1.incometype_1044T),categorical,0,__MISSING__,,,0,0,0,,0,0,0,0,0,0,0,0,__MISSING__
MODE(person_1.incometype_1044T),categorical,1,VALUE::1,,,444777,17701,427076,0.03979747154,0.4162267656,0.3445380931,0.189025562,0.01355099161,0.3469177479,45785,0.1872007589,0.09853038417,1
MODE(person_1.incometype_1044T),categorical,2,VALUE::6,,,301508,8695,292813,0.02883837245,0.2044628896,0.2362232643,-0.1443909028,0.00458590917,0.2351706053,72138,0.2949500566,0.01353973557,6
MODE(person_1.incometype_1044T),categorical,3,VALUE::8,,,253742,10020,243722,0.0394889297,0.2356184676,0.1966197751,0.180942046,0.007056503209,0.197914018,44416,0.1816033396,0.001402846011,8
MODE(person_1.incometype_1044T),categorical,4,VALUE::0,,,235889,4735,231154,0.02007300044,0.1113488602,0.186480714,-0.5156596661,0.03874246664,0.1839890116,75139,0.307220221,0.0631792592,0
MODE(person_1.incometype_1044T),categorical,5,VALUE::5,,,25027,808,24219,0.03228513206,0.01901078101,0.01953874855,-0.02739335944,1.446280473e-05,0.01952059229,4172,0.01705802263,0.0003320757818,5
MODE(person_1.incometype_1044T),categorical,6,VALUE::3,,,9514,160,9354,0.01681732184,0.003773939829,0.007546614229,-0.692979513,0.002614386069,0.007420742199,1922,0.007858465841,2.508695866e-05,3
MODE(person_1.incometype_1044T),categorical,7,VALUE::7,,,6837,239,6598,0.03495685242,0.005631517688,0.00532324913,0.05629512173,1.735401599e-05,0.005332732228,534,0.002183361477,0.002812381998,7
MODE(person_1.incometype_1044T),categorical,8,VALUE::2,,,4787,166,4621,0.03467725089,0.003915021691,0.003728331569,0.04886003706,9.121686315e-06,0.003733770539,471,0.001925773887,0.001197057742,2
MODE(person_1.incometype_1044T),categorical,9,VALUE::4,,,1,0,1,0,1.17568219e-05,1.210104372e-06,2.273727046,2.398035688e-05,7.799813116e-07,0,0,0,4
MODE(person_1.incometype_1044T),categorical,10,__UNSEEN__,,,0,0,0,,0,0,0,0,0,0,0,0,__UNSEEN__
MODE(person_1.language1_981M),categorical,0,__MISSING__,,,0,0,0,,0,0,0,0,0,0,0,0,__MISSING__
MODE(person_1.language1_981M),categorical,1,VALUE::0,,,464423,16146,448277,0.03476572004,0.3796898332,0.3616425835,0.04869830517,0.0008788704706,0.3622412607,95108,0.3888673097,0.001888525036,0
MODE(person_1.language1_981M),categorical,2,VALUE::2,,,461162,17194,443968,0.03728407805,0.4043338703,0.3581663486,0.1212434088,0.005597507702,0.3596977416,78558,0.3211994587,0.004358073989,2
MODE(person_1.language1_981M),categorical,3,VALUE::1,,,356497,9184,347313,0.02576178762,0.2159762966,0.2801910679,-0.2603030921,0.01671530353,0.2780609977,70911,0.2899332317,0.0004963799458,1
MODE(person_1.language1_981M),categorical,4,__UNSEEN__,,,0,0,0,,0,0,0,0,0,0,0,0,__UNSEEN__
MODE(person_1.role_1084L),categorical,0,__MISSING__,,,0,0,0,,0,0,0,0,0,0,0,0,__MISSING__
MODE(person_1.role_1084L),categorical,1,VALUE::0,,,1102332,35292,1067040,0.03201576295,0.8299138164,0.8608223324,-0.03656627315,0.00113020924,0.8597983592,229637,0.9389149429,0.006964395258,0
MODE(person_1.role_1084L),categorical,2,VALUE::2,,,171498,6859,164639,0.03999463551,0.1613032181,0.1328209739,0.1942837752,0.005533637922,0.133765235,14708,0.06013648054,0.05886395315,2
MODE(person_1.role_1084L),categorical,3,VALUE::1,,,8252,373,7879,0.04520116335,0.008782965515,0.006356693648,0.3233057331,0.0007844276045,0.006436405784,232,0.0009485765219,0.01050789293,1
MODE(person_1.role_1084L),categorical,4,__UNSEEN__,,,0,0,0,,0,0,0,0,0,0,0,0,__UNSEEN__
MODE(person_1.sex_738L),categorical,0,__MISSING__,,,0,0,0,,0,0,0,0,0,0,0,0,__MISSING__
MODE(person_1.sex_738L),categorical,1,VALUE::0,,,796069,22403,773666,0.02814203291,0.5268312757,0.6241465715,-0.1695048936,0.01649541886,0.6209189428,156707,0.6407266423,0.0006220085998,0
MODE(person_1.sex_738L),categorical,2,VALUE::1,,,486013,20121,465892,0.04140012716,0.4731687243,0.3758534285,0.2302527862,0.02240711799,0.3790810572,87870,0.3592733577,0.001063010161,1
MODE(person_1.sex_738L),categorical,3,__UNSEEN__,,,0,0,0,,0,0,0,0,0,0,0,0,__UNSEEN__
MODE(person_1.type_25L),categorical,0,__MISSING__,,,0,0,0,,0,0,0,0,0,0,0,0,__MISSING__
MODE(person_1.type_25L),categorical,1,VALUE::4,,,800625,26332,774293,0.03288930523,0.6192021445,0.6246516406,-0.00876233369,4.775030324e-05,0.6244725376,144573,0.5911144548,0.001831281764,4
MODE(person_1.type_25L),categorical,2,VALUE::1,,,428646,15071,413575,0.03515954891,0.354402549,0.3336468853,0.06035020698,0.001252608599,0.3343358693,91757,0.3751661031,0.004704573253,1
MODE(person_1.type_25L),categorical,3,VALUE::5,,,50786,1060,49726,0.02087189383,0.02493739198,0.04011623475,-0.4754127459,0.00721621532,0.03961213089,8157,0.03335145987,0.001077047412,5
MODE(person_1.type_25L),categorical,4,VALUE::0,,,1978,59,1919,0.0298281092,0.001399127603,0.001548532726,-0.1014589526,1.515848731e-05,0.001542803034,60,0.0002453215143,0.002385791555,0
MODE(person_1.type_25L),categorical,5,VALUE::2,,,47,2,45,0.04255319149,5.878687407e-05,3.670655849e-05,0.4709631552,1.039901509e-05,3.665912165e-05,29,0.0001185720652,9.615421644e-05,2
MODE(person_1.type_25L),categorical,6,__UNSEEN__,,,0,0,0,,0,0,0,0,0,1,4.088691905e-06,4.349573439e-06,__UNSEEN__
COUNT(credit_bureau_a_1),numeric,0,__MISSING__,,,0,0,0,,0,0,0,0,0,0,0,0,__MISSING__
COUNT(credit_bureau_a_1),numeric,1,BIN_00,-inf,0,131243,4266,126977,0.03250459072,0.1003256793,0.1024375172,-0.02083133715,4.399240702e-05,0.1023670873,9143,0.03738291009,0.0654619147,BIN_00
COUNT(credit_bureau_a_1),numeric,2,BIN_01,0,9,530286,20923,509363,0.0394560671,0.4920108638,0.4109226617,0.1800957714,0.01460364231,0.4136131698,141770,0.5796538513,0.05603872216,BIN_01
COUNT(credit_bureau_a_1),numeric,3,BIN_02,9,11,369092,10741,358351,0.02910114551,0.2525836831,0.2890956109,-0.1350148549,0.004929652632,0.2878848623,25910,0.1059380073,0.1818934592,BIN_02
COUNT(credit_bureau_a_1),numeric,4,BIN_03,11,15,130046,3331,126715,0.0256140135,0.07833938838,0.1022261519,-0.2661370138,0.00635715192,0.1014334497,32844,0.1342889969,0.009218979276,BIN_03
COUNT(credit_bureau_a_1),numeric,5,BIN_04,15,inf,121415,3263,118152,0.02687476836,0.07674038541,0.0953180583,-0.2167911746,0.004027475527,0.09470143095,34910,0.1427362344,0.01970720527,BIN_04
MAX(credit_bureau_a_1.dpdmax_139P),numeric,0,__MISSING__,,,0,0,0,,0,0,0,0,0,0,0,0,__MISSING__
MAX(credit_bureau_a_1.dpdmax_139P),numeric,1,BIN_00,-inf,-9999,223919,7665,216254,0.03423112822,0.1802523133,0.1744606254,0.03265853618,0.000189148049,0.1746526353,39247,0.1604688912,0.00120134839,BIN_00
MAX(credit_bureau_a_1.dpdmax_139P),numeric,2,BIN_01,-9999,0,716690,15488,701202,0.02161045919,0.3642081996,0.5656863864,-0.440314156,0.08871369779,0.5590048062,134570,0.5502152696,0.000139300708,BIN_01
MAX(credit_bureau_a_1.dpdmax_139P),numeric,3,BIN_02,0,2,86276,2922,83354,0.03386805137,0.06872185578,0.06724520505,0.02172156668,3.207516729e-05,0.06729366764,17723,0.07246388663,0.0003827108883,BIN_02
MAX(credit_bureau_a_1.dpdmax_139P),numeric,4,BIN_03,2,16,130722,6149,124573,0.047038754,0.1446039528,0.1004981201,0.3638596238,0.0160483317,0.101960717,29041,0.1187397016,0.002556212931,BIN_03
MAX(credit_bureau_a_1.dpdmax_139P),numeric,5,BIN_04,16,inf,124475,10300,114175,0.08274753967,0.2422136785,0.09210966306,0.9668404487,0.1451266337,0.09708817377,23996,0.09811225095,1.074530134e-05,BIN_04
MAX(credit_bureau_a_1.dpdmax_757P),numeric,0,__MISSING__,,,0,0,0,,0,0,0,0,0,0,0,0,__MISSING__
MAX(credit_bureau_a_1.dpdmax_757P),numeric,1,BIN_00,-inf,-9999,491407,15500,475907,0.03154208223,0.3644818059,0.3839321405,-0.05198918462,0.001011207038,0.3832882764,22663,0.09266202464,0.4126394805,BIN_00
MAX(credit_bureau_a_1.dpdmax_757P),numeric,2,BIN_01,-9999,0,246767,4244,242523,0.01719840984,0.09980600788,0.1956526562,-0.6731125442,0.0645155813,0.1924736483,59762,0.2443484056,0.0123791766,BIN_01
MAX(credit_bureau_a_1.dpdmax_757P),numeric,3,BIN_02,0,1,46756,777,45979,0.01661818804,0.01828228793,0.03709335922,-0.7075052384,0.01330893148,0.03646880621,12276,0.05019278182,0.004383629361,BIN_02
MAX(credit_bureau_a_1.dpdmax_757P),numeric,4,BIN_03,1,10,113512,2296,111216,0.02022693636,0.05400035271,0.08972245427,-0.5077304858,0.01813719998,0.08853723865,30938,0.1264959502,0.01354317684,BIN_03
MAX(credit_bureau_a_1.dpdmax_757P),numeric,5,BIN_04,10,28,127822,3522,124300,0.0275539422,0.08282875786,0.1002777999,-0.1911690147,0.003335716165,0.09969877122,39265,0.1605424876,0.02898626751,BIN_04
MAX(credit_bureau_a_1.dpdmax_757P),numeric,6,BIN_05,28,393,127652,7458,120194,0.05842446652,0.1753806361,0.09696533815,0.5926050992,0.04646930539,0.09956617439,37827,0.1546629487,0.02426603716,BIN_05
MAX(credit_bureau_a_1.dpdmax_757P),numeric,7,BIN_06,393,inf,128166,8727,119439,0.06809138149,0.2052201517,0.09635625179,0.7560310345,0.08230448685,0.09996708479,41846,0.1710954014,0.03822295788,BIN_06
MAX(credit_bureau_a_1.instlamount_768A),numeric,0,__MISSING__,,,0,0,0,,0,0,0,0,0,0,0,0,__MISSING__
MAX(credit_bureau_a_1.instlamount_768A),numeric,1,BIN_00,-inf,-9999,507611,18112,489499,0.03568086586,0.4259058951,0.3948974677,0.07559226245,0.002343997178,0.3959270936,99309,0.4060439044,0.000255259331,BIN_00
MAX(credit_bureau_a_1.instlamount_768A),numeric,2,BIN_01,-9999,0,273086,5972,267114,0.02186856888,0.1404401909,0.2154912102,-0.4281384099,0.03213222405,0.2130019765,55060,0.2251233763,0.0006708848854,BIN_01
MAX(credit_bureau_a_1.instlamount_768A),numeric,3,BIN_02,0,2179.8,116763,3884,112879,0.03326396204,0.09134197098,0.09106409447,0.003046792679,8.46632139e-07,0.09107295789,19160,0.0783393369,0.001917824113,BIN_02
MAX(credit_bureau_a_1.instlamount_768A),numeric,4,BIN_03,2179.8,4682.6123,128206,4678,123528,0.03648815188,0.1100124627,0.09965503916,0.09887904238,0.001024132118,0.09999828404,21456,0.08772697351,0.001606604256,BIN_03
MAX(credit_bureau_a_1.instlamount_768A),numeric,5,BIN_04,4682.6123,9013.2,128213,4820,123393,0.03759369175,0.1133515179,0.09954612964,0.1298726166,0.001792941891,0.1000037439,24508,0.1002056612,4.072796362e-07,BIN_04
MAX(credit_bureau_a_1.instlamount_768A),numeric,6,BIN_05,9013.2,inf,128203,5058,123145,0.03945305492,0.1189479625,0.09934605881,0.1800768089,0.00352984826,0.0999959441,25084,0.1025607477,6.495533929e-05,BIN_05
MAX(credit_bureau_a_1.nominalrate_281L),numeric,0,__MISSING__,,,0,0,0,,0,0,0,0,0,0,0,0,__MISSING__
MAX(credit_bureau_a_1.nominalrate_281L),numeric,1,BIN_00,-inf,-9999,700157,21998,678159,0.03141866753,0.5172831378,0.5470965124,-0.05603484647,0.00167058787,0.5461093752,122360,0.5002923415,0.004014793918,BIN_00
MAX(credit_bureau_a_1.nominalrate_281L),numeric,2,BIN_01,-9999,0.12,90162,2902,87260,0.03218650873,0.06825075834,0.07039629353,-0.03095206777,6.640875044e-05,0.07032467502,18754,0.07667932798,0.0005497373481,BIN_01
MAX(credit_bureau_a_1.nominalrate_281L),numeric,3,BIN_02,0.12,37,109002,3008,105994,0.02759582393,0.0707432925,0.08550970868,-0.189572195,0.002799301928,0.08501952293,20878,0.08536370959,1.390566591e-06,BIN_02
MAX(credit_bureau_a_1.nominalrate_281L),numeric,4,BIN_03,37,42,189535,6218,183317,0.03280660564,0.1462247513,0.147889051,-0.01131750676,1.88357232e-05,0.1478337579,49158,0.2009919167,0.01632892687,BIN_03
MAX(credit_bureau_a_1.nominalrate_281L),numeric,5,BIN_04,42,45,179713,6992,172721,0.03890647866,0.1644249536,0.1393408634,0.1655310707,0.004152196298,0.1401727815,31021,0.1268353116,0.001333564655,BIN_04
MAX(credit_bureau_a_1.nominalrate_281L),numeric,6,BIN_05,45,inf,13513,1406,12107,0.1040479538,0.0330731065,0.009767570938,1.219652649,0.02842465818,0.01053988746,2406,0.009837392723,4.845538776e-05,BIN_05
MAX(credit_bureau_a_1.nominalrate_498L),numeric,0,__MISSING__,,,0,0,0,,0,0,0,0,0,0,0,0,__MISSING__
MAX(credit_bureau_a_1.nominalrate_498L),numeric,1,BIN_00,-inf,-9999,685153,21848,663305,0.03188776813,0.5137620072,0.5351134535,-0.04071864981,0.0008694020648,0.5344065356,59956,0.2451416118,0.2254301721,BIN_00
MAX(credit_bureau_a_1.nominalrate_498L),numeric,2,BIN_01,-9999,16.8,84173,2510,81663,0.02981953833,0.05903377894,0.06588101186,-0.1097404599,0.0007514184895,0.06565336695,18847,0.07705957633,0.001827160174,BIN_01
MAX(credit_bureau_a_1.nominalrate_498L),numeric,3,BIN_02,16.8,42.5,135011,3888,131123,0.02879765352,0.09143710392,0.105782251,-0.1457313988,0.002090538356,0.1053060569,40305,0.1647947272,0.02664079247,BIN_02
MAX(credit_bureau_a_1.nominalrate_498L),numeric,4,BIN_03,42.5,45,338026,11460,326566,0.03390271754,0.2694907881,0.2634534579,0.02265748629,0.0001367907262,0.2636539629,109168,0.4463543179,0.0961872744,BIN_03
MAX(credit_bureau_a_1.nominalrate_498L),numeric,5,BIN_04,45,inf,39719,2818,36901,0.0709484126,0.06627632182,0.02976982568,0.8003373772,0.02921751338,0.03098007772,16301,0.06664976674,0.0273268057,BIN_04
MAX(credit_bureau_a_1.numberofcontrsvalue_358L),numeric,0,__MISSING__,,,0,0,0,,0,0,0,0,0,0,0,0,__MISSING__
MAX(credit_bureau_a_1.numberofcontrsvalue_358L),numeric,1,BIN_00,-inf,-9999,274605,9784,264821,0.03562935853,0.2300692477,0.2136411032,0.07408282114,0.001217043288,0.2141867681,22467,0.09186064103,0.1035583297,BIN_00
MAX(credit_bureau_a_1.numberofcontrsvalue_358L),numeric,2,BIN_01,-9999,1,148378,5972,142406,0.04024855437,0.1404352375,0.1148844855,0.2008192906,0.005131083908,0.1157320671,23254,0.09507844155,0.004059996787,BIN_01
MAX(credit_bureau_a_1.numberofcontrsvalue_358L),numeric,3,BIN_02,1,2,130023,5072,124951,0.03900848311,0.1192729581,0.1008029043,0.168247465,0.003107539745,0.1014155101,23048,0.09423617102,0.0005271210727,BIN_02
MAX(credit_bureau_a_1.numberofcontrsvalue_358L),numeric,4,BIN_03,2,3,114043,4284,109759,0.0375647782,0.1007442068,0.08854696718,0.1290515849,0.001574073108,0.08895140872,22113,0.09041324409,2.382866325e-05,BIN_03
MAX(credit_bureau_a_1.numberofcontrsvalue_358L),numeric,5,BIN_04,3,5,182601,5897,176704,0.03229445622,0.1386717143,0.1425539253,-0.02761097925,0.0001071916478,0.1424253675,39204,0.1602930774,0.002111708666,BIN_04
MAX(credit_bureau_a_1.numberofcontrsvalue_358L),numeric,6,BIN_05,5,6,71259,2174,69085,0.03050842701,0.05113041843,0.05573377704,-0.08620678055,0.0003968407257,0.05558068829,16383,0.06698503948,0.002128433922,BIN_05
MAX(credit_bureau_a_1.numberofcontrsvalue_358L),numeric,7,BIN_06,6,8,111391,3084,108307,0.02768625832,0.07252783428,0.08737558614,-0.1862454997,0.002765326966,0.08688289829,27050,0.110599116,0.005723930051,BIN_06
MAX(credit_bureau_a_1.numberofcontrsvalue_358L),numeric,8,BIN_07,8,12,132124,3252,128872,0.02461324211,0.07647812643,0.1039661171,-0.3070602778,0.008440470042,0.1030542508,35185,0.1438606247,0.01361257336,BIN_07
MAX(credit_bureau_a_1.numberofcontrsvalue_358L),numeric,9,BIN_08,12,inf,117658,3005,114653,0.02554012477,0.07067025642,0.09249513437,-0.2691312587,0.005873756875,0.09177104117,35873,0.1466736447,0.02574455675,BIN_08
MAX(credit_bureau_a_1.numberofinstls_320L),numeric,0,__MISSING__,,,0,0,0,,0,0,0,0,0,0,0,0,__MISSING__
MAX(credit_bureau_a_1.numberofinstls_320L),numeric,1,BIN_00,-inf,-9999,542374,17524,524850,0.03230980836,0.41207454,0.4234162645,-0.02715151677,0.000307945024,0.4230415839,94171,0.3850362054,0.00357756454,BIN_00
MAX(credit_bureau_a_1.numberofinstls_320L),numeric,2,BIN_01,-9999,12,190907,7790,183117,0.04080520882,0.1831873494,0.147727644,0.2151390609,0.007628767709,0.1489038923,34218,0.1399068596,0.0005607325648,BIN_01
MAX(credit_bureau_a_1.numberofinstls_320L),numeric,3,BIN_02,12,16,43185,1052,42133,0.02436031029,0.02474869202,0.03399064911,-0.3173128206,0.002932591472,0.03368349294,6899,0.02820788545,0.0009714074239,BIN_02
MAX(credit_bureau_a_1.numberofinstls_320L),numeric,4,BIN_03,16,24,141826,5626,136200,0.03966832598,0.1323026277,0.1098779689,0.185721556,0.004164742518,0.1106216295,30337,0.1240386463,0.001535947156,BIN_03
MAX(credit_bureau_a_1.numberofinstls_320L),numeric,5,BIN_04,24,36,117474,3846,113628,0.0327391593,0.09044735759,0.09166830367,-0.01340866966,1.637126264e-05,0.0916275246,26099,0.10671077,0.002298541458,BIN_04
MAX(credit_bureau_a_1.numberofinstls_320L),numeric,6,BIN_05,36,59,118927,3573,115354,0.03004364022,0.08402798189,0.09306073156,-0.1021024464,0.000922265838,0.09276083745,26225,0.1072259452,0.002096192358,BIN_05
MAX(credit_bureau_a_1.numberofinstls_320L),numeric,7,BIN_06,59,inf,127389,3113,124276,0.02443696081,0.07321145141,0.1002584382,-0.3143993851,0.008503556002,0.09936103931,26628,0.108873688,0.0008697253666,BIN_06
MAX(credit_bureau_a_1.outstandingamount_354A),numeric,0,__MISSING__,,,0,0,0,,0,0,0,0,0,0,0,0,__MISSING__
MAX(credit_bureau_a_1.outstandingamount_354A),numeric,1,BIN_00,-inf,-9999,518505,16854,501651,0.03250499031,0.3963386674,0.4047014282,-0.02088051449,0.0001746187485,0.40442421,27380,0.1119483844,0.3756636837,BIN_00
MAX(credit_bureau_a_1.outstandingamount_354A),numeric,2,BIN_01,-9999,0,762493,25636,736857,0.03362129226,0.6028500547,0.5944510933,0.01403005275,0.000117837871,0.5947302903,216893,0.8868086533,0.1166915058,BIN_01
MAX(credit_bureau_a_1.outstandingamount_354A),numeric,3,BIN_02,0,inf,1084,34,1050,0.03136531365,0.0008112779391,0.0008474784793,-0.0436547387,1.58032512e-06,0.0008454997418,304,0.001242962339,0.0001531522473,BIN_02
MAX(credit_bureau_a_1.overdueamount_31A),numeric,0,__MISSING__,,,0,0,0,,0,0,0,0,0,0,0,0,__MISSING__
MAX(credit_bureau_a_1.overdueamount_31A),numeric,1,BIN_00,-inf,-9999,490174,15452,474722,0.03152349982,0.3633702132,0.3829767752,-0.05255216269,0.001030367239,0.3823265595,22476,0.09189743925,0.4140363191,BIN_00
MAX(credit_bureau_a_1.overdueamount_31A),numeric,2,BIN_01,-9999,0,790795,26987,763808,0.03412641709,0.6346192285,0.6161934945,0.02946415009,0.0005428985897,0.6168053213,221789,0.9068268889,0.1117737672,BIN_01
MAX(credit_bureau_a_1.overdueamount_31A),numeric,3,BIN_02,0,inf,1113,85,1028,0.07637017071,0.002010558371,0.0008297302388,0.8850671244,0.001045112159,0.0008681191999,312,0.001275671874,0.0001568667174,BIN_02
MAX(credit_bureau_a_1.overdueamountmax2_398A),numeric,0,__MISSING__,,,0,0,0,,0,0,0,0,0,0,0,0,__MISSING__
MAX(credit_bureau_a_1.overdueamountmax2_398A),numeric,1,BIN_00,-inf,-9999,490120,15449,474671,0.03152085204,0.3632825819,0.3829350137,-0.05268430395,0.001035374693,0.3822844405,22470,0.0918729071,0.4140567885,BIN_00
MAX(credit_bureau_a_1.overdueamountmax2_398A),numeric,2,BIN_01,-9999,0,236921,4068,232853,0.01717028039,0.09566750926,0.1878515104,-0.6747730778,0.06220328217,0.1847939523,57142,0.2336360328,0.01145459397,BIN_01
MAX(credit_bureau_a_1.overdueamountmax2_398A),numeric,3,BIN_02,0,213,42209,656,41553,0.01554170911,0.01543707013,0.03352274171,-0.7754522973,0.01402457558,0.03292223118,12648,0.05171377521,0.00848581107,BIN_02
MAX(credit_bureau_a_1.overdueamountmax2_398A),numeric,4,BIN_03,213,3374,128211,3576,124635,0.02789152257,0.08409852448,0.1005480567,-0.1786467674,0.002938655758,0.1000021839,34956,0.1429243142,0.01532848825,BIN_03
MAX(credit_bureau_a_1.overdueamountmax2_398A),numeric,5,BIN_04,3374,7566.91398,128204,4284,123920,0.03341549406,0.1007465757,0.09997123983,0.007725669689,5.989989182e-06,0.09999672408,38532,0.1575454765,0.02616032367,BIN_04
MAX(credit_bureau_a_1.overdueamountmax2_398A),numeric,6,BIN_05,7566.91398,26084.5601,128208,6384,121824,0.04979408461,0.1501263888,0.09828031929,0.4236537349,0.02196478099,0.099999844,37460,0.1531623988,0.02266480059,BIN_05
MAX(credit_bureau_a_1.overdueamountmax2_398A),numeric,7,BIN_06,26084.5601,inf,128209,8107,120102,0.06323269037,0.1906413497,0.09689111835,0.6768060559,0.06345072433,0.100000624,41369,0.1691450954,0.03634098403,BIN_06
MAX(credit_bureau_a_1.residualamount_488A),numeric,0,__MISSING__,,,0,0,0,,0,0,0,0,0,0,0,0,__MISSING__
MAX(credit_bureau_a_1.residualamount_488A),numeric,1,BIN_00,-inf,-9999,901372,29771,871601,0.03302853872,0.7000858309,0.7031542254,-0.004373306441,1.341902942e-05,0.7030533148,138225,0.5651594385,0.0301056591,BIN_00
MAX(credit_bureau_a_1.residualamount_488A),numeric,2,BIN_01,-9999,0,380701,12753,367948,0.03349872997,0.2999024115,0.2968381106,0.01027021856,3.147103956e-05,0.2969396653,106350,0.4348323841,0.05259664886,BIN_01
MAX(credit_bureau_a_1.residualamount_488A),numeric,3,BIN_02,0,inf,9,0,9,0,1.175765129e-05,7.664012901e-06,0.4279684784,1.751948193e-06,7.019831805e-06,2,8.17738381e-06,1.766806507e-07,BIN_02
MAX_MIN_DELTA(credit_bureau_a_1.dpdmax_757P),numeric,0,__MISSING__,,,0,0,0,,0,0,0,0,0,0,0,0,__MISSING__
MAX_MIN_DELTA(credit_bureau_a_1.dpdmax_757P),numeric,1,BIN_00,-inf,0,783234,22940,760294,0.02928882045,0.5394401138,0.6133581217,-0.1284172015,0.009492343713,0.6109078826,91454,0.3739272295,0.1163302427,BIN_00
MAX_MIN_DELTA(credit_bureau_a_1.dpdmax_757P),numeric,2,BIN_01,0,7,124359,2083,122276,0.01674989345,0.04899298085,0.09864504395,-0.6998509526,0.03474904366,0.09699769594,33873,0.1384962609,0.01477996718,BIN_01
MAX_MIN_DELTA(credit_bureau_a_1.dpdmax_757P),numeric,3,BIN_02,7,24,119197,2846,116351,0.02387643984,0.06693473481,0.09386512397,-0.3381408631,0.009106265034,0.0929714324,37658,0.1539719598,0.0307734386,BIN_02
MAX_MIN_DELTA(credit_bureau_a_1.dpdmax_757P),numeric,4,BIN_03,24,282,127115,6361,120754,0.05004130118,0.1495890798,0.0974171894,0.4288893889,0.02237597017,0.09914732443,38629,0.1579420796,0.02737610276,BIN_03
MAX_MIN_DELTA(credit_bureau_a_1.dpdmax_757P),numeric,5,BIN_04,282,inf,128177,8294,119883,0.0647073968,0.1950430908,0.09671452099,0.7014569559,0.06897325924,0.09997566458,42963,0.1756624703,0.0426599272,BIN_04
MAX_MIN_DELTA(credit_bureau_a_1.dpdmaxdatemonth_442T),numeric,0,__MISSING__,,,0,0,0,,0,0,0,0,0,0,0,0,__MISSING__
MAX_MIN_DELTA(credit_bureau_a_1.dpdmaxdatemonth_442T),numeric,1,BIN_00,-inf,0,619042,20897,598145,0.03375699872,0.4913937028,0.4825462402,0.01816889452,0.0001607486159,0.4828411911,48380,0.1978109144,0.2543542371,BIN_00
MAX_MIN_DELTA(credit_bureau_a_1.dpdmaxdatemonth_442T),numeric,2,BIN_01,0,2,43487,1821,41666,0.04187458321,0.04283161286,0.03361391654,0.2423362842,0.002233782274,0.0339190473,10213,0.04175781042,0.001629755563,BIN_01
MAX_MIN_DELTA(credit_bureau_a_1.dpdmaxdatemonth_442T),numeric,3,BIN_02,2,6,151823,5833,145990,0.03841973877,0.1371716792,0.1177759707,0.1524490075,0.002956856508,0.1184191027,38911,0.1590950907,0.0120104815,BIN_02
MAX_MIN_DELTA(credit_bureau_a_1.dpdmaxdatemonth_442T),numeric,4,BIN_03,6,8,130238,4299,125939,0.03300879928,0.1011004773,0.1016000826,-0.004929500717,2.462804517e-06,0.1015832061,37513,0.1533790994,0.02134169005,BIN_03
MAX_MIN_DELTA(credit_bureau_a_1.dpdmaxdatemonth_442T),numeric,5,BIN_04,8,9,91768,2761,89007,0.03008674048,0.06493521763,0.07180566346,-0.1005732302,0.0006909829298,0.07157732501,27992,0.1144506638,0.02012326663,BIN_04
MAX_MIN_DELTA(credit_bureau_a_1.dpdmaxdatemonth_442T),numeric,6,BIN_05,9,11,245724,6913,238811,0.02813319008,0.1625673102,0.1926581265,-0.1698251206,0.00511017652,0.1916601278,81568,0.3335064213,0.0785741207,BIN_05
MAX_MIN_DELTA(credit_bureau_a_1.dpdmaxdatemonth_442T),numeric,7,BIN_06,11,inf,0,0,0,,0,0,0,0,0,0,0,0,BIN_06
MAX_MIN_DELTA(credit_bureau_a_1.dpdmaxdateyear_596T),numeric,0,__MISSING__,,,0,0,0,,0,0,0,0,0,0,0,0,__MISSING__
MAX_MIN_DELTA(credit_bureau_a_1.dpdmaxdateyear_596T),numeric,1,BIN_00,-inf,0,809942,29188,780754,0.03603714834,0.6863683394,0.629864226,0.08591013958,0.004854276265,0.6317396235,142788,0.5838161397,0.003780741969,BIN_00
MAX_MIN_DELTA(credit_bureau_a_1.dpdmaxdateyear_596T),numeric,2,BIN_01,0,1,323543,9815,313728,0.03033599862,0.2308117387,0.2530966633,-0.09216909,0.002053981224,0.2523574935,60402,0.2469651684,0.0001164709814,BIN_01
MAX_MIN_DELTA(credit_bureau_a_1.dpdmaxdateyear_596T),numeric,3,BIN_02,1,2,148541,3521,145020,0.0237038932,0.08280816442,0.11699353,-0.3455919732,0.01181418793,0.115859204,41378,0.1691818936,0.02018790281,BIN_02
MAX_MIN_DELTA(credit_bureau_a_1.dpdmaxdateyear_596T),numeric,4,BIN_03,2,inf,56,0,56,0,1.175751305e-05,4.558068992e-05,-1.354991715,4.583012445e-05,4.367895345e-05,9,3.679822714e-05,1.179471419e-06,BIN_03
MIN(credit_bureau_a_1.monthlyinstlamount_674A),numeric,0,__MISSING__,,,0,0,0,,0,0,0,0,0,0,0,0,__MISSING__
MIN(credit_bureau_a_1.monthlyinstlamount_674A),numeric,1,BIN_00,-inf,-9999,494445,15540,478905,0.03142917817,0.3654352631,0.3863512053,-0.05565766915,0.001164132587,0.3856578596,23066,0.09430976748,0.4103247004,BIN_00
MIN(credit_bureau_a_1.monthlyinstlamount_674A),numeric,2,BIN_01,-9999,0,594664,18620,576044,0.0313117996,0.4378615435,0.4647169157,-0.05952568699,0.001598584477,0.4638268067,168482,0.6888709895,0.08901460376,BIN_01
MIN(credit_bureau_a_1.monthlyinstlamount_674A),numeric,3,BIN_02,0,1709.8,64765,3192,61573,0.04928587972,0.07507172083,0.04967367453,0.4129688291,0.01048860144,0.05051548965,17509,0.07158890656,0.007347459873,BIN_02
MIN(credit_bureau_a_1.monthlyinstlamount_674A),numeric,4,BIN_03,1709.8,inf,128208,5172,123036,0.04034069637,0.1216314725,0.09925820452,0.2032711747,0.004547840465,0.099999844,35520,0.1452303365,0.01687786606,BIN_03
MIN(credit_bureau_a_1.overdueamountmax2_398A),numeric,0,__MISSING__,,,0,0,0,,0,0,0,0,0,0,0,0,__MISSING__
MIN(credit_bureau_a_1.overdueamountmax2_398A),numeric,1,BIN_00,-inf,-9999,490120,15449,474671,0.03152085204,0.3632996673,0.3829356316,-0.05263888793,0.001033615325,0.3822844405,22470,0.0918729071,0.4140567885,BIN_00
MIN(credit_bureau_a_1.overdueamountmax2_398A),numeric,2,BIN_01,-9999,0,708744,20405,688339,0.02879036718,0.4798415069,0.5553097693,-0.1460702456,0.01102366763,0.5528070747,203384,0.8315745144,0.1138240458,BIN_01
MIN(credit_bureau_a_1.overdueamountmax2_398A),numeric,3,BIN_02,0,inf,83218,6670,76548,0.08015092889,0.1568588259,0.06175459911,0.9321777503,0.08865404415,0.06490848479,18723,0.07655257853,0.001921269113,BIN_02
MODE(credit_bureau_a_1.classificationofcontr_400M),categorical,0,__MISSING__,,,0,0,0,,0,0,0,0,0,0,0,0,__MISSING__
MODE(credit_bureau_a_1.classificationofcontr_400M),categorical,1,VALUE::9,,,833283,29292,803991,0.03515252321,0.6880615421,0.6485860634,0.05908357818,0.002332352531,0.6499451673,122389,0.5004109135,0.03909698874,9
MODE(credit_bureau_a_1.classificationofcontr_400M),categorical,2,VALUE::64,,,258301,6108,252193,0.02364683064,0.1434846438,0.2034464163,-0.3491746415,0.02093713039,0.2014699528,92493,0.3781753804,0.1112745539,64
MODE(credit_bureau_a_1.classificationofcontr_400M),categorical,3,VALUE::20,,,131243,4266,126977,0.03250459072,0.1002172764,0.1024337159,-0.02187532181,4.848532623e-05,0.1023670873,9143,0.03738291009,0.0654619147,20
MODE(credit_bureau_a_1.classificationofcontr_400M),categorical,4,VALUE::10,,,31770,1934,29836,0.06087503935,0.04544013154,0.02406933168,0.6354571835,0.01358022829,0.02478000627,11465,0.04687685269,0.01408644964,10
MODE(credit_bureau_a_1.classificationofcontr_400M),categorical,5,VALUE::78,,,19010,776,18234,0.04082062073,0.01823947384,0.01470990996,0.2150667241,0.0007590917411,0.01482744473,7232,0.02956941986,0.01017580867,78
MODE(credit_bureau_a_1.classificationofcontr_400M),categorical,6,VALUE::17,,,5767,89,5678,0.01543263395,0.002102296083,0.004580889177,-0.7788630024,0.001930484459,0.004498152224,1279,0.005229436946,0.0001101584768,17
MODE(credit_bureau_a_1.classificationofcontr_400M),categorical,7,VALUE::50,,,657,22,635,0.03348554033,0.0005285101885,0.0005126626877,0.03044398319,4.824610475e-07,0.0005124477218,137,0.000560150791,4.24592223e-06,50
MODE(credit_bureau_a_1.classificationofcontr_400M),categorical,8,VALUE::74,,,561,5,556,0.008912655971,0.0001291913794,0.0004489327863,-1.245578314,0.0003982629625,0.0004375695158,127,0.0005192638719,1.398416139e-05,74
MODE(credit_bureau_a_1.classificationofcontr_400M),categorical,9,VALUE::72,,,160,2,158,0.0125,5.872335428e-05,0.0001278631566,-0.7781230968,5.379927708e-05,0.0001247970099,37,0.0001512816005,5.097078847e-06,72
MODE(credit_bureau_a_1.classificationofcontr_400M),categorical,10,VALUE::77,,,152,1,151,0.006578947368,3.523401257e-05,0.0001222162033,-1.243779752,0.0001081866876,0.0001185571594,24,9.812860572e-05,3.863372078e-06,77
MODE(credit_bureau_a_1.classificationofcontr_400M),categorical,11,VALUE::89,,,142,4,138,0.02816901408,0.0001057020377,0.0001117290043,-0.05545216424,3.342083432e-07,0.0001107573463,24,9.812860572e-05,1.528870905e-06,89
MODE(credit_bureau_a_1.classificationofcontr_400M),categorical,12,VALUE::36,,,114,3,111,0.02631578947,8.221269599e-05,8.994789879e-05,-0.0899208578,6.95556071e-07,8.891786953e-05,28,0.0001144833733,6.460823927e-06,36
MODE(credit_bureau_a_1.classificationofcontr_400M),categorical,13,VALUE::58,,,104,5,99,0.04807692308,0.0001291913794,8.026740744e-05,0.4759312127,2.328444531e-05,8.111805641e-05,23,9.403991381e-05,1.910027902e-06,58
MODE(credit_bureau_a_1.classificationofcontr_400M),categorical,14,VALUE::8,,,97,2,95,0.0206185567,5.872335428e-05,7.704057699e-05,-0.271494751,4.973029819e-06,7.565818723e-05,30,0.0001226607571,2.2711492e-05,8
MODE(credit_bureau_a_1.classificationofcontr_400M),categorical,15,VALUE::83,,,59,1,58,0.01694915254,3.523401257e-05,4.719239533e-05,-0.2922208815,3.494489152e-06,4.601889739e-05,9,3.679822714e-05,2.061764516e-06,83
MODE(credit_bureau_a_1.classificationofcontr_400M),categorical,16,VALUE::57,,,52,0,52,0,1.174467086e-05,4.235214965e-05,-1.282619586,3.925775177e-05,4.055902821e-05,9,3.679822714e-05,3.65958779e-07,57
MODE(credit_bureau_a_1.classificationofcontr_400M),categorical,17,VALUE::88,,,45,0,45,0,1.174467086e-05,3.670519637e-05,-1.139518742,2.844298663e-05,3.509915902e-05,5,2.044345952e-05,7.921613209e-06,88
MODE(credit_bureau_a_1.classificationofcontr_400M),categorical,18,VALUE::14,,,42,0,42,0,1.174467086e-05,3.428507353e-05,-1.071310492,2.414776988e-05,3.275921509e-05,11,4.497561095e-05,3.87181643e-06,14
MODE(credit_bureau_a_1.classificationofcontr_400M),categorical,19,VALUE::85,,,32,2,30,0.0625,5.872335428e-05,2.460458218e-05,0.8699048129,2.968008406e-05,2.495940197e-05,6,2.453215143e-05,7.376917863e-09,85
MODE(credit_bureau_a_1.classificationofcontr_400M),categorical,20,VALUE::41,,,31,1,30,0.03225806452,3.523401257e-05,2.460458218e-05,0.3590791891,3.816807244e-06,2.417942066e-05,9,3.679822714e-05,5.299239807e-06,41
MODE(credit_bureau_a_1.classificationofcontr_400M),categorical,21,VALUE::63,,,29,0,29,0,1.174467086e-05,2.379787457e-05,-0.7061966793,8.511932436e-06,2.261945804e-05,8,3.270953524e-05,3.721786746e-06,63
MODE(credit_bureau_a_1.classificationofcontr_400M),categorical,22,VALUE::39,,,27,0,27,0,1.174467086e-05,2.218445934e-05,-0.6359924206,6.639626351e-06,2.105949541e-05,4,1.635476762e-05,1.189506183e-06,39
MODE(credit_bureau_a_1.classificationofcontr_400M),categorical,23,VALUE::23,,,25,0,25,0,1.174467086e-05,2.057104412e-05,-0.5604848681,4.947048654e-06,1.949953279e-05,7,2.862084333e-05,3.500254892e-06,23
MODE(credit_bureau_a_1.classificationofcontr_400M),categorical,24,VALUE::4,,,24,1,23,0.04166666667,3.523401257e-05,1.895762889e-05,0.6198054516,1.008819133e-05,1.871955148e-05,8,3.270953524e-05,7.807783657e-06,4
MODE(credit_bureau_a_1.classificationofcontr_400M),categorical,25,VALUE::68,,,24,1,23,0.04166666667,3.523401257e-05,1.895762889e-05,0.6198054516,1.008819133e-05,1.871955148e-05,2,8.17738381e-06,8.730983621e-06,68
MODE(credit_bureau_a_1.classificationofcontr_400M),categorical,26,VALUE::43,,,19,0,19,0,1.174467086e-05,1.573079844e-05,-0.2922208815,1.164829717e-06,1.481964492e-05,1,4.088691905e-06,1.381855477e-05,43
MODE(credit_bureau_a_1.classificationofcontr_400M),categorical,27,VALUE::99,,,19,2,17,0.1052631579,5.872335428e-05,1.411738322e-05,1.425430616,6.358271679e-05,1.481964492e-05,2,8.17738381e-06,3.949364834e-06,99
MODE(credit_bureau_a_1.classificationofcontr_400M),categorical,28,VALUE::18,,,16,0,16,0,1.174467086e-05,1.331067561e-05,-0.1251667969,1.960117984e-07,1.247970099e-05,2,8.17738381e-06,1.818723408e-06,18
MODE(credit_bureau_a_1.classificationofcontr_400M),categorical,29,VALUE::102,,,15,0,15,0,1.174467086e-05,1.250396799e-05,-0.06264643988,4.756726247e-08,1.169971967e-05,6,2.453215143e-05,9.501384992e-06,102
MODE(credit_bureau_a_1.classificationofcontr_400M),categorical,30,VALUE::100,,,14,0,14,0,1.174467086e-05,1.169726038e-05,0.004044934622,1.917722717e-10,1.091973836e-05,1,4.088691905e-06,6.710457444e-06,100
MODE(credit_bureau_a_1.classificationofcontr_400M),categorical,31,VALUE::67,,,14,1,13,0.07142857143,3.523401257e-05,1.089055277e-05,1.174116187,2.85820502e-05,1.091973836e-05,4,1.635476762e-05,2.195466164e-06,67
MODE(credit_bureau_a_1.classificationofcontr_400M),categorical,32,VALUE::1,,,13,1,12,0.07692307692,3.523401257e-05,1.008384516e-05,1.251077228,3.146480174e-05,1.013975705e-05,0,0,2.117191853e-05,1
MODE(credit_bureau_a_1.classificationofcontr_400M),categorical,33,VALUE::2,,,13,0,13,0,1.174467086e-05,1.089055277e-05,0.0755038986,6.448924547e-08,1.013975705e-05,2,8.17738381e-06,4.220903274e-07,2
MODE(credit_bureau_a_1.classificationofcontr_400M),categorical,34,VALUE::49,,,11,0,11,0,1.174467086e-05,9.277137543e-06,0.2358465487,5.819592155e-07,8.579794428e-06,3,1.226607571e-05,1.317578032e-06,49
MODE(credit_bureau_a_1.classificationofcontr_400M),categorical,35,VALUE::79,,,11,1,10,0.09090909091,3.523401257e-05,8.470429931e-06,1.425430616,3.814963007e-05,8.579794428e-06,5,2.044345952e-05,1.03006634e-05,79
MODE(credit_bureau_a_1.classificationofcontr_400M),categorical,36,VALUE::30,,,10,0,10,0,1.174467086e-05,8.470429931e-06,0.3268183269,1.070081941e-06,7.799813116e-06,6,2.453215143e-05,1.917333191e-05,30
MODE(credit_bureau_a_1.classificationofcontr_400M),categorical,37,VALUE::44,,,10,0,10,0,1.174467086e-05,8.470429931e-06,0.3268183269,1.070081941e-06,7.799813116e-06,3,1.226607571e-05,2.022045036e-06,44
MODE(credit_bureau_a_1.classificationofcontr_400M),categorical,38,VALUE::13,,,9,0,9,0,1.174467086e-05,7.663722318e-06,0.4269017854,1.742164217e-06,7.019831805e-06,2,8.17738381e-06,1.766806507e-07,13
MODE(credit_bureau_a_1.classificationofcontr_400M),categorical,39,VALUE::35,,,9,0,9,0,1.174467086e-05,7.663722318e-06,0.4269017854,1.742164217e-06,7.019831805e-06,3,1.226607571e-05,2.927918871e-06,35
MODE(credit_bureau_a_1.classificationofcontr_400M),categorical,40,VALUE::59,,,9,0,9,0,1.174467086e-05,7.663722318e-06,0.4269017854,1.742164217e-06,7.019831805e-06,1,4.088691905e-06,1.584322642e-06,59
MODE(credit_bureau_a_1.classificationofcontr_400M),categorical,41,VALUE::73,,,9,1,8,0.1111111111,3.523401257e-05,6.857014706e-06,1.636739709,4.644575923e-05,7.019831805e-06,1,4.088691905e-06,1.584322642e-06,73
MODE(credit_bureau_a_1.classificationofcontr_400M),categorical,42,VALUE::6,,,8,0,8,0,1.174467086e-05,6.857014706e-06,0.5381274206,2.630181796e-06,6.239850493e-06,0,0,9.593936866e-06,6
MODE(credit_bureau_a_1.classificationofcontr_400M),categorical,43,VALUE::70,,,8,0,8,0,1.174467086e-05,6.857014706e-06,0.5381274206,2.630181796e-06,6.239850493e-06,5,2.044345952e-05,1.685551915e-05,70
MODE(credit_bureau_a_1.classificationofcontr_400M),categorical,44,VALUE::47,,,7,0,7,0,1.174467086e-05,6.050307093e-06,0.6632905635,3.777017749e-06,5.459869182e-06,2,8.17738381e-06,1.097733082e-06,47
MODE(credit_bureau_a_1.classificationofcontr_400M),categorical,45,VALUE::0,,,6,0,6,0,1.174467086e-05,5.243599481e-06,0.8063914071,5.242408094e-06,4.67988787e-06,0,0,5.679075825e-06,0
MODE(credit_bureau_a_1.classificationofcontr_400M),categorical,46,VALUE::103,,,6,0,6,0,1.174467086e-05,5.243599481e-06,0.8063914071,5.242408094e-06,4.67988787e-06,0,0,5.679075825e-06,103
MODE(credit_bureau_a_1.classificationofcontr_400M),categorical,47,VALUE::51,,,6,0,6,0,1.174467086e-05,5.243599481e-06,0.8063914071,5.242408094e-06,4.67988787e-06,1,4.088691905e-06,7.984045877e-08,51
MODE(credit_bureau_a_1.classificationofcontr_400M),categorical,48,VALUE::60,,,5,1,4,0.2,3.523401257e-05,3.630184256e-06,2.272728476,7.182692055e-05,3.899906558e-06,1,4.088691905e-06,8.92435488e-09,60
MODE(credit_bureau_a_1.classificationofcontr_400M),categorical,49,VALUE::93,,,5,0,5,0,1.174467086e-05,4.436891869e-06,0.9734454918,7.11372451e-06,3.899906558e-06,0,0,3.946635351e-06,93
MODE(credit_bureau_a_1.classificationofcontr_400M),categorical,50,VALUE::96,,,5,0,5,0,1.174467086e-05,4.436891869e-06,0.9734454918,7.11372451e-06,3.899906558e-06,1,4.088691905e-06,8.92435488e-09,96
MODE(credit_bureau_a_1.classificationofcontr_400M),categorical,51,VALUE::56,,,4,0,4,0,1.174467086e-05,3.630184256e-06,1.174116187,9.527350068e-06,3.119925247e-06,0,0,2.412070114e-06,56
MODE(credit_bureau_a_1.classificationofcontr_400M),categorical,52,VALUE::76,,,4,0,4,0,1.174467086e-05,3.630184256e-06,1.174116187,9.527350068e-06,3.119925247e-06,0,0,2.412070114e-06,76
MODE(credit_bureau_a_1.classificationofcontr_400M),categorical,53,VALUE::16,,,3,0,3,0,1.174467086e-05,2.823476644e-06,1.425430616,1.271654336e-05,2.339943935e-06,0,0,1.139122477e-06,16
MODE(credit_bureau_a_1.classificationofcontr_400M),categorical,54,VALUE::3,,,3,0,3,0,1.174467086e-05,2.823476644e-06,1.425430616,1.271654336e-05,2.339943935e-06,2,8.17738381e-06,7.30406922e-06,3
MODE(credit_bureau_a_1.classificationofcontr_400M),categorical,55,VALUE::37,,,3,0,3,0,1.174467086e-05,2.823476644e-06,1.425430616,1.271654336e-05,2.339943935e-06,2,8.17738381e-06,7.30406922e-06,37
MODE(credit_bureau_a_1.classificationofcontr_400M),categorical,56,VALUE::75,,,3,0,3,0,1.174467086e-05,2.823476644e-06,1.425430616,1.271654336e-05,2.339943935e-06,0,0,1.139122477e-06,75
MODE(credit_bureau_a_1.classificationofcontr_400M),categorical,57,VALUE::94,,,3,0,3,0,1.174467086e-05,2.823476644e-06,1.425430616,1.271654336e-05,2.339943935e-06,0,0,1.139122477e-06,94
MODE(credit_bureau_a_1.classificationofcontr_400M),categorical,58,VALUE::11,,,2,0,2,0,1.174467086e-05,2.016769031e-06,1.761902852,1.713961797e-05,1.559962623e-06,0,0,2.489940225e-07,11
MODE(credit_bureau_a_1.classificationofcontr_400M),categorical,59,VALUE::22,,,2,0,2,0,1.174467086e-05,2.016769031e-06,1.761902852,1.713961797e-05,1.559962623e-06,1,4.088691905e-06,2.436590553e-06,22
MODE(credit_bureau_a_1.classificationofcontr_400M),categorical,60,VALUE::28,,,2,0,2,0,1.174467086e-05,2.016769031e-06,1.761902852,1.713961797e-05,1.559962623e-06,0,0,2.489940225e-07,28
MODE(credit_bureau_a_1.classificationofcontr_400M),categorical,61,VALUE::61,,,2,0,2,0,1.174467086e-05,2.016769031e-06,1.761902852,1.713961797e-05,1.559962623e-06,0,0,2.489940225e-07,61
MODE(credit_bureau_a_1.classificationofcontr_400M),categorical,62,VALUE::7,,,2,0,2,0,1.174467086e-05,2.016769031e-06,1.761902852,1.713961797e-05,1.559962623e-06,0,0,2.489940225e-07,7
MODE(credit_bureau_a_1.classificationofcontr_400M),categorical,63,VALUE::80,,,2,0,2,0,1.174467086e-05,2.016769031e-06,1.761902852,1.713961797e-05,1.559962623e-06,0,0,2.489940225e-07,80
MODE(credit_bureau_a_1.classificationofcontr_400M),categorical,64,VALUE::81,,,2,0,2,0,1.174467086e-05,2.016769031e-06,1.761902852,1.713961797e-05,1.559962623e-06,0,0,2.489940225e-07,81
MODE(credit_bureau_a_1.classificationofcontr_400M),categorical,65,VALUE::84,,,2,0,2,0,1.174467086e-05,2.016769031e-06,1.761902852,1.713961797e-05,1.559962623e-06,0,0,2.489940225e-07,84
MODE(credit_bureau_a_1.classificationofcontr_400M),categorical,66,VALUE::87,,,2,0,2,0,1.174467086e-05,2.016769031e-06,1.761902852,1.713961797e-05,1.559962623e-06,0,0,2.489940225e-07,87
MODE(credit_bureau_a_1.classificationofcontr_400M),categorical,67,VALUE::91,,,2,0,2,0,1.174467086e-05,2.016769031e-06,1.761902852,1.713961797e-05,1.559962623e-06,2,8.17738381e-06,1.096315057e-05,91
MODE(credit_bureau_a_1.classificationofcontr_400M),categorical,68,VALUE::95,,,2,0,2,0,1.174467086e-05,2.016769031e-06,1.761902852,1.713961797e-05,1.559962623e-06,1,4.088691905e-06,2.436590553e-06,95
MODE(credit_bureau_a_1.classificationofcontr_400M),categorical,69,VALUE::101,,,1,0,1,0,1.174467086e-05,1.210061419e-06,2.272728476,2.394230685e-05,7.799813116e-07,0,0,0,101
MODE(credit_bureau_a_1.classificationofcontr_400M),categorical,70,VALUE::15,,,1,0,1,0,1.174467086e-05,1.210061419e-06,2.272728476,2.394230685e-05,7.799813116e-07,0,0,0,15
MODE(credit_bureau_a_1.classificationofcontr_400M),categorical,71,VALUE::21,,,1,0,1,0,1.174467086e-05,1.210061419e-06,2.272728476,2.394230685e-05,7.799813116e-07,0,0,0,21
MODE(credit_bureau_a_1.classificationofcontr_400M),categorical,72,VALUE::24,,,1,0,1,0,1.174467086e-05,1.210061419e-06,2.272728476,2.394230685e-05,7.799813116e-07,0,0,0,24
MODE(credit_bureau_a_1.classificationofcontr_400M),categorical,73,VALUE::25,,,1,0,1,0,1.174467086e-05,1.210061419e-06,2.272728476,2.394230685e-05,7.799813116e-07,0,0,0,25
MODE(credit_bureau_a_1.classificationofcontr_400M),categorical,74,VALUE::26,,,1,1,0,1,3.523401257e-05,4.033538062e-07,4.469953053,0.0001556914095,7.799813116e-07,0,0,0,26
MODE(credit_bureau_a_1.classificationofcontr_400M),categorical,75,VALUE::27,,,1,0,1,0,1.174467086e-05,1.210061419e-06,2.272728476,2.394230685e-05,7.799813116e-07,0,0,0,27
MODE(credit_bureau_a_1.classificationofcontr_400M),categorical,76,VALUE::29,,,1,0,1,0,1.174467086e-05,1.210061419e-06,2.272728476,2.394230685e-05,7.799813116e-07,0,0,0,29
MODE(credit_bureau_a_1.classificationofcontr_400M),categorical,77,VALUE::31,,,1,1,0,1,3.523401257e-05,4.033538062e-07,4.469953053,0.0001556914095,7.799813116e-07,0,0,0,31
MODE(credit_bureau_a_1.classificationofcontr_400M),categorical,78,VALUE::32,,,1,0,1,0,1.174467086e-05,1.210061419e-06,2.272728476,2.394230685e-05,7.799813116e-07,0,0,0,32
MODE(credit_bureau_a_1.classificationofcontr_400M),categorical,79,VALUE::33,,,1,0,1,0,1.174467086e-05,1.210061419e-06,2.272728476,2.394230685e-05,7.799813116e-07,0,0,0,33
MODE(credit_bureau_a_1.classificationofcontr_400M),categorical,80,VALUE::34,,,1,0,1,0,1.174467086e-05,1.210061419e-06,2.272728476,2.394230685e-05,7.799813116e-07,0,0,0,34
MODE(credit_bureau_a_1.classificationofcontr_400M),categorical,81,VALUE::38,,,1,0,1,0,1.174467086e-05,1.210061419e-06,2.272728476,2.394230685e-05,7.799813116e-07,0,0,0,38
MODE(credit_bureau_a_1.classificationofcontr_400M),categorical,82,VALUE::42,,,1,0,1,0,1.174467086e-05,1.210061419e-06,2.272728476,2.394230685e-05,7.799813116e-07,0,0,0,42
MODE(credit_bureau_a_1.classificationofcontr_400M),categorical,83,VALUE::46,,,1,0,1,0,1.174467086e-05,1.210061419e-06,2.272728476,2.394230685e-05,7.799813116e-07,0,0,0,46
MODE(credit_bureau_a_1.classificationofcontr_400M),categorical,84,VALUE::48,,,1,0,1,0,1.174467086e-05,1.210061419e-06,2.272728476,2.394230685e-05,7.799813116e-07,1,4.088691905e-06,4.349573439e-06,48
MODE(credit_bureau_a_1.classificationofcontr_400M),categorical,85,VALUE::5,,,1,0,1,0,1.174467086e-05,1.210061419e-06,2.272728476,2.394230685e-05,7.799813116e-07,0,0,0,5
MODE(credit_bureau_a_1.classificationofcontr_400M),categorical,86,VALUE::52,,,1,0,1,0,1.174467086e-05,1.210061419e-06,2.272728476,2.394230685e-05,7.799813116e-07,0,0,0,52
MODE(credit_bureau_a_1.classificationofcontr_400M),categorical,87,VALUE::53,,,1,0,1,0,1.174467086e-05,1.210061419e-06,2.272728476,2.394230685e-05,7.799813116e-07,0,0,0,53
MODE(credit_bureau_a_1.classificationofcontr_400M),categorical,88,VALUE::54,,,1,0,1,0,1.174467086e-05,1.210061419e-06,2.272728476,2.394230685e-05,7.799813116e-07,0,0,0,54
MODE(credit_bureau_a_1.classificationofcontr_400M),categorical,89,VALUE::55,,,1,0,1,0,1.174467086e-05,1.210061419e-06,2.272728476,2.394230685e-05,7.799813116e-07,0,0,0,55
MODE(credit_bureau_a_1.classificationofcontr_400M),categorical,90,VALUE::62,,,1,0,1,0,1.174467086e-05,1.210061419e-06,2.272728476,2.394230685e-05,7.799813116e-07,0,0,0,62
MODE(credit_bureau_a_1.classificationofcontr_400M),categorical,91,VALUE::65,,,1,0,1,0,1.174467086e-05,1.210061419e-06,2.272728476,2.394230685e-05,7.799813116e-07,0,0,0,65
MODE(credit_bureau_a_1.classificationofcontr_400M),categorical,92,VALUE::66,,,1,0,1,0,1.174467086e-05,1.210061419e-06,2.272728476,2.394230685e-05,7.799813116e-07,0,0,0,66
MODE(credit_bureau_a_1.classificationofcontr_400M),categorical,93,VALUE::69,,,1,0,1,0,1.174467086e-05,1.210061419e-06,2.272728476,2.394230685e-05,7.799813116e-07,0,0,0,69
MODE(credit_bureau_a_1.classificationofcontr_400M),categorical,94,VALUE::71,,,1,0,1,0,1.174467086e-05,1.210061419e-06,2.272728476,2.394230685e-05,7.799813116e-07,0,0,0,71
MODE(credit_bureau_a_1.classificationofcontr_400M),categorical,95,VALUE::82,,,1,0,1,0,1.174467086e-05,1.210061419e-06,2.272728476,2.394230685e-05,7.799813116e-07,0,0,0,82
MODE(credit_bureau_a_1.classificationofcontr_400M),categorical,96,VALUE::92,,,1,0,1,0,1.174467086e-05,1.210061419e-06,2.272728476,2.394230685e-05,7.799813116e-07,0,0,0,92
MODE(credit_bureau_a_1.classificationofcontr_400M),categorical,97,VALUE::98,,,1,0,1,0,1.174467086e-05,1.210061419e-06,2.272728476,2.394230685e-05,7.799813116e-07,0,0,0,98
MODE(credit_bureau_a_1.classificationofcontr_400M),categorical,98,__UNSEEN__,,,0,0,0,,0,0,0,0,0,7,2.862084333e-05,9.264404399e-05,__UNSEEN__
MODE(credit_bureau_a_1.contractst_964M),categorical,0,__MISSING__,,,0,0,0,,0,0,0,0,0,0,0,0,__MISSING__
MODE(credit_bureau_a_1.contractst_964M),categorical,1,VALUE::16,,,765042,27153,737889,0.03549216906,0.6383726534,0.5952788448,0.06989226664,0.003011923964,0.5967184626,104953,0.4291204815,0.05525834374,16
MODE(credit_bureau_a_1.contractst_964M),categorical,2,VALUE::10,,,385543,11097,374446,0.02878278169,0.2608997191,0.3020778585,-0.1465486784,0.00603460191,0.3007163348,130429,0.5332839965,0.1332349196,10
MODE(credit_bureau_a_1.contractst_964M),categorical,3,VALUE::2,,,131243,4266,126977,0.03250459072,0.1003044516,0.1024367734,-0.0210356869,4.485485452e-05,0.1023670873,9143,0.03738291009,0.0654619147,2
MODE(credit_bureau_a_1.contractst_964M),categorical,4,VALUE::9,,,174,6,168,0.03448275862,0.0001528135322,0.0001359342901,0.1170468266,1.975661728e-06,0.0001357167482,28,0.0001144833733,3.612654448e-06,9
MODE(credit_bureau_a_1.contractst_964M),categorical,5,VALUE::23,,,26,1,25,0.03846153846,3.526466128e-05,2.057165814e-05,0.5389670555,7.919044638e-06,2.02795141e-05,4,1.635476762e-05,8.441806549e-07,23
MODE(credit_bureau_a_1.contractst_964M),categorical,6,VALUE::4,,,12,1,11,0.08333333333,3.526466128e-05,9.277414457e-06,1.335298472,3.470073098e-05,9.35977574e-06,5,2.044345952e-05,8.659035661e-06,4
MODE(credit_bureau_a_1.contractst_964M),categorical,7,VALUE::18,,,8,0,8,0,1.175488709e-05,6.857219381e-06,0.5389670555,2.639681546e-06,6.239850493e-06,2,8.17738381e-06,5.239401044e-07,18
MODE(credit_bureau_a_1.contractst_964M),categorical,8,VALUE::25,,,5,0,5,0,1.175488709e-05,4.437024306e-06,0.9742851267,7.129684874e-06,3.899906558e-06,2,8.17738381e-06,3.167128331e-06,25
MODE(credit_bureau_a_1.contractst_964M),categorical,9,VALUE::3,,,5,0,5,0,1.175488709e-05,4.437024306e-06,0.9742851267,7.129684874e-06,3.899906558e-06,3,1.226607571e-05,9.586665957e-06,3
MODE(credit_bureau_a_1.contractst_964M),categorical,10,VALUE::6,,,5,0,5,0,1.175488709e-05,4.437024306e-06,0.9742851267,7.129684874e-06,3.899906558e-06,0,0,3.946635351e-06,6
MODE(credit_bureau_a_1.contractst_964M),categorical,11,VALUE::11,,,3,0,3,0,1.175488709e-05,2.823560922e-06,1.42627025,1.273848482e-05,2.339943935e-06,0,0,1.139122477e-06,11
MODE(credit_bureau_a_1.contractst_964M),categorical,12,VALUE::12,,,3,0,3,0,1.175488709e-05,2.823560922e-06,1.42627025,1.273848482e-05,2.339943935e-06,1,4.088691905e-06,9.759729571e-07,12
MODE(credit_bureau_a_1.contractst_964M),categorical,13,VALUE::13,,,2,0,2,0,1.175488709e-05,2.01682923e-06,1.762742487,1.716568834e-05,1.559962623e-06,0,0,2.489940225e-07,13
MODE(credit_bureau_a_1.contractst_964M),categorical,14,VALUE::17,,,2,0,2,0,1.175488709e-05,2.01682923e-06,1.762742487,1.716568834e-05,1.559962623e-06,0,0,2.489940225e-07,17
MODE(credit_bureau_a_1.contractst_964M),categorical,15,VALUE::0,,,1,0,1,0,1.175488709e-05,1.210097538e-06,2.273568111,2.397429727e-05,7.799813116e-07,0,0,0,0
MODE(credit_bureau_a_1.contractst_964M),categorical,16,VALUE::14,,,1,0,1,0,1.175488709e-05,1.210097538e-06,2.273568111,2.397429727e-05,7.799813116e-07,1,4.088691905e-06,4.349573439e-06,14
MODE(credit_bureau_a_1.contractst_964M),categorical,17,VALUE::15,,,1,0,1,0,1.175488709e-05,1.210097538e-06,2.273568111,2.397429727e-05,7.799813116e-07,0,0,0,15
MODE(credit_bureau_a_1.contractst_964M),categorical,18,VALUE::20,,,1,0,1,0,1.175488709e-05,1.210097538e-06,2.273568111,2.397429727e-05,7.799813116e-07,0,0,0,20
MODE(credit_bureau_a_1.contractst_964M),categorical,19,VALUE::22,,,1,0,1,0,1.175488709e-05,1.210097538e-06,2.273568111,2.397429727e-05,7.799813116e-07,0,0,0,22
MODE(credit_bureau_a_1.contractst_964M),categorical,20,VALUE::24,,,1,0,1,0,1.175488709e-05,1.210097538e-06,2.273568111,2.397429727e-05,7.799813116e-07,0,0,0,24
MODE(credit_bureau_a_1.contractst_964M),categorical,21,VALUE::5,,,1,0,1,0,1.175488709e-05,1.210097538e-06,2.273568111,2.397429727e-05,7.799813116e-07,0,0,0,5
MODE(credit_bureau_a_1.contractst_964M),categorical,22,VALUE::7,,,1,0,1,0,1.175488709e-05,1.210097538e-06,2.273568111,2.397429727e-05,7.799813116e-07,0,0,0,7
MODE(credit_bureau_a_1.contractst_964M),categorical,23,VALUE::8,,,1,0,1,0,1.175488709e-05,1.210097538e-06,2.273568111,2.397429727e-05,7.799813116e-07,0,0,0,8
MODE(credit_bureau_a_1.contractst_964M),categorical,24,__UNSEEN__,,,0,0,0,,0,0,0,0,0,6,2.453215143e-05,7.530252125e-05,__UNSEEN__
MODE(credit_bureau_a_1.financialinstitution_382M),categorical,0,__MISSING__,,,0,0,0,,0,0,0,0,0,0,0,0,__MISSING__
MODE(credit_bureau_a_1.financialinstitution_382M),categorical,1,VALUE::19,,,864355,30475,833880,0.03525750415,0.7158158052,0.6726966619,0.06212837585,0.002678922344,0.6741807466,130954,0.5354305597,0.0319717945,19
MODE(credit_bureau_a_1.financialinstitution_382M),categorical,2,VALUE::179,,,142713,3524,139189,0.02469291515,0.08278429576,0.1122850481,-0.3048023313,0.008991898077,0.1113134729,55238,0.2258511634,0.08103838393,179
MODE(credit_bureau_a_1.financialinstitution_382M),categorical,3,VALUE::34,,,131243,4266,126977,0.03250459072,0.1002125686,0.1024335506,-0.02192068597,4.868544977e-05,0.1023670873,9143,0.03738291009,0.0654619147,34
MODE(credit_bureau_a_1.financialinstitution_382M),categorical,4,VALUE::171,,,30769,668,30101,0.02171016283,0.01570188728,0.02428307002,-0.4359984864,0.003741382685,0.02399924498,11042,0.04514733601,0.01336366704,171
MODE(credit_bureau_a_1.financialinstitution_382M),categorical,5,VALUE::4,,,29459,519,28940,0.01761770596,0.01220213978,0.02334648399,-0.6488350662,0.007230841314,0.02297746946,10125,0.04139800554,0.01084451142,4
MODE(credit_bureau_a_1.financialinstitution_382M),categorical,6,VALUE::130,,,19079,280,18799,0.01467582158,0.006588450833,0.01516567529,-0.8337164273,0.007150972932,0.01488126344,7205,0.02945902517,0.009955115378,130
MODE(credit_bureau_a_1.financialinstitution_382M),categorical,7,VALUE::38,,,13205,888,12317,0.06724725483,0.0208692997,0.009936604985,0.7420537536,0.008112647149,0.01029965322,4196,0.01715615123,0.00349850449,38
MODE(credit_bureau_a_1.financialinstitution_382M),categorical,8,VALUE::127,,,12814,481,12333,0.03753706883,0.01130958672,0.009949512286,0.1281272153,0.0001742625505,0.009994680527,5415,0.02214026666,0.009659930811,127
MODE(credit_bureau_a_1.financialinstitution_382M),categorical,9,VALUE::172,,,4773,61,4712,0.01278022208,0.001444526653,0.00380160349,-0.9676412565,0.002280804792,0.0037228508,0,0,0.03060196913,172
MODE(credit_bureau_a_1.financialinstitution_382M),categorical,10,VALUE::144,,,2880,156,2724,0.05416666667,0.003675909288,0.002197871344,0.5143112064,0.0007601714783,0.002246346178,863,0.003528541114,0.0005790129844,144
MODE(credit_bureau_a_1.financialinstitution_382M),categorical,11,VALUE::167,,,2851,61,2790,0.0213960014,0.001444526653,0.002251113961,-0.443643495,0.000357837212,0.00222372672,0,0,0.01713042095,167
MODE(credit_bureau_a_1.financialinstitution_382M),categorical,12,VALUE::22,,,2833,61,2772,0.02153194493,0.001444526653,0.002236593247,-0.437172144,0.0003462694509,0.002209687056,1551,0.006341561144,0.004356127727,22
MODE(credit_bureau_a_1.financialinstitution_382M),categorical,13,VALUE::82,,,2510,222,2288,0.08844621514,0.005226133014,0.001846147393,1.040570642,0.003517113808,0.001957753092,625,0.00255543244,0.0001592361393,82
MODE(credit_bureau_a_1.financialinstitution_382M),categorical,14,VALUE::113,,,2319,49,2270,0.02112979733,0.001162667794,0.001831626679,-0.4544872805,0.0003040333043,0.001808776662,475,0.001942128655,9.485844274e-06,113
MODE(credit_bureau_a_1.financialinstitution_382M),categorical,15,VALUE::85,,,2212,41,2171,0.01853526221,0.000974761888,0.001751762754,-0.5861846243,0.0004554659608,0.001725318661,737,0.003013365934,0.0007182743317,85
MODE(credit_bureau_a_1.financialinstitution_382M),categorical,16,VALUE::137,,,1822,220,1602,0.1207464325,0.005179156537,0.001292746863,1.387872907,0.00539384269,0.00142112595,732,0.002992922474,0.001170675382,137
MODE(credit_bureau_a_1.financialinstitution_382M),categorical,17,VALUE::102,,,1721,21,1700,0.01220220802,0.0005049971227,0.001371804082,-0.9993292689,0.0008662255646,0.001342347837,676,0.002763955728,0.001026745907,102
MODE(credit_bureau_a_1.financialinstitution_382M),categorical,18,VALUE::129,,,1604,28,1576,0.0174563591,0.0006694147905,0.001271772499,-0.6417629913,0.0003865708849,0.001251090024,387,0.001582323767,7.779995467e-05,129
MODE(credit_bureau_a_1.financialinstitution_382M),categorical,19,VALUE::158,,,868,16,852,0.01843317972,0.0003875559314,0.00068771713,-0.5735174278,0.0001721476786,0.0006770237785,0,0,0.004406124505,158
MODE(credit_bureau_a_1.financialinstitution_382M),categorical,20,VALUE::11,,,689,37,652,0.05370101597,0.0008808089349,0.0005263758679,0.5148251942,0.0001824710726,0.0005374071237,340,0.001390155248,0.0008104644008,11
MODE(credit_bureau_a_1.financialinstitution_382M),categorical,21,VALUE::164,,,641,45,596,0.07020280811,0.001068714841,0.0004812003145,0.7979284849,0.000468794576,0.0004999680208,192,0.0007850288457,0.0001286126955,164
MODE(credit_bureau_a_1.financialinstitution_382M),categorical,22,VALUE::168,,,638,10,628,0.01567398119,0.0002466265018,0.0005070149164,-0.7206653704,0.0001876529133,0.0004976280768,229,0.0009363104462,0.0002772885508,168
MODE(credit_bureau_a_1.financialinstitution_382M),categorical,23,VALUE::49,,,609,4,605,0.006568144499,0.0001056970722,0.0004884606713,-1.530681766,0.0005858892617,0.0004750086188,142,0.0005805942505,2.119306354e-05,49
MODE(credit_bureau_a_1.financialinstitution_382M),categorical,24,VALUE::8,,,606,15,591,0.02475247525,0.0003640676931,0.0004771667829,-0.2705262591,3.059627366e-05,0.0004726686749,346,0.001414687399,0.001032706112,8
MODE(credit_bureau_a_1.financialinstitution_382M),categorical,25,VALUE::45,,,580,29,551,0.05,0.0006929030288,0.0004448985305,0.4430438251,0.0001098768616,0.0004523891608,170,0.0006950776238,0.0001042300216,45
MODE(credit_bureau_a_1.financialinstitution_382M),categorical,26,VALUE::9,,,575,26,549,0.0452173913,0.000622438314,0.0004432851178,0.3394313596,6.081021295e-05,0.0004484892542,141,0.0005765055586,3.214492729e-05,9
MODE(credit_bureau_a_1.financialinstitution_382M),categorical,27,VALUE::104,,,567,45,522,0.07936507937,0.001068714841,0.0004215040474,0.9303827426,0.0006021537532,0.0004422494037,156,0.0006378359371,7.16251799e-05,104
MODE(credit_bureau_a_1.financialinstitution_382M),categorical,28,VALUE::132,,,529,52,477,0.09829867675,0.001233132509,0.0003852022635,1.16354441,0.0009866044973,0.0004126101139,682,0.002788487879,0.004539712327,132
MODE(credit_bureau_a_1.financialinstitution_382M),categorical,29,VALUE::20,,,518,8,510,0.01544401544,0.0001996500252,0.0004118235717,-0.7240290737,0.0001536198163,0.0004040303194,190,0.0007768514619,0.0002437352668,20
MODE(credit_bureau_a_1.financialinstitution_382M),categorical,30,VALUE::141,,,515,14,501,0.02718446602,0.0003405794548,0.0004045632149,-0.1721595575,1.101541582e-05,0.0004016903755,375,0.001533259464,0.001515702322,141
MODE(credit_bureau_a_1.financialinstitution_382M),categorical,31,VALUE::120,,,407,4,403,0.009828009828,0.0001056970722,0.0003255059964,-1.12480369,0.0002472418892,0.0003174523938,4,1.635476762e-05,0.0008929978733,120
MODE(credit_bureau_a_1.financialinstitution_382M),categorical,32,VALUE::94,,,390,11,379,0.02820512821,0.00027011474,0.000306145045,-0.125212161,4.511432344e-06,0.0003041927115,266,0.001087592047,0.0009980977412,94
MODE(credit_bureau_a_1.financialinstitution_382M),categorical,33,VALUE::90,,,310,17,293,0.05483870968,0.0004110441696,0.0002367683023,0.5516186421,9.613381732e-05,0.0002417942066,77,0.0003148292767,1.927713454e-05,90
MODE(credit_bureau_a_1.financialinstitution_382M),categorical,34,VALUE::100,,,295,19,276,0.06440677966,0.0004580206462,0.000223054295,0.719499045,0.0001690580653,0.0002300944869,210,0.0008586253,0.0008276761404,100
MODE(credit_bureau_a_1.financialinstitution_382M),categorical,35,VALUE::178,,,290,13,277,0.04482758621,0.0003170912166,0.0002238610013,0.3481641527,3.245941892e-05,0.0002261945804,102,0.0004170465743,0.0001167636889,178
MODE(credit_bureau_a_1.financialinstitution_382M),categorical,36,VALUE::162,,,287,29,258,0.1010452962,0.0006929030288,0.0002085335814,1.20078997,0.0005816259742,0.0002238546364,71,0.0002902971252,1.726893913e-05,162
MODE(credit_bureau_a_1.financialinstitution_382M),categorical,37,VALUE::98,,,287,7,280,0.0243902439,0.000176161787,0.0002262811202,-0.250375304,1.254864329e-05,0.0002238546364,87,0.0003557161957,6.106987641e-05,98
MODE(credit_bureau_a_1.financialinstitution_382M),categorical,38,VALUE::155,,,235,3,232,0.01276595745,8.220883393e-05,0.0001875592173,-0.8248318561,8.689635225e-05,0.0001832956082,110,0.0004497561095,0.000239176348,155
MODE(credit_bureau_a_1.financialinstitution_382M),categorical,39,VALUE::31,,,225,19,206,0.08444444444,0.0004580206462,0.0001665848532,1.011409454,0.0002947609161,0.0001754957951,90,0.0003679822714,0.0001425207749,31
MODE(credit_bureau_a_1.financialinstitution_382M),categorical,40,VALUE::177,,,193,0,193,0,1.174411913e-05,0.0001560976712,-2.587129293,0.0003734613029,0.0001505363931,0,0,0.0007498061107,177
MODE(credit_bureau_a_1.financialinstitution_382M),categorical,41,VALUE::159,,,175,9,166,0.05142857143,0.0002231382635,0.0001343166008,0.5075918896,4.508515563e-05,0.0001364967295,64,0.0002616762819,8.146779399e-05,159
MODE(credit_bureau_a_1.financialinstitution_382M),categorical,42,VALUE::84,,,166,7,159,0.0421686747,0.000176161787,0.0001286696566,0.3141544988,1.491986642e-05,0.0001294768977,20,8.17738381e-05,2.192170753e-05,84
MODE(credit_bureau_a_1.financialinstitution_382M),categorical,43,VALUE::166,,,163,3,160,0.01840490798,8.220883393e-05,0.0001294763629,-0.4542355736,2.147059314e-05,0.0001271369538,49,0.0002003459033,3.329400323e-05,166
MODE(credit_bureau_a_1.financialinstitution_382M),categorical,44,VALUE::116,,,140,1,139,0.007142857143,3.52323574e-05,0.0001125355304,-1.161304093,8.977249115e-05,0.0001091973836,0,0,0.0005077873196,116
MODE(credit_bureau_a_1.financialinstitution_382M),categorical,45,VALUE::62,,,132,2,130,0.01515151515,5.872059566e-05,0.0001052751736,-0.5837870944,2.717796177e-05,0.0001029575331,12,4.906430286e-05,3.994484648e-05,62
MODE(credit_bureau_a_1.financialinstitution_382M),categorical,46,VALUE::10,,,99,3,96,0.0303030303,8.220883393e-05,7.7847159e-05,0.05451536059,2.377782813e-07,7.721814985e-05,28,0.0001144833733,1.46748613e-05,10
MODE(credit_bureau_a_1.financialinstitution_382M),categorical,47,VALUE::14,,,90,4,86,0.04444444444,0.0001056970722,6.978009589e-05,0.4152283833,1.4913748e-05,7.019831805e-05,33,0.0001349268329,4.229414891e-05,14
MODE(credit_bureau_a_1.financialinstitution_382M),categorical,48,VALUE::15,,,86,0,86,0,1.174411913e-05,6.978009589e-05,-1.781996194,0.0001034198897,6.70783928e-05,30,0.0001226607571,3.354731937e-05,15
MODE(credit_bureau_a_1.financialinstitution_382M),categorical,49,VALUE::99,,,81,0,81,0,1.174411913e-05,6.574656434e-05,-1.7224548,9.301677098e-05,6.317848624e-05,0,0,0.0002577897553,99
MODE(credit_bureau_a_1.financialinstitution_382M),categorical,50,VALUE::52,,,78,0,78,0,1.174411913e-05,6.332644541e-05,-1.684950405,8.691366154e-05,6.083854231e-05,17,6.950776238e-05,1.154869524e-06,52
MODE(credit_bureau_a_1.financialinstitution_382M),categorical,51,VALUE::157,,,77,1,76,0.01298701299,3.52323574e-05,6.171303278e-05,-0.5605302323,1.484321913e-05,6.0058561e-05,22,8.995122191e-05,1.20750639e-05,157
MODE(credit_bureau_a_1.financialinstitution_382M),categorical,52,VALUE::2,,,77,0,77,0,1.174411913e-05,6.25197391e-05,-1.672129716,8.490342301e-05,6.0058561e-05,19,7.768514619e-05,4.536095368e-06,2
MODE(credit_bureau_a_1.financialinstitution_382M),categorical,53,VALUE::21,,,74,12,62,0.1621621622,0.0002936029783,5.041914443e-05,1.761857488,0.0004284552587,5.771861706e-05,30,0.0001226607571,4.895615814e-05,21
MODE(credit_bureau_a_1.financialinstitution_382M),categorical,54,VALUE::114,,,71,0,71,0,1.174411913e-05,5.767950123e-05,-1.59154923,7.3108422e-05,5.537867313e-05,66,0.0002698536657,0.0003396608877,114
MODE(credit_bureau_a_1.financialinstitution_382M),categorical,55,VALUE::115,,,66,0,66,0,1.174411913e-05,5.364596968e-05,-1.519053728,6.365116227e-05,5.147876657e-05,0,0,0.0001989453713,115
MODE(credit_bureau_a_1.financialinstitution_382M),categorical,56,VALUE::96,,,60,0,60,0,1.174411913e-05,4.880573181e-05,-1.424495145,5.279408733e-05,4.67988787e-05,11,4.497561095e-05,7.245461669e-08,96
MODE(credit_bureau_a_1.financialinstitution_382M),categorical,57,VALUE::110,,,58,4,54,0.06896551724,0.0001056970722,4.396549394e-05,0.8771720955,5.414921785e-05,4.523891608e-05,58,0.0002371441305,0.0003179313665,110
MODE(credit_bureau_a_1.financialinstitution_382M),categorical,58,VALUE::88,,,54,1,53,0.01851851852,3.52323574e-05,4.315878763e-05,-0.2029211454,1.608440302e-06,4.211899083e-05,27,0.0001103946814,6.578794494e-05,88
MODE(credit_bureau_a_1.financialinstitution_382M),categorical,59,VALUE::16,,,53,1,52,0.01886792453,3.52323574e-05,4.235208132e-05,-0.184052661,1.310404134e-06,4.133900952e-05,0,0,0.0001501339916,16
MODE(credit_bureau_a_1.financialinstitution_382M),categorical,60,VALUE::37,,,53,4,49,0.07547169811,0.0001056970722,3.993196239e-05,0.9734001276,6.401576628e-05,4.133900952e-05,0,0,0.0001501339916,37
MODE(credit_bureau_a_1.financialinstitution_382M),categorical,61,VALUE::30,,,51,3,48,0.05882352941,8.220883393e-05,3.912525608e-05,0.742494571,3.198932265e-05,3.977904689e-05,11,4.497561095e-05,6.380343966e-07,30
MODE(credit_bureau_a_1.financialinstitution_382M),categorical,62,VALUE::139,,,48,2,46,0.04166666667,5.872059566e-05,3.751184346e-05,0.4481338197,9.504359137e-06,3.743910296e-05,12,4.906430286e-05,3.143640627e-06,139
MODE(credit_bureau_a_1.financialinstitution_382M),categorical,63,VALUE::12,,,44,0,44,0,1.174411913e-05,3.589843084e-05,-1.117340969,2.698860205e-05,3.431917771e-05,13,5.315299476e-05,8.239232464e-06,12
MODE(credit_bureau_a_1.financialinstitution_382M),categorical,64,VALUE::80,,,38,0,38,0,1.174411913e-05,3.105819297e-05,-0.9725100214,1.878313036e-05,2.963928984e-05,15,6.133037857e-05,2.304495007e-05,80
MODE(credit_bureau_a_1.financialinstitution_382M),categorical,65,VALUE::83,,,38,1,37,0.02631578947,3.52323574e-05,3.025148666e-05,0.1524195756,7.591822039e-07,2.963928984e-05,18,7.359645429e-05,3.99788656e-05,83
MODE(credit_bureau_a_1.financialinstitution_382M),categorical,66,VALUE::53,,,31,0,31,0,1.174411913e-05,2.541124879e-05,-0.7718393259,1.054882815e-05,2.417942066e-05,8,3.270953524e-05,2.577499917e-06,53
MODE(credit_bureau_a_1.financialinstitution_382M),categorical,67,VALUE::173,,,28,3,25,0.1071428571,8.220883393e-05,2.057101093e-05,1.385379917,8.53918021e-05,2.183947673e-05,8,3.270953524e-05,4.390932328e-06,173
MODE(credit_bureau_a_1.financialinstitution_382M),categorical,68,VALUE::54,,,27,1,26,0.03703703704,3.52323574e-05,2.137771724e-05,0.4996157756,6.921996788e-06,2.105949541e-05,6,2.453215143e-05,5.300419522e-07,54
MODE(credit_bureau_a_1.financialinstitution_382M),categorical,69,VALUE::107,,,25,1,24,0.04,3.52323574e-05,1.976430462e-05,0.578087391,8.941886275e-06,1.949953279e-05,8,3.270953524e-05,6.833218904e-06,107
MODE(credit_bureau_a_1.financialinstitution_382M),categorical,70,VALUE::128,,,25,1,24,0.04,3.52323574e-05,1.976430462e-05,0.578087391,8.941886275e-06,1.949953279e-05,7,2.862084333e-05,3.500254892e-06,128
MODE(credit_bureau_a_1.financialinstitution_382M),categorical,71,VALUE::69,,,24,1,23,0.04166666667,3.52323574e-05,1.895759831e-05,0.6197600874,1.008644612e-05,1.871955148e-05,10,4.088691905e-05,1.731807132e-05,69
MODE(credit_bureau_a_1.financialinstitution_382M),categorical,72,VALUE::163,,,23,1,22,0.04347826087,3.52323574e-05,1.8150892e-05,0.6632451993,1.132919993e-05,1.793957017e-05,2,8.17738381e-06,7.669531144e-06,163
MODE(credit_bureau_a_1.financialinstitution_382M),categorical,73,VALUE::40,,,21,0,21,0,1.174411913e-05,1.734418568e-05,-0.3899047153,2.183492354e-06,1.637960754e-05,4,1.635476762e-05,3.769871944e-11,40
MODE(credit_bureau_a_1.financialinstitution_382M),categorical,74,VALUE::106,,,19,1,18,0.05263157895,3.52323574e-05,1.492406675e-05,0.8589897765,1.744461404e-05,1.481964492e-05,3,1.226607571e-05,4.829215098e-07,106
MODE(credit_bureau_a_1.financialinstitution_382M),categorical,75,VALUE::46,,,19,0,19,0,1.174411913e-05,1.573077306e-05,-0.2922662457,1.165164377e-06,1.481964492e-05,5,2.044345952e-05,1.809233704e-06,46
MODE(credit_bureau_a_1.financialinstitution_382M),categorical,76,VALUE::6,,,18,0,18,0,1.174411913e-05,1.492406675e-05,-0.2396225122,7.619870372e-07,1.403966361e-05,4,1.635476762e-05,3.533613014e-07,6
MODE(credit_bureau_a_1.financialinstitution_382M),categorical,77,VALUE::161,,,17,0,17,0,1.174411913e-05,1.411736044e-05,-0.184052661,4.368013781e-07,1.32596823e-05,0,0,3.168794441e-05,161
MODE(credit_bureau_a_1.financialinstitution_382M),categorical,78,VALUE::135,,,14,2,12,0.1428571429,5.872059566e-05,1.008382889e-05,1.761857488,8.569105174e-05,1.091973836e-05,4,1.635476762e-05,2.195466164e-06,135
MODE(credit_bureau_a_1.financialinstitution_382M),categorical,79,VALUE::143,,,14,0,14,0,1.174411913e-05,1.169724151e-05,0.003999570456,1.874903609e-10,1.091973836e-05,6,2.453215143e-05,1.101805797e-05,143
MODE(credit_bureau_a_1.financialinstitution_382M),categorical,80,VALUE::142,,,13,4,9,0.3076923077,0.0001056970722,7.663709954e-06,2.624080999,0.0002572474831,1.013975705e-05,2,8.17738381e-06,4.220903274e-07,142
MODE(credit_bureau_a_1.financialinstitution_382M),categorical,81,VALUE::152,,,13,0,13,0,1.174411913e-05,1.08905352e-05,0.07545853444,6.441019277e-08,1.013975705e-05,0,0,2.117191853e-05,152
MODE(credit_bureau_a_1.financialinstitution_382M),categorical,82,VALUE::165,,,13,0,13,0,1.174411913e-05,1.08905352e-05,0.07545853444,6.441019277e-08,1.013975705e-05,1,4.088691905e-06,5.495813038e-06,165
MODE(credit_bureau_a_1.financialinstitution_382M),categorical,83,VALUE::68,,,12,2,10,0.1666666667,5.872059566e-05,8.470416264e-06,1.936210875,9.729494383e-05,9.35977574e-06,3,1.226607571e-05,7.859101567e-07,68
MODE(credit_bureau_a_1.financialinstitution_382M),categorical,84,VALUE::75,,,11,0,11,0,1.174411913e-05,9.277122575e-06,0.2358011845,5.817207103e-07,8.579794428e-06,2,8.17738381e-06,1.933087333e-08,75
MODE(credit_bureau_a_1.financialinstitution_382M),categorical,85,VALUE::39,,,10,0,10,0,1.174411913e-05,8.470416264e-06,0.3267729627,1.069757585e-06,7.799813116e-06,4,1.635476762e-05,6.334256661e-06,39
MODE(credit_bureau_a_1.financialinstitution_382M),categorical,86,VALUE::24,,,9,0,9,0,1.174411913e-05,7.663709954e-06,0.4268564213,1.741748859e-06,7.019831805e-06,1,4.088691905e-06,1.584322642e-06,24
MODE(credit_bureau_a_1.financialinstitution_382M),categorical,87,VALUE::56,,,9,0,9,0,1.174411913e-05,7.663709954e-06,0.4268564213,1.741748859e-06,7.019831805e-06,87,0.0003557161957,0.001368770598,56
MODE(credit_bureau_a_1.financialinstitution_382M),categorical,88,VALUE::153,,,8,0,8,0,1.174411913e-05,6.857003643e-06,0.5380820564,2.629669152e-06,6.239850493e-06,0,0,9.593936866e-06,153
MODE(credit_bureau_a_1.financialinstitution_382M),categorical,89,VALUE::33,,,8,1,7,0.125,3.52323574e-05,6.050297332e-06,1.761857488,5.141463104e-05,6.239850493e-06,2,8.17738381e-06,5.239401044e-07,33
MODE(credit_bureau_a_1.financialinstitution_382M),categorical,90,VALUE::169,,,7,0,7,0,1.174411913e-05,6.050297332e-06,0.6632451993,3.776399975e-06,5.459869182e-06,3,1.226607571e-05,5.509028985e-06,169
MODE(credit_bureau_a_1.financialinstitution_382M),categorical,91,VALUE::70,,,7,0,7,0,1.174411913e-05,6.050297332e-06,0.6632451993,3.776399975e-06,5.459869182e-06,0,0,7.570292687e-06,70
MODE(credit_bureau_a_1.financialinstitution_382M),categorical,92,VALUE::76,,,7,0,7,0,1.174411913e-05,6.050297332e-06,0.6632451993,3.776399975e-06,5.459869182e-06,0,0,7.570292687e-06,76
MODE(credit_bureau_a_1.financialinstitution_382M),categorical,93,VALUE::89,,,7,0,7,0,1.174411913e-05,6.050297332e-06,0.6632451993,3.776399975e-06,5.459869182e-06,2,8.17738381e-06,1.097733082e-06,89
MODE(credit_bureau_a_1.financialinstitution_382M),categorical,94,VALUE::17,,,6,0,6,0,1.174411913e-05,5.243591021e-06,0.806346043,5.24167512e-06,4.67988787e-06,9,3.679822714e-05,6.623365294e-05,17
MODE(credit_bureau_a_1.financialinstitution_382M),categorical,95,VALUE::44,,,6,0,6,0,1.174411913e-05,5.243591021e-06,0.806346043,5.24167512e-06,4.67988787e-06,0,0,5.679075825e-06,44
MODE(credit_bureau_a_1.financialinstitution_382M),categorical,96,VALUE::61,,,6,1,5,0.1666666667,3.52323574e-05,4.43688471e-06,2.072012416,6.380860177e-05,4.67988787e-06,4,1.635476762e-05,1.460813844e-05,61
MODE(credit_bureau_a_1.financialinstitution_382M),categorical,97,VALUE::134,,,5,0,5,0,1.174411913e-05,4.43688471e-06,0.9734001276,7.112862919e-06,3.899906558e-06,0,0,3.946635351e-06,134
MODE(credit_bureau_a_1.financialinstitution_382M),categorical,98,VALUE::29,,,5,0,5,0,1.174411913e-05,4.43688471e-06,0.9734001276,7.112862919e-06,3.899906558e-06,1,4.088691905e-06,8.92435488e-09,29
MODE(credit_bureau_a_1.financialinstitution_382M),categorical,99,VALUE::93,,,5,0,5,0,1.174411913e-05,4.43688471e-06,0.9734001276,7.112862919e-06,3.899906558e-06,0,0,3.946635351e-06,93
MODE(credit_bureau_a_1.financialinstitution_382M),categorical,100,VALUE::112,,,4,0,4,0,1.174411913e-05,3.630178399e-06,1.174070823,9.526341075e-06,3.119925247e-06,1,4.088691905e-06,2.619700522e-07,112
MODE(credit_bureau_a_1.financialinstitution_382M),categorical,101,__OTHER__,,,118,3,115,0.02542372881,8.220883393e-05,9.317457891e-05,-0.125212161,1.373044627e-06,9.203779477e-05,422,0.001725427984,0.004787517442,__OTHER__
MODE(credit_bureau_a_1.financialinstitution_382M),categorical,102,__UNSEEN__,,,0,0,0,,0,0,0,0,0,59,0.0002412328224,0.001317860217,__UNSEEN__
STD(credit_bureau_a_1.dpdmax_139P),numeric,0,__MISSING__,,,0,0,0,,0,0,0,0,0,0,0,0,__MISSING__
STD(credit_bureau_a_1.dpdmax_139P),numeric,1,BIN_00,-inf,-9999,619262,20809,598453,0.03360290152,0.4893359357,0.4827951047,0.0134568888,8.801923471e-05,0.483012787,109922,0.4494371916,0.002419021358,BIN_00
STD(credit_bureau_a_1.dpdmax_139P),numeric,2,BIN_01,-9999,0,408909,8505,400404,0.02079924873,0.2000070545,0.3230214754,-0.4793661697,0.05896895175,0.3189413782,79622,0.3255498268,0.0001355274494,BIN_01
STD(credit_bureau_a_1.dpdmax_139P),numeric,3,BIN_02,0,4.949747468,129181,5023,124158,0.03888342713,0.1181277336,0.1001633644,0.1649640301,0.002963474741,0.1007587658,27662,0.1131013955,0.001426258972,BIN_02
STD(credit_bureau_a_1.dpdmax_139P),numeric,4,BIN_03,4.949747468,inf,124730,8187,116543,0.0656377776,0.1925292762,0.0940200555,0.7167401104,0.07060550973,0.097287069,27371,0.1119115861,0.002048062244,BIN_03
STD(credit_bureau_a_1.nominalrate_498L),numeric,0,__MISSING__,,,0,0,0,,0,0,0,0,0,0,0,0,__MISSING__
STD(credit_bureau_a_1.nominalrate_498L),numeric,1,BIN_00,-inf,-9999,901046,30104,870942,0.03341005898,0.7079081033,0.7026223015,0.007494806977,3.961606433e-05,0.7027990409,110263,0.4508314355,0.1118679423,BIN_00
STD(credit_bureau_a_1.nominalrate_498L),numeric,2,BIN_01,-9999,4.242640687,125566,4153,121413,0.03307423984,0.09766966091,0.09794886895,-0.002854619447,7.970327013e-07,0.09793913338,42456,0.1735895035,0.04329827291,BIN_01
STD(credit_bureau_a_1.nominalrate_498L),numeric,3,BIN_02,4.242640687,21.24683135,127261,3413,123848,0.02681889974,0.0802685416,0.09991327568,-0.2189247832,0.00430071915,0.0992612017,48809,0.1995649632,0.07005064613,BIN_02
STD(credit_bureau_a_1.nominalrate_498L),numeric,4,BIN_03,21.24683135,inf,128209,4854,123355,0.03786005663,0.1141536942,0.09951555391,0.1372317826,0.002008818088,0.100000624,43049,0.1760140978,0.04297708064,BIN_03
SUM(credit_bureau_a_1.dpdmax_139P),numeric,0,__MISSING__,,,0,0,0,,0,0,0,0,0,0,0,0,__MISSING__
SUM(credit_bureau_a_1.dpdmax_139P),numeric,1,BIN_00,-inf,0,940609,23153,917456,0.02461490375,0.5444551568,0.740146907,-0.307063107,0.06008971681,0.7336574416,173817,0.7106841608,0.0007308743882,BIN_00
SUM(credit_bureau_a_1.dpdmax_139P),numeric,2,BIN_01,0,3,102796,3530,99266,0.03433985758,0.08301979965,0.08008204524,0.03602745471,0.000105839814,0.08017895891,20795,0.08502434816,0.0002843106841,BIN_01
SUM(credit_bureau_a_1.dpdmax_139P),numeric,3,BIN_02,3,17,111409,5321,106088,0.04776095289,0.1251352114,0.08558561102,0.3798776704,0.01502401006,0.08689693795,25051,0.1024258209,0.002553197487,BIN_02
SUM(credit_bureau_a_1.dpdmax_139P),numeric,4,BIN_03,17,inf,127268,10520,116748,0.08266021309,0.2473898321,0.09418543677,0.9656997895,0.1479494523,0.09926666157,24914,0.1018656701,6.717190979e-05,BIN_03
SUM(credit_bureau_a_1.overdueamountmax2_398A),numeric,0,__MISSING__,,,0,0,0,,0,0,0,0,0,0,0,0,__MISSING__
SUM(credit_bureau_a_1.overdueamountmax2_398A),numeric,1,BIN_00,-inf,0,727041,19517,707524,0.02684442831,0.4589437299,0.570786351,-0.2180873636,0.02439146237,0.5670783928,79612,0.3255089399,0.1340970456,BIN_00
SUM(credit_bureau_a_1.overdueamountmax2_398A),numeric,2,BIN_01,0,227.1575956,42208,657,41551,0.01556576952,0.0154607661,0.03352114176,-0.7738707413,0.0139763963,0.0329214512,12618,0.05159111445,0.008386879468,BIN_01
SUM(credit_bureau_a_1.overdueamountmax2_398A),numeric,3,BIN_02,227.1575956,4423.1232,128208,3607,124601,0.0281339698,0.08482846192,0.1005206682,-0.1697322378,0.002663473289,0.099999844,34508,0.1410925803,0.01414607774,BIN_02
SUM(credit_bureau_a_1.overdueamountmax2_398A),numeric,4,BIN_03,4423.1232,12298.582,128209,4490,123719,0.03502094237,0.1055917417,0.09980912597,0.05632054303,0.0003256800588,0.100000624,37066,0.1515514541,0.02143219437,BIN_03
SUM(credit_bureau_a_1.overdueamountmax2_398A),numeric,5,BIN_04,12298.582,38583.11807,128207,6230,121977,0.04859329054,0.146506925,0.09840378973,0.3979933802,0.01914472941,0.09999906402,38236,0.1563352237,0.0251733479,BIN_04
SUM(credit_bureau_a_1.overdueamountmax2_398A),numeric,6,BIN_05,38583.11807,inf,128209,8023,120186,0.06257751016,0.1886683754,0.09695892336,0.665703428,0.06105129659,0.100000624,42537,0.1739206876,0.04090905971,BIN_05
SUM(credit_bureau_a_1.periodicityofpmts_837L),numeric,0,__MISSING__,,,0,0,0,,0,0,0,0,0,0,0,0,__MISSING__
SUM(credit_bureau_a_1.periodicityofpmts_837L),numeric,1,BIN_00,-inf,0,553290,18825,534465,0.03402374885,0.4426821239,0.4311735616,0.02634125502,0.0003031499742,0.4315558599,95792,0.3916639749,0.003869221311,BIN_00
SUM(credit_bureau_a_1.periodicityofpmts_837L),numeric,2,BIN_01,0,30,433635,13432,420203,0.03097535946,0.3158655881,0.3389940785,-0.07066587079,0.001634394916,0.3382271961,87336,0.3570899962,0.001023684026,BIN_01
SUM(credit_bureau_a_1.periodicityofpmts_837L),numeric,3,BIN_02,30,60,205687,6874,198813,0.03341971053,0.1616540469,0.1603903805,0.007847817608,9.91702404e-06,0.160432016,44409,0.1815747188,0.002617402454,BIN_02
SUM(credit_bureau_a_1.periodicityofpmts_837L),numeric,4,BIN_03,60,inf,89470,3393,86077,0.03792332625,0.07979824108,0.06944197941,0.1390098873,0.001439622766,0.06978492795,17040,0.06967131006,1.851337622e-07,BIN_03
MODE(tax_registry_a_1.name_4527232M),categorical,0,__MISSING__,,,0,0,0,,0,0,0,0,0,0,0,0,__MISSING__
MODE(tax_registry_a_1.name_4527232M),categorical,1,VALUE::28390,,,838258,25185,813073,0.03004444932,0.5915630248,0.6559115237,-0.1032576788,0.006644476629,0.6538255743,230467,0.9423085572,0.1054382704,28390
MODE(tax_registry_a_1.name_4527232M),categorical,2,VALUE::69996,,,25917,1331,24586,0.05135625265,0.03127458925,0.01983408471,0.4554040149,0.005210051698,0.02021477565,878,0.003589871492,0.02873277862,69996
MODE(tax_registry_a_1.name_4527232M),categorical,3,VALUE::11695,,,2427,63,2364,0.02595797281,0.00149150313,0.001907457072,-0.2459865557,0.0001023190776,0.001893014643,69,0.0002821197414,0.003066490339,11695
MODE(tax_registry_a_1.name_4527232M),categorical,4,VALUE::47692,,,1860,112,1748,0.06021505376,0.002642426805,0.001410525985,0.6277350656,0.0007733073421,0.00145076524,75,0.0003066518929,0.001778104586,47692
MODE(tax_registry_a_1.name_4527232M),categorical,5,VALUE::93409,,,1695,85,1610,0.05014749263,0.002008244372,0.001299200514,0.4355118076,0.0003087969722,0.001322068323,23,9.403991381e-05,0.0032459657,93409
MODE(tax_registry_a_1.name_4527232M),categorical,6,VALUE::59505,,,1454,19,1435,0.01306740028,0.0004580206462,0.001158026909,-0.9275586335,0.0006492968529,0.001134092827,76,0.0003107405848,0.001065936437,59505
MODE(tax_registry_a_1.name_4527232M),categorical,7,VALUE::11879,,,1219,39,1180,0.03199343724,0.0009277854115,0.0009523168,-0.02609728418,6.402026187e-07,0.0009507972189,76,0.0003107405848,0.0007158024589,11879
MODE(tax_registry_a_1.name_4527232M),categorical,8,VALUE::7978,,,1151,32,1119,0.02780191138,0.0007633677436,0.0009031077151,-0.1681019463,2.349056117e-05,0.0008977584897,83,0.0003393614281,0.0005432284236,7978
MODE(tax_registry_a_1.name_4527232M),categorical,9,VALUE::59063,,,1084,25,1059,0.02306273063,0.0005989500757,0.0008547053364,-0.3555785251,9.094107837e-05,0.0008454997418,45,0.0001839911357,0.001008827271,59063
MODE(tax_registry_a_1.name_4527232M),categorical,10,VALUE::51137,,,1078,15,1063,0.01391465677,0.0003640676931,0.0008579321616,-0.8571852103,0.0004233333183,0.000840819854,37,0.0001512816005,0.001182719752,51137
MODE(tax_registry_a_1.name_4527232M),categorical,11,VALUE::74004,,,1051,40,1011,0.03805899144,0.0009512736497,0.0008159834335,0.1534077179,2.075456333e-05,0.0008197603585,67,0.0002739423576,0.0005982680222,74004
MODE(tax_registry_a_1.name_4527232M),categorical,12,VALUE::26633,,,968,18,950,0.01859504132,0.0004345324079,0.0007667743485,-0.5679220294,0.0001886875172,0.0007550219097,37,0.0001512816005,0.0009705751938,26633
MODE(tax_registry_a_1.name_4527232M),categorical,13,VALUE::84232,,,834,13,821,0.01558752998,0.0003170912166,0.0006627092344,-0.7371468516,0.0002547712337,0.0006505044139,35,0.0001431042167,0.0007682926585,84232
MODE(tax_registry_a_1.name_4527232M),categorical,14,VALUE::30737,,,781,57,724,0.07298335467,0.0013505737,0.0005844587222,0.8375985865,0.0006416968226,0.0006091654044,8,3.270953524e-05,0.001685800916,30737
MODE(tax_registry_a_1.name_4527232M),categorical,15,VALUE::25182,,,775,43,732,0.05548387097,0.001021738365,0.0005909123727,0.5475929976,0.0002359172963,0.0006044855165,9,3.679822714e-05,0.001588915873,25182
MODE(tax_registry_a_1.name_4527232M),categorical,16,VALUE::48739,,,769,11,758,0.01430429129,0.00027011474,0.0006118867368,-0.817700363,0.0002794670858,0.0005998056287,31,0.000126749449,0.000735315382,48739
MODE(tax_registry_a_1.name_4527232M),categorical,17,VALUE::59115,,,768,23,745,0.02994791667,0.0005519735992,0.0006013995548,-0.08575931261,4.238735974e-06,0.0005990256473,37,0.0001512816005,0.000616168079,59115
MODE(tax_registry_a_1.name_4527232M),categorical,18,VALUE::71529,,,755,25,730,0.03311258278,0.0005989500757,0.0005892989601,0.01624462142,1.567787197e-07,0.0005888858903,0,0,0.003749672851,71529
MODE(tax_registry_a_1.name_4527232M),categorical,19,VALUE::61985,,,751,24,727,0.03195739015,0.0005754618375,0.0005868788412,-0.01964548105,2.242925298e-07,0.000585765965,0,0,0.003726666909,61985
MODE(tax_registry_a_1.name_4527232M),categorical,20,VALUE::28651,,,729,46,683,0.06310013717,0.001092203079,0.0005513837635,0.6835210569,0.0003696613903,0.0005686063762,21,8.586253e-05,0.0009125987034,28651
MODE(tax_registry_a_1.name_4527232M),categorical,21,VALUE::83630,,,712,18,694,0.02528089888,0.0004345324079,0.0005602575329,-0.2541260297,3.195002685e-05,0.0005553466939,46,0.0001880798276,0.0003976494235,83630
MODE(tax_registry_a_1.name_4527232M),categorical,22,VALUE::52243,,,692,18,674,0.02601156069,0.0004345324079,0.0005441234067,-0.2249055431,2.464762311e-05,0.0005397470677,29,0.0001185720652,0.0006383242903,52243
MODE(tax_registry_a_1.name_4527232M),categorical,23,VALUE::105649,,,671,19,652,0.02831594635,0.0004580206462,0.0005263758679,-0.1391012732,9.508298368e-06,0.0005233674601,48,0.0001962572114,0.0003208486114,105649
MODE(tax_registry_a_1.name_4527232M),categorical,24,VALUE::92418,,,666,31,635,0.04654654655,0.0007398795053,0.0005126618606,0.3668708556,8.335953175e-05,0.0005194675536,38,0.0001553702924,0.0004394628822,92418
MODE(tax_registry_a_1.name_4527232M),categorical,25,VALUE::744,,,656,49,607,0.07469512195,0.001162667794,0.0004900740839,0.8639158948,0.000581064397,0.0005116677404,22,8.995122191e-05,0.0007331153381,744
MODE(tax_registry_a_1.name_4527232M),categorical,26,VALUE::24756,,,573,5,568,0.00872600349,0.0001291853105,0.0004586125377,-1.266957821,0.0004173704019,0.0004469292916,22,8.995122191e-05,0.0005722832713,24756
MODE(tax_registry_a_1.name_4527232M),categorical,27,VALUE::40677,,,565,17,548,0.03008849558,0.0004110441696,0.0004424784115,-0.07369099834,2.316420668e-06,0.0004406894411,25,0.0001022172976,0.0004945888643,40677
MODE(tax_registry_a_1.name_4527232M),categorical,28,VALUE::34394,,,562,12,550,0.02135231317,0.0002936029783,0.0004440918242,-0.4138029114,6.227272255e-05,0.0004383494971,53,0.000216700671,0.000156151493,34394
MODE(tax_registry_a_1.name_4527232M),categorical,29,VALUE::51233,,,560,8,552,0.01428571429,0.0001996500252,0.0004457052368,-0.8030918695,0.0001976049398,0.0004367895345,32,0.000130838141,0.0003688214894,51233
MODE(tax_registry_a_1.name_4527232M),categorical,30,VALUE::25360,,,546,21,525,0.03846153846,0.0005049971227,0.0004239241664,0.1749981453,1.418761699e-05,0.0004258697962,25,0.0001022172976,0.000461862712,25360
MODE(tax_registry_a_1.name_4527232M),categorical,31,VALUE::57712,,,541,19,522,0.03512014787,0.0004580206462,0.0004215040474,0.08308488217,3.033977302e-06,0.0004219698896,61,0.0002494102062,9.073792189e-05,57712
MODE(tax_registry_a_1.name_4527232M),categorical,32,VALUE::34154,,,537,22,515,0.04096834264,0.000528485361,0.0004158571033,0.2396734062,2.699399815e-05,0.0004188499644,12,4.906430286e-05,0.0007929613593,34154
MODE(tax_registry_a_1.name_4527232M),categorical,33,VALUE::66479,,,531,11,520,0.02071563089,0.00027011474,0.0004198906348,-0.4411474522,6.607325439e-05,0.0004141700765,20,8.17738381e-05,0.0005392528452,66479
MODE(tax_registry_a_1.name_4527232M),categorical,34,VALUE::24003,,,515,37,478,0.07184466019,0.0008808089349,0.0003860089698,0.8249801225,0.0004082001359,0.0004016903755,19,7.768514619e-05,0.0005323462655,24003
MODE(tax_registry_a_1.name_4527232M),categorical,35,VALUE::21295,,,514,15,499,0.02918287938,0.0003640676931,0.0004029498023,-0.1014721737,3.945452139e-06,0.0004009103942,9,3.679822714e-05,0.0008696048204,21295
MODE(tax_registry_a_1.name_4527232M),categorical,36,VALUE::52964,,,509,15,494,0.02946954813,0.0003640676931,0.0003989162707,-0.0914117267,3.185568655e-06,0.0003970104876,39,0.0001594589843,0.0002166887707,52964
MODE(tax_registry_a_1.name_4527232M),categorical,37,VALUE::40541,,,504,11,493,0.02182539683,0.00027011474,0.0003981095644,-0.3878804231,4.964668663e-05,0.0003931105811,15,6.133037857e-05,0.0006163864548,40541
MODE(tax_registry_a_1.name_4527232M),categorical,38,VALUE::45845,,,500,17,483,0.034,0.0004110441696,0.0003900425013,0.05244496648,1.101431791e-06,0.0003899906558,1,4.088691905e-06,0.001758901669,45845
MODE(tax_registry_a_1.name_4527232M),categorical,39,VALUE::37612,,,489,14,475,0.02862985685,0.0003405794548,0.0003835888508,-0.1189228321,5.11479918e-06,0.0003814108614,12,4.906430286e-05,0.0006815581859,37612
MODE(tax_registry_a_1.name_4527232M),categorical,40,VALUE::85818,,,486,18,468,0.03703703704,0.0004345324079,0.0003779419067,0.1395300308,7.896074383e-06,0.0003790709175,17,6.950776238e-05,0.0005251072962,85818
MODE(tax_registry_a_1.name_4527232M),categorical,41,VALUE::68239,,,484,14,470,0.02892561983,0.0003405794548,0.0003795553193,-0.1083519092,4.223109323e-06,0.0003775109548,32,0.000130838141,0.0002613840336,68239
MODE(tax_registry_a_1.name_4527232M),categorical,42,VALUE::74384,,,484,4,480,0.00826446281,0.0001056970722,0.0003876223824,-1.299454431,0.0003663490936,0.0003775109548,17,6.950776238e-05,0.0005211910371,74384
MODE(tax_registry_a_1.name_4527232M),categorical,43,VALUE::61104,,,482,4,478,0.008298755187,0.0001056970722,0.0003860089698,-1.295283414,0.0003630833516,0.0003759509922,19,7.768514619e-05,0.0004703040126,61104
MODE(tax_registry_a_1.name_4527232M),categorical,44,VALUE::107428,,,474,33,441,0.06962025316,0.0007868559819,0.0003561608363,0.7926628192,0.0003413960283,0.0003697111417,9,3.679822714e-05,0.0007681207575,107428
MODE(tax_registry_a_1.name_4527232M),categorical,45,VALUE::83762,,,471,12,459,0.02547770701,0.0002936029783,0.0003706815499,-0.233114897,1.796816327e-05,0.0003673711978,44,0.0001799024438,0.000133844826,83762
MODE(tax_registry_a_1.name_4527232M),categorical,46,VALUE::30819,,,453,12,441,0.02649006623,0.0002936029783,0.0003561608363,-0.1931539753,1.208329895e-05,0.0003533315342,0,0,0.002067272442,30819
MODE(tax_registry_a_1.name_4527232M),categorical,47,VALUE::74371,,,449,10,439,0.02227171492,0.0002466265018,0.0003545474236,-0.3629670595,3.917173967e-05,0.0003502116089,18,7.359645429e-05,0.0004315032434,74371
MODE(tax_registry_a_1.name_4527232M),categorical,48,VALUE::7700,,,447,20,427,0.04474272931,0.0004815088844,0.0003448669479,0.3337659982,4.560643234e-05,0.0003486516463,9,3.679822714e-05,0.0007012409603,7700
MODE(tax_registry_a_1.name_4527232M),categorical,49,VALUE::17010,,,436,16,420,0.03669724771,0.0003875559314,0.0003392200037,0.1332113019,6.43889185e-06,0.0003400718519,25,0.0001022172976,0.000285914496,17010
MODE(tax_registry_a_1.name_4527232M),categorical,50,VALUE::55085,,,435,19,416,0.04367816092,0.0004580206462,0.0003359931785,0.3098234044,3.780696546e-05,0.0003392918706,10,4.088691905e-05,0.0006314399552,55085
MODE(tax_registry_a_1.name_4527232M),categorical,51,VALUE::38424,,,417,11,406,0.02637889688,0.00027011474,0.0003279261154,-0.1939414932,1.121202446e-05,0.000325252207,14,5.724168667e-05,0.0004656196303,38424
MODE(tax_registry_a_1.name_4527232M),categorical,52,VALUE::86814,,,415,10,405,0.02409638554,0.0002466265018,0.0003271194091,-0.2824502159,2.273523905e-05,0.0003236922443,0,0,0.00186509444,86814
MODE(tax_registry_a_1.name_4527232M),categorical,53,VALUE::90943,,,409,10,399,0.02444987775,0.0002466265018,0.0003222791712,-0.2675431076,2.024035028e-05,0.0003190123565,19,7.768514619e-05,0.0003408905558,90943
MODE(tax_registry_a_1.name_4527232M),categorical,54,VALUE::2022,,,405,12,393,0.02962962963,0.0002936029783,0.0003174389333,-0.07805702311,1.860563693e-06,0.0003158924312,23,9.403991381e-05,0.0002688147998,2022
MODE(tax_registry_a_1.name_4527232M),categorical,55,VALUE::37718,,,404,9,395,0.02227722772,0.0002231382635,0.000319052346,-0.3575635882,3.429538348e-05,0.0003151124499,1,4.088691905e-06,0.001351306311,37718
MODE(tax_registry_a_1.name_4527232M),categorical,56,VALUE::55092,,,397,10,387,0.02518891688,0.0002466265018,0.0003125986955,-0.2370451912,1.563839127e-05,0.0003096525807,6,2.453215143e-05,0.0007229132688,55092
MODE(tax_registry_a_1.name_4527232M),categorical,57,VALUE::39375,,,389,13,376,0.03341902314,0.0003170912166,0.0003037249261,0.04306703865,5.756465503e-07,0.0003034127302,6,2.453215143e-05,0.0007014151831,39375
MODE(tax_registry_a_1.name_4527232M),categorical,58,VALUE::30650,,,388,6,382,0.01546391753,0.0001526735487,0.0003085651639,-0.7036310759,0.0001096901849,0.0003026327489,0,0,0.001723083117,30650
MODE(tax_registry_a_1.name_4527232M),categorical,59,VALUE::79846,,,383,11,372,0.02872062663,0.00027011474,0.0003004981008,-0.106594602,3.238702249e-06,0.0002987328424,10,4.088691905e-05,0.000512788369,79846
MODE(tax_registry_a_1.name_4527232M),categorical,60,VALUE::20466,,,378,11,367,0.0291005291,0.00027011474,0.0002964645693,-0.09308088284,2.452665366e-06,0.0002948329358,6,2.453215143e-05,0.0006720824429,20466
MODE(tax_registry_a_1.name_4527232M),categorical,61,VALUE::42899,,,375,11,364,0.02933333333,0.00027011474,0.0002940444503,-0.08488411564,2.031252295e-06,0.0002924929919,3,1.226607571e-05,0.0008887686196,42899
MODE(tax_registry_a_1.name_4527232M),categorical,62,VALUE::84541,,,373,9,364,0.02412868633,0.0002231382635,0.0002940444503,-0.2759393524,1.956580727e-05,0.0002909330292,0,0,0.001644817068,84541
MODE(tax_registry_a_1.name_4527232M),categorical,63,VALUE::84004,,,365,25,340,0.06849315068,0.0005989500757,0.0002746834989,0.779558727,0.0002527848399,0.0002846931788,0,0,0.001603267045,84004
MODE(tax_registry_a_1.name_4527232M),categorical,64,VALUE::102691,,,364,5,359,0.01373626374,0.0001291853105,0.0002900109188,-0.8086706845,0.0001300549548,0.0002839131974,0,0,0.00159808288,102691
MODE(tax_registry_a_1.name_4527232M),categorical,65,VALUE::66892,,,364,13,351,0.03571428571,0.0003170912166,0.0002835572683,0.1117753746,3.748269633e-06,0.0002839131974,0,0,0.00159808288,66892
MODE(tax_registry_a_1.name_4527232M),categorical,66,VALUE::81760,,,361,16,345,0.04432132964,0.0003875559314,0.0002787170304,0.3296631381,3.588017364e-05,0.0002815732535,1,4.088691905e-06,0.001174361157,81760
MODE(tax_registry_a_1.name_4527232M),categorical,67,VALUE::36416,,,356,2,354,0.005617977528,5.872059566e-05,0.0002859773872,-1.583122214,0.0003597752749,0.0002776733469,13,5.315299476e-05,0.0003711929789,36416
MODE(tax_registry_a_1.name_4527232M),categorical,68,VALUE::64377,,,356,10,346,0.02808988764,0.0002466265018,0.0002795237367,-0.125212161,4.11913388e-06,0.0002776733469,20,8.17738381e-05,0.000239484808,64377
MODE(tax_registry_a_1.name_4527232M),categorical,69,VALUE::52473,,,355,12,343,0.0338028169,0.0002936029783,0.0002771036178,0.05783693309,9.5427241e-07,0.0002768933656,2,8.17738381e-06,0.0009464876075,52473
MODE(tax_registry_a_1.name_4527232M),categorical,70,VALUE::58762,,,354,10,344,0.02824858757,0.0002466265018,0.0002779103241,-0.1194234328,3.736021455e-06,0.0002761133843,23,9.403991381e-05,0.0001961099308,58762
MODE(tax_registry_a_1.name_4527232M),categorical,71,VALUE::10736,,,347,12,335,0.03458213256,0.0002936029783,0.0002706499673,0.08140208834,1.868423029e-06,0.0002706535151,6,2.453215143e-05,0.0005909016822,10736
MODE(tax_registry_a_1.name_4527232M),categorical,72,VALUE::73194,,,345,15,330,0.04347826087,0.0003640676931,0.0002666164358,0.3115287651,3.035886986e-05,0.0002690935525,12,4.906430286e-05,0.0003744737993,73194
MODE(tax_registry_a_1.name_4527232M),categorical,73,VALUE::18579,,,341,18,323,0.05278592375,0.0004345324079,0.0002609694916,0.5098670186,8.849400668e-05,0.0002659736273,0,0,0.001479452998,18579
MODE(tax_registry_a_1.name_4527232M),categorical,74,VALUE::107220,,,334,15,319,0.04491017964,0.0003640676931,0.0002577426663,0.3453781505,3.67223411e-05,0.0002605137581,15,6.133037857e-05,0.0002880949325,107220
MODE(tax_registry_a_1.name_4527232M),categorical,75,VALUE::74607,,,330,9,321,0.02727272727,0.0002231382635,0.000259356079,-0.1504103446,5.447534102e-06,0.0002573938328,17,6.950776238e-05,0.0002459746002,74607
MODE(tax_registry_a_1.name_4527232M),categorical,76,VALUE::33792,,,328,3,325,0.009146341463,8.220883393e-05,0.0002625829042,-1.161304093,0.000209469146,0.0002558338702,0,0,0.001412933603,33792
MODE(tax_registry_a_1.name_4527232M),categorical,77,VALUE::23698,,,325,7,318,0.02153846154,0.000176161787,0.00025693596,-0.377424054,3.048611585e-05,0.0002534939263,1,4.088691905e-06,0.001029324027,23698
MODE(tax_registry_a_1.name_4527232M),categorical,78,VALUE::99951,,,324,13,311,0.04012345679,0.0003170912166,0.0002512890158,0.2325857477,1.530465405e-05,0.000252713945,14,5.724168667e-05,0.0002902715685,99951
MODE(tax_registry_a_1.name_4527232M),categorical,79,VALUE::10667,,,322,6,316,0.01863354037,0.0001526735487,0.0002553225474,-0.5142256642,5.278474953e-05,0.0002511539824,10,4.088691905e-05,0.0003816885572,10667
MODE(tax_registry_a_1.name_4527232M),categorical,80,VALUE::1719,,,318,7,311,0.02201257862,0.000176161787,0.0002512890158,-0.3552009172,2.66852606e-05,0.0002480340571,13,5.315299476e-05,0.0003001931544,1719
MODE(tax_registry_a_1.name_4527232M),categorical,81,VALUE::69629,,,317,9,308,0.02839116719,0.0002231382635,0.0002488688969,-0.1091346443,2.808103524e-06,0.0002472540758,13,5.315299476e-05,0.0002983803352,69629
MODE(tax_registry_a_1.name_4527232M),categorical,82,VALUE::77018,,,317,16,301,0.05047318612,0.0003875559314,0.0002432219527,0.4658857652,6.724314608e-05,0.0002472540758,22,8.995122191e-05,0.0001590566093,77018
MODE(tax_registry_a_1.name_4527232M),categorical,83,VALUE::9921,,,315,14,301,0.04444444444,0.0003405794548,0.0002432219527,0.3366740337,3.277774294e-05,0.0002456941132,0,0,0.001346817766,9921
MODE(tax_registry_a_1.name_4527232M),categorical,84,VALUE::47137,,,303,20,283,0.06600660066,0.0004815088844,0.0002287012391,0.7445081634,0.0001882173557,0.0002363343374,0,0,0.001286160396,47137
MODE(tax_registry_a_1.name_4527232M),categorical,85,VALUE::81997,,,297,6,291,0.0202020202,0.0001526735487,0.0002351548896,-0.4319424284,3.562719069e-05,0.0002316544496,0,0,0.001255970408,81997
MODE(tax_registry_a_1.name_4527232M),categorical,86,VALUE::100801,,,294,21,273,0.07142857143,0.0005049971227,0.000220634176,0.8280467137,0.0002354658035,0.0002293145056,15,6.133037857e-05,0.0002215406847,100801
MODE(tax_registry_a_1.name_4527232M),categorical,87,VALUE::93481,,,294,21,273,0.07142857143,0.0005049971227,0.000220634176,0.8280467137,0.0002354658035,0.0002293145056,6,2.453215143e-05,0.0004577110647,93481
MODE(tax_registry_a_1.name_4527232M),categorical,88,VALUE::4823,,,291,22,269,0.07560137457,0.000528485361,0.0002174073508,0.8882423193,0.0002763126532,0.0002269745617,11,4.497561095e-05,0.0002946049019,4823
MODE(tax_registry_a_1.name_4527232M),categorical,89,VALUE::63379,,,291,9,282,0.03092783505,0.0002231382635,0.0002278945328,-0.02109135154,1.003161481e-07,0.0002269745617,0,0,0.001225875378,63379
MODE(tax_registry_a_1.name_4527232M),categorical,90,VALUE::34614,,,288,1,287,0.003472222222,3.52323574e-05,0.0002319280644,-1.884462352,0.0003706656546,0.0002246346178,6,2.453215143e-05,0.0004431250309,34614
MODE(tax_registry_a_1.name_4527232M),categorical,91,VALUE::75039,,,288,23,265,0.07986111111,0.0005519735992,0.0002141805255,0.9466809809,0.0003197822783,0.0002246346178,8,3.270953524e-05,0.0003698028858,75039
MODE(tax_registry_a_1.name_4527232M),categorical,92,VALUE::48783,,,286,17,269,0.05944055944,0.0004110441696,0.0002174073508,0.636927891,0.0001233326907,0.0002230746551,9,3.679822714e-05,0.0003356807081,48783
MODE(tax_registry_a_1.name_4527232M),categorical,93,VALUE::85879,,,283,6,277,0.02120141343,0.0001526735487,0.0002238610013,-0.3827233558,2.724510074e-05,0.0002207347112,8,3.270953524e-05,0.0003589955181,85879
MODE(tax_registry_a_1.name_4527232M),categorical,94,VALUE::71768,,,282,5,277,0.01773049645,0.0001291853105,0.0002238610013,-0.5497774405,5.205055898e-05,0.0002199547299,3,1.226607571e-05,0.0005995108234,71768
MODE(tax_registry_a_1.name_4527232M),categorical,95,VALUE::16988,,,277,8,269,0.02888086643,0.0001996500252,0.0002174073508,-0.08520682641,1.513045355e-06,0.0002160548233,9,3.679822714e-05,0.0003172989673,16988
MODE(tax_registry_a_1.name_4527232M),categorical,96,VALUE::10446,,,272,14,258,0.05147058824,0.0003405794548,0.0002085335814,0.4905483559,6.477488614e-05,0.0002121549168,0,0,0.001131223772,10446
MODE(tax_registry_a_1.name_4527232M),categorical,97,VALUE::82259,,,268,9,259,0.03358208955,0.0002231382635,0.0002093402877,0.06383049644,8.807316475e-07,0.0002090349915,11,4.497561095e-05,0.000252057764,82259
MODE(tax_registry_a_1.name_4527232M),categorical,98,VALUE::6225,,,267,6,261,0.02247191011,0.0001526735487,0.0002109537003,-0.3233367062,1.884411225e-05,0.0002082550102,10,4.088691905e-05,0.0002724674121,6225
MODE(tax_registry_a_1.name_4527232M),categorical,99,VALUE::67490,,,266,8,258,0.03007518797,0.0001996500252,0.0002085335814,-0.04353413001,3.86737887e-07,0.0002074750289,9,3.679822714e-05,0.0002951959947,67490
MODE(tax_registry_a_1.name_4527232M),categorical,100,VALUE::33190,,,264,8,256,0.0303030303,0.0001996500252,0.0002069201687,-0.03576710067,2.600319544e-07,0.0002059150663,6,2.453215143e-05,0.0003858883829,33190
MODE(tax_registry_a_1.name_4527232M),categorical,101,__OTHER__,,,365132,14233,350899,0.03898042352,0.3343198393,0.2830728411,0.1663938839,0.008527187066,0.2847961363,9238,0.03777133582,0.4990452106,__OTHER__
MODE(tax_registry_a_1.name_4527232M),categorical,102,__UNSEEN__,,,0,0,0,,0,0,0,0,0,2156,0.008815219747,0.08007044373,__UNSEEN__
ENTROPY(applprev_1.cancelreason_3545846M),numeric,0,__MISSING__,,,0,0,0,,0,0,0,0,0,0,0,0,__MISSING__
ENTROPY(applprev_1.cancelreason_3545846M),numeric,1,BIN_00,-inf,-9999,270062,6199,263863,0.02295398834,0.1457779763,0.2128685075,-0.378589885,0.02539979647,0.210643313,35075,0.1434108686,0.02584768309,BIN_00
ENTROPY(applprev_1.cancelreason_3545846M),numeric,2,BIN_01,-9999,0,503784,13774,490010,0.02734108269,0.3239001105,0.3953097105,-0.1992343674,0.01422724647,0.3929421051,86042,0.3517992289,0.004550469809,BIN_01
ENTROPY(applprev_1.cancelreason_3545846M),numeric,3,BIN_02,0,0.5623351446,158842,5777,153065,0.03636947407,0.1358548687,0.1234836365,0.09547852413,0.001181186985,0.1238937915,36854,0.1506846515,0.005244701277,BIN_02
ENTROPY(applprev_1.cancelreason_3545846M),numeric,4,BIN_03,0.5623351446,0.6615632382,95369,4554,90815,0.04775136575,0.107096668,0.07326424436,0.3796591746,0.01284479004,0.07438603771,20361,0.08324985587,0.0009978721494,BIN_03
ENTROPY(applprev_1.cancelreason_3545846M),numeric,5,BIN_04,0.6615632382,0.8018185525,126206,6018,120188,0.0476839453,0.1415218567,0.09696053684,0.3781501105,0.01685086803,0.09843832142,27720,0.1133385396,0.002100172223,BIN_04
ENTROPY(applprev_1.cancelreason_3545846M),numeric,6,BIN_05,0.8018185525,inf,127819,6202,121617,0.04852173777,0.1458485198,0.09811336433,0.3964449583,0.0189243617,0.09969643127,38525,0.1575168556,0.0264472119,BIN_05
MAX(applprev_1.byoccupationinc_3656910L),numeric,0,__MISSING__,,,0,0,0,,0,0,0,0,0,0,0,0,__MISSING__
MAX(applprev_1.byoccupationinc_3656910L),numeric,1,BIN_00,-inf,-9999,814945,26897,788048,0.0330046813,0.6324879781,0.6357483156,-0.005141541442,1.676316062e-05,0.63564187,146661,0.5996516434,0.002097741279,BIN_00
MAX(applprev_1.byoccupationinc_3656910L),numeric,2,BIN_01,-9999,1,193144,6765,186379,0.03502568032,0.1590890386,0.1503593411,0.05643600032,0.0004926692124,0.1506487105,36319,0.1484972013,3.094858615e-05,BIN_01
MAX(applprev_1.byoccupationinc_3656910L),numeric,3,BIN_02,1,12000,19573,704,18869,0.03596791498,0.01656614111,0.01522273419,0.08457093967,0.000113613186,0.01526657421,4345,0.01776536633,0.000378779661,BIN_02
MAX(applprev_1.byoccupationinc_3656910L),numeric,4,BIN_03,12000,35000,129477,4294,125183,0.03316419132,0.1009840923,0.10099023,-6.077735986e-05,3.730352092e-10,0.1009896403,28667,0.1172105308,0.002416163067,BIN_03
MAX(applprev_1.byoccupationinc_3656910L),numeric,5,BIN_04,35000,inf,124943,3864,121079,0.0309261023,0.09087274993,0.0976793791,-0.07223029782,0.0004916448521,0.09745320502,28585,0.1168752581,0.003529664517,BIN_04
MAX(applprev_1.childnum_21L),numeric,0,__MISSING__,,,0,0,0,,0,0,0,0,0,0,0,0,__MISSING__
MAX(applprev_1.childnum_21L),numeric,1,BIN_00,-inf,-9999,467119,15212,451907,0.03256557751,0.3577139229,0.364570602,-0.01898665924,0.0001301854294,0.3643440903,85647,0.3501841956,0.0005612902284,BIN_00
MAX(applprev_1.childnum_21L),numeric,2,BIN_01,-9999,0,313029,10817,302212,0.03455590377,0.2543678134,0.2438060733,0.04240817612,0.0004479041347,0.24415677,63409,0.259259865,0.0009064934918,BIN_01
MAX(applprev_1.childnum_21L),numeric,3,BIN_02,0,1,189689,6386,183303,0.03366563164,0.1501751828,0.1478777567,0.01541653378,3.541834712e-05,0.147953875,34062,0.1392690237,0.0005253734545,BIN_02
MAX(applprev_1.childnum_21L),numeric,4,BIN_03,1,2,167756,5405,162351,0.03221941391,0.1271074847,0.1309749984,-0.02997338873,0.000115922493,0.1308465449,30713,0.1255759945,0.0002166940158,BIN_03
MAX(applprev_1.childnum_21L),numeric,5,BIN_04,2,3,78081,2447,75634,0.03133925027,0.05755167305,0.06101716656,-0.05847203755,0.0002026344665,0.06090172079,15521,0.06346058705,0.0001053168106,BIN_04
MAX(applprev_1.childnum_21L),numeric,6,BIN_05,3,inf,66408,2257,64151,0.03398686905,0.05308392315,0.05175340302,0.02538392815,3.377382751e-05,0.05179699894,15225,0.06225033425,0.001921654324,BIN_05
MAX(applprev_1.downpmt_134A),numeric,0,__MISSING__,,,0,0,0,,0,0,0,0,0,0,0,0,__MISSING__
MAX(applprev_1.downpmt_134A),numeric,1,BIN_00,-inf,-9999,272070,6232,265838,0.02290586981,0.146555677,0.2144619,-0.3807266959,0.02585371189,0.2122095155,35371,0.1446211214,0.02591722259,BIN_00
MAX(applprev_1.downpmt_134A),numeric,2,BIN_01,-9999,0,699509,25811,673698,0.03689873897,0.60695096,0.5434978769,0.1104221969,0.007006628836,0.5456039473,148080,0.6054534973,0.006229405581,BIN_01
MAX(applprev_1.downpmt_134A),numeric,3,BIN_02,0,960,54507,2024,52483,0.03713284532,0.04760561062,0.04234041017,0.1172086713,0.0006171271486,0.04251444135,10634,0.04347914972,2.164582863e-05,BIN_02
MAX(applprev_1.downpmt_134A),numeric,4,BIN_03,960,4000,146039,5285,140754,0.03618896322,0.1242872092,0.1135519404,0.0903347334,0.000969767642,0.1139076908,28644,0.1171164909,8.914270806e-05,BIN_03
MAX(applprev_1.downpmt_134A),numeric,5,BIN_04,4000,inf,109957,3172,106785,0.02884764044,0.07460054319,0.08614787257,-0.1439174797,0.001661862541,0.08576440508,21848,0.08932974074,0.0001452175976,BIN_04
MAX(applprev_1.maxdpdtolerance_577P),numeric,0,__MISSING__,,,0,0,0,,0,0,0,0,0,0,0,0,__MISSING__
MAX(applprev_1.maxdpdtolerance_577P),numeric,1,BIN_00,-inf,-9999,395336,11863,383473,0.03000738612,0.2789672322,0.3093624716,-0.1034193091,0.003143454662,0.3083546918,55633,0.2274661967,0.02461024986,BIN_00
MAX(applprev_1.maxdpdtolerance_577P),numeric,2,BIN_01,-9999,0,461956,9861,452095,0.02134618881,0.2318907034,0.3647224157,-0.4528704046,0.06015555128,0.3603170468,85722,0.3504908475,0.0002716918187,BIN_01
MAX(applprev_1.maxdpdtolerance_577P),numeric,3,BIN_02,0,1,187894,5342,182552,0.02843092382,0.1256275499,0.1472719565,-0.1589593454,0.003440580704,0.1465538086,41782,0.1708337252,0.003722064135,BIN_02
MAX(applprev_1.maxdpdtolerance_577P),numeric,4,BIN_03,1,11,111006,4887,106119,0.04402464732,0.1149283388,0.08561058536,0.294499857,0.008634074193,0.08658260548,27386,0.1119729165,0.006529323893,BIN_03
MAX(applprev_1.maxdpdtolerance_577P),numeric,5,BIN_04,11,inf,125890,10571,115319,0.08397013266,0.2485861757,0.09303257082,0.9828399131,0.1528842915,0.09819184732,34054,0.1392363141,0.01433475542,BIN_04
MEAN(applprev_1.currdebt_94A),numeric,0,__MISSING__,,,0,0,0,,0,0,0,0,0,0,0,0,__MISSING__
MEAN(applprev_1.currdebt_94A),numeric,1,BIN_00,-inf,-9999,367562,10698,356864,0.0291052938,0.2515695911,0.287895876,-0.1348792179,0.004899660903,0.2866914909,51444,0.2103386664,0.02364553552,BIN_00
MEAN(applprev_1.currdebt_94A),numeric,2,BIN_01,-9999,0,495314,16323,478991,0.03295485288,0.3838385026,0.386420273,-0.006703669301,1.730733488e-05,0.3863356634,108327,0.442915728,0.00773296353,BIN_01
MEAN(applprev_1.currdebt_94A),numeric,3,BIN_02,0,1361.4238,34581,850,33731,0.02457997166,0.01999905942,0.02721245667,-0.3079895907,0.002221651266,0.02697253374,8739,0.03573107856,0.002462918381,BIN_02
MEAN(applprev_1.currdebt_94A),numeric,4,BIN_03,1361.4238,5928.903733,128208,4021,124187,0.03136309747,0.09456345381,0.100186679,-0.05776415763,0.0003248208661,0.099999844,27613,0.1129010496,0.001565472812,BIN_03
MEAN(applprev_1.currdebt_94A),numeric,5,BIN_04,5928.903733,14626.0593,128208,4634,123574,0.03614439037,0.1089778259,0.09969214908,0.0890575006,0.0008269591651,0.099999844,25445,0.1040367655,0.0001597640966,BIN_04
MEAN(applprev_1.currdebt_94A),numeric,6,BIN_05,14626.0593,inf,128209,5998,122211,0.04678298715,0.1410515672,0.09859256624,0.358129683,0.01520582857,0.100000624,23009,0.09407671204,0.0003617489605,BIN_05
MIN(applprev_1.credacc_credlmt_575A),numeric,0,__MISSING__,,,0,0,0,,0,0,0,0,0,0,0,0,__MISSING__
MIN(applprev_1.credacc_credlmt_575A),numeric,1,BIN_00,-inf,-9999,272070,6232,265838,0.02290586981,0.1465591233,0.214462073,-0.3807039876,0.02585092371,0.2122095155,35371,0.1446211214,0.02591722259,BIN_00
MIN(applprev_1.credacc_credlmt_575A),numeric,2,BIN_01,-9999,0,971929,35605,936324,0.03663333433,0.8372741061,0.7553687419,0.1029454734,0.008431786498,0.7580864562,203875,0.8335820621,0.007167153798,BIN_01
MIN(applprev_1.credacc_credlmt_575A),numeric,3,BIN_02,0,inf,38083,687,37396,0.0180395452,0.01616677053,0.0301691851,-0.623863109,0.008735589891,0.02970402829,5331,0.02179681654,0.002447430219,BIN_02
MIN(applprev_1.currdebt_94A),numeric,0,__MISSING__,,,0,0,0,,0,0,0,0,0,0,0,0,__MISSING__
MIN(applprev_1.currdebt_94A),numeric,1,BIN_00,-inf,-9999,367562,10698,356864,0.0291052938,0.2515784647,0.2878962244,-0.1348451556,0.004897273964,0.2866914909,51444,0.2103386664,0.02364553552,BIN_00
MIN(applprev_1.currdebt_94A),numeric,2,BIN_01,-9999,0,836684,28426,808258,0.03397459495,0.6684577489,0.6520530075,0.02484733314,0.0004076140732,0.6525978838,183491,0.7502381663,0.01361394259,BIN_01
MIN(applprev_1.currdebt_94A),numeric,3,BIN_02,0,inf,77836,3400,74436,0.04368158693,0.07996378643,0.06005076803,0.2863835242,0.005702760387,0.06071062537,9642,0.03942316735,0.009191181079,BIN_02
MODE(applprev_1.postype_4733339M),categorical,0,__MISSING__,,,0,0,0,,0,0,0,0,0,0,0,0,__MISSING__
MODE(applprev_1.postype_4733339M),categorical,1,VALUE::9,,,761399,25069,736330,0.03292491847,0.5894683628,0.594024265,-0.007699118079,3.507642929e-05,0.5938769907,13,5.315299476e-05,5.535182254,9
MODE(applprev_1.postype_4733339M),categorical,2,VALUE::0,,,270062,6199,263863,0.02295398834,0.1457711209,0.212868164,-0.3786352994,0.02540530902,0.210643313,35075,0.1434108686,0.02584768309,0
MODE(applprev_1.postype_4733339M),categorical,3,VALUE::4,,,162359,6698,155661,0.04125425754,0.1575042912,0.1255777238,0.2265278238,0.007232255841,0.1266369858,125776,0.514259313,0.5432151018,4
MODE(applprev_1.postype_4733339M),categorical,4,VALUE::6,,,38933,2147,36786,0.05514602009,0.05049495638,0.029676991,0.5315014258,0.01106477828,0.03036701241,38207,0.1562166516,0.2061274798,6
MODE(applprev_1.postype_4733339M),categorical,5,VALUE::2,,,28029,1178,26851,0.04202789968,0.02771050342,0.02166206962,0.246248739,0.001489419198,0.02186209618,23934,0.09785875205,0.113901566,2
MODE(applprev_1.postype_4733339M),categorical,6,VALUE::7,,,10686,488,10198,0.04566722815,0.01148627995,0.008227496303,0.3336715228,0.001087363302,0.008334880296,12429,0.05081835168,0.07680197595,7
MODE(applprev_1.postype_4733339M),categorical,7,VALUE::8,,,6302,568,5734,0.09013011742,0.01336734934,0.004626227146,1.061073452,0.009274972702,0.004915442226,6883,0.02814246638,0.0405287873,8
MODE(applprev_1.postype_4733339M),categorical,8,VALUE::5,,,1970,73,1897,0.03705583756,0.0017282325,0.001530781412,0.1213208779,2.39549393e-05,0.001536563184,1314,0.005372541163,0.004801696128,5
MODE(applprev_1.postype_4733339M),categorical,9,VALUE::3,,,1920,86,1834,0.04479166667,0.002033906276,0.001479957049,0.3179451511,0.0001761254705,0.001497564118,649,0.002653561046,0.0006613026797,3
MODE(applprev_1.postype_4733339M),categorical,10,VALUE::1,,,422,18,404,0.04265402844,0.000434997296,0.0003263246806,0.2874469765,3.123761473e-05,0.0003291521135,297,0.001214341496,0.00115555918,1
MODE(applprev_1.postype_4733339M),categorical,11,__UNSEEN__,,,0,0,0,,0,0,0,0,0,0,0,0,__UNSEEN__
MODE(applprev_1.status_219L),categorical,0,__MISSING__,,,0,0,0,,0,0,0,0,0,0,0,0,__MISSING__
MODE(applprev_1.status_219L),categorical,1,VALUE::4,,,430997,8801,422196,0.02042009573,0.2069529027,0.3406010828,-0.498220703,0.06658629023,0.3361696054,96272,0.3936265471,0.009065946919,4
MODE(applprev_1.status_219L),categorical,2,VALUE::2,,,393804,21464,372340,0.05450427116,0.5047026735,0.3003804567,0.5189196304,0.1060268092,0.3071597605,82913,0.3390057119,0.003141569734,2
MODE(applprev_1.status_219L),categorical,3,VALUE::0,,,270062,6199,263863,0.02295398834,0.1457711209,0.212868164,-0.3786352994,0.02540530902,0.210643313,35075,0.1434108686,0.02584768309,0
MODE(applprev_1.status_219L),categorical,4,VALUE::1,,,156668,5115,151553,0.03264865831,0.1202826307,0.1222636526,-0.01633557063,3.236112347e-05,0.1221981121,24829,0.1015181313,0.00383419628,1
MODE(applprev_1.status_219L),categorical,5,VALUE::9,,,27847,745,27102,0.0267533307,0.01752921536,0.02186456033,-0.2209981384,0.0009581031685,0.02172013959,4897,0.02002232426,0.0001381886831,9
MODE(applprev_1.status_219L),categorical,6,VALUE::6,,,1470,59,1411,0.04013605442,0.001399045357,0.001138707754,0.2058960458,5.360248304e-05,0.001146572528,421,0.001721339292,0.0002335424296,6
MODE(applprev_1.status_219L),categorical,7,VALUE::7,,,1010,113,897,0.1118811881,0.002668767194,0.0007240454902,1.304517698,0.00253692388,0.0007877811248,133,0.0005437960233,9.043211932e-05,7
MODE(applprev_1.status_219L),categorical,8,VALUE::3,,,103,5,98,0.04854368932,0.0001293235204,7.946348834e-05,0.487019525,2.428280914e-05,8.03380751e-05,18,7.359645429e-05,5.908816266e-07,3
MODE(applprev_1.status_219L),categorical,9,VALUE::5,,,92,21,71,0.2282608696,0.000505537398,5.768161844e-05,2.170683466,0.000972153136,7.175828067e-05,13,5.315299476e-05,5.583982308e-06,5
MODE(applprev_1.status_219L),categorical,10,VALUE::8,,,29,2,27,0.06896551724,5.878341837e-05,2.218523786e-05,0.9744327082,3.566246415e-05,2.261945804e-05,6,2.453215143e-05,1.55261068e-07,8
MODE(applprev_1.status_219L),categorical,11,__UNSEEN__,,,0,0,0,,0,0,0,0,0,0,0,0,__UNSEEN__
SKEW(applprev_1.actualdpd_943P),numeric,0,__MISSING__,,,0,0,0,,0,0,0,0,0,0,0,0,__MISSING__
SKEW(applprev_1.actualdpd_943P),numeric,1,BIN_00,-inf,-9999,630930,17208,613722,0.02727402406,0.4046630845,0.495113385,-0.2017319662,0.01824671697,0.492113609,91351,0.3735060942,0.03270902077,BIN_00
SKEW(applprev_1.actualdpd_943P),numeric,2,BIN_01,-9999,0,648205,24956,623249,0.03850016584,0.5868596489,0.5027991799,0.1545948467,0.01299531533,0.5055877861,152911,0.6252059679,0.02540205232,BIN_01
SKEW(applprev_1.actualdpd_943P),numeric,3,BIN_02,0,inf,2947,360,2587,0.1221581269,0.008477266581,0.002087435093,1.401451977,0.00895504197,0.002298604925,315,0.00128793795,0.0005854388852,BIN_02
SKEW(applprev_1.currdebt_94A),numeric,0,__MISSING__,,,0,0,0,,0,0,0,0,0,0,0,0,__MISSING__
SKEW(applprev_1.currdebt_94A),numeric,1,BIN_00,-inf,-9999,791344,26679,764665,0.0337135304,0.6273617627,0.6168843715,0.0168417462,0.0001764575626,0.6172335311,124177,0.5077214947,0.02138927641,BIN_00
SKEW(applprev_1.currdebt_94A),numeric,2,BIN_01,-9999,0,219506,6780,212726,0.03088753838,0.1594417598,0.1716144553,-0.07357170826,0.0008955659977,0.1712105778,56263,0.2300420726,0.01737693913,BIN_01
SKEW(applprev_1.currdebt_94A),numeric,3,BIN_02,0,1.225770783,14815,692,14123,0.04670941613,0.01628396412,0.01139395778,0.3570976316,0.001746209682,0.01155542313,2682,0.01096587169,3.087303214e-05,BIN_02
SKEW(applprev_1.currdebt_94A),numeric,4,BIN_03,1.225770783,2.236067977,129890,4788,125102,0.03686196012,0.1126003786,0.1009248843,0.109468558,0.001278099527,0.1013117726,27589,0.112802921,0.001234604552,BIN_03
SKEW(applprev_1.currdebt_94A),numeric,5,BIN_04,2.236067977,inf,126527,3585,122942,0.0283338734,0.08431213479,0.09918233116,-0.1624340828,0.002415426708,0.09868869542,33866,0.13846764,0.0134717859,BIN_04
STD(applprev_1.actualdpd_943P),numeric,0,__MISSING__,,,0,0,0,,0,0,0,0,0,0,0,0,__MISSING__
STD(applprev_1.actualdpd_943P),numeric,1,BIN_00,-inf,-9999,470312,12053,458259,0.02562766844,0.2834416997,0.3696954442,-0.2656730858,0.02291529847,0.3668345706,64783,0.2648777277,0.03320149865,BIN_00
STD(applprev_1.actualdpd_943P),numeric,2,BIN_01,-9999,0,808464,30057,778407,0.03717790774,0.7068112074,0.6279710655,0.1182695054,0.009324384587,0.6305868111,179460,0.7337566492,0.01563297489,BIN_01
STD(applprev_1.actualdpd_943P),numeric,3,BIN_02,0,inf,3306,414,2892,0.1252268603,0.009747092921,0.002333490244,1.429603973,0.01059851584,0.002578618216,334,0.001365623096,0.0007710317057,BIN_02
STD(applprev_1.childnum_21L),numeric,0,__MISSING__,,,0,0,0,,0,0,0,0,0,0,0,0,__MISSING__
STD(applprev_1.childnum_21L),numeric,1,BIN_00,-inf,-9999,793915,25890,768025,0.03261054395,0.6088157833,0.6195952596,-0.01755072633,0.000189187639,0.619238863,144279,0.5899123793,0.001422834985,BIN_00
STD(applprev_1.childnum_21L),numeric,2,BIN_01,-9999,0,244859,8451,236408,0.03451374056,0.1987372431,0.1907196909,0.04117880285,0.000330153203,0.190985444,50864,0.207967225,0.001446563806,BIN_01
STD(applprev_1.childnum_21L),numeric,3,BIN_02,0,0.7071067812,121251,4128,117123,0.03404508004,0.09708178526,0.09448796347,0.02708131456,7.024410381e-05,0.09457351402,22915,0.093692375,8.248033099e-06,BIN_02
STD(applprev_1.childnum_21L),numeric,4,BIN_03,0.7071067812,inf,122057,4055,118002,0.03322218308,0.09536518836,0.09519708606,0.001764277181,2.965790389e-07,0.09520217896,26519,0.1084280206,0.001720466667,BIN_03
STD(applprev_1.maxdpdtolerance_577P),numeric,0,__MISSING__,,,0,0,0,,0,0,0,0,0,0,0,0,__MISSING__
STD(applprev_1.maxdpdtolerance_577P),numeric,1,BIN_00,-inf,-9999,660378,22797,637581,0.03452113789,0.5360775046,0.5143609368,0.04135351809,0.0008980564799,0.5150824986,99084,0.4051239487,0.02640478785,BIN_00
STD(applprev_1.maxdpdtolerance_577P),numeric,2,BIN_01,-9999,0,279225,4843,274382,0.01734443549,0.1138936898,0.2213546656,-0.6645007692,0.07140790108,0.2177902817,57257,0.2341062324,0.001178703556,BIN_01
STD(applprev_1.maxdpdtolerance_577P),numeric,3,BIN_02,0,0.5773502692,112031,2404,109627,0.02145834635,0.05654121548,0.08844062069,-0.4473615245,0.01427056654,0.08738208633,28587,0.1168834355,0.008581554839,BIN_02
STD(applprev_1.maxdpdtolerance_577P),numeric,4,BIN_03,0.5773502692,4,102285,3600,98685,0.03519577651,0.08466485603,0.07961329842,0.06151944815,0.0003107690363,0.07978038846,24956,0.1020373952,0.005476595793,BIN_03
STD(applprev_1.maxdpdtolerance_577P),numeric,5,BIN_04,4,inf,128163,8880,119283,0.06928676763,0.2088227341,0.09623047846,0.7747395982,0.08722967886,0.09996474484,34693,0.1418489883,0.01465720068,BIN_04
SUM(applprev_1.maxdpdtolerance_577P),numeric,0,__MISSING__,,,0,0,0,,0,0,0,0,0,0,0,0,__MISSING__
SUM(applprev_1.maxdpdtolerance_577P),numeric,1,BIN_00,-inf,0,857292,21724,835568,0.02534025746,0.5108461783,0.674084484,-0.2772869263,0.04526384805,0.6686717386,141355,0.5779570442,0.01322563249,BIN_00
SUM(applprev_1.maxdpdtolerance_577P),numeric,2,BIN_01,0,1,140442,4052,136390,0.02885176799,0.09529352286,0.1100313377,-0.143803371,0.002119347458,0.1095421354,30048,0.1228570144,0.001527375348,BIN_01
SUM(applprev_1.maxdpdtolerance_577P),numeric,3,BIN_02,1,2,38841,1136,37705,0.02924744471,0.02672451295,0.03041844267,-0.1294678588,0.0004782451709,0.03029525413,9146,0.03739517616,0.001494893169,BIN_02
SUM(applprev_1.maxdpdtolerance_577P),numeric,4,BIN_03,2,15,120317,5225,115092,0.04342694715,0.1228763242,0.09284944139,0.2801990834,0.008413505033,0.09384501147,29614,0.1210825221,0.006940872351,BIN_03
SUM(applprev_1.maxdpdtolerance_577P),numeric,5,BIN_04,15,inf,125190,10387,114803,0.08296988577,0.2442594617,0.09261629424,0.9697659382,0.1470583786,0.09764586041,34414,0.1407082432,0.01573246628,BIN_04
MEAN(credit_bureau_a_2.pmts_overdue_1152A),numeric,0,__MISSING__,,,0,0,0,,0,0,0,0,0,0,0,0,__MISSING__
MEAN(credit_bureau_a_2.pmts_overdue_1152A),numeric,1,BIN_00,-inf,-9999,491331,15497,475834,0.03154085535,0.3644112633,0.3838732487,-0.05202934258,0.001012594307,0.3832289978,22656,0.0926334038,0.4126407765,BIN_00
MEAN(credit_bureau_a_2.pmts_overdue_1152A),numeric,2,BIN_01,-9999,0,247229,4173,243056,0.01687908781,0.09813649991,0.196082647,-0.6921768728,0.06779605777,0.1928339997,59845,0.244687767,0.01234914394,BIN_01
MEAN(credit_bureau_a_2.pmts_overdue_1152A),numeric,3,BIN_02,0,1.501779684,30689,383,30306,0.01248004171,0.009017694433,0.02444937181,-0.9974158276,0.01539179927,0.02393684647,9745,0.03984430261,0.008105810652,BIN_02
MEAN(credit_bureau_a_2.pmts_overdue_1152A),numeric,4,BIN_03,1.501779684,117.2610882,128208,2108,126100,0.0164420317,0.04957968373,0.1017299263,-0.7187403723,0.03748248474,0.099999844,39632,0.1620430376,0.0299478362,BIN_03
MEAN(credit_bureau_a_2.pmts_overdue_1152A),numeric,5,BIN_04,117.2610882,511.1292425,128208,3921,124287,0.03058311494,0.09221092234,0.1002673123,-0.08376115511,0.0006748125263,0.099999844,36711,0.1500999685,0.020347309,BIN_04
MEAN(credit_bureau_a_2.pmts_overdue_1152A),numeric,6,BIN_05,511.1292425,3735.56439,128208,7016,121192,0.05472357419,0.1649873611,0.09777046157,0.5232463692,0.03517099864,0.099999844,36422,0.1489183366,0.01948078452,BIN_05
MEAN(credit_bureau_a_2.pmts_overdue_1152A),numeric,7,BIN_06,3735.56439,inf,128209,9426,118783,0.07352057968,0.2216565752,0.09582703238,0.838584405,0.1055186923,0.100000624,39566,0.1617731839,0.02971376444,BIN_06
MIN(credit_bureau_a_2.pmts_overdue_1152A),numeric,0,__MISSING__,,,0,0,0,,0,0,0,0,0,0,0,0,__MISSING__
MIN(credit_bureau_a_2.pmts_overdue_1152A),numeric,1,BIN_00,-inf,-9999,491331,15497,475834,0.03154085535,0.3644284018,0.3838738681,-0.05198392656,0.001010851693,0.3832289978,22656,0.0926334038,0.4126407765,BIN_00
MIN(credit_bureau_a_2.pmts_overdue_1152A),numeric,2,BIN_01,-9999,0,779274,26025,753249,0.03339646902,0.6119975074,0.6076751459,0.00708776994,3.063590384e-05,0.6078191567,219222,0.8963312168,0.112067492,BIN_01
MIN(credit_bureau_a_2.pmts_overdue_1152A),numeric,3,BIN_02,0,inf,11477,1002,10475,0.08730504487,0.02357409084,0.008450986016,1.02586514,0.01551426605,0.008951845514,2699,0.01103537945,0.0004359726248,BIN_02
MAX(static_0.avgdbddpdlast3m_4187120P),numeric,0,__MISSING__,,,0,0,0,,0,0,0,0,0,0,0,0,__MISSING__
MAX(static_0.avgdbddpdlast3m_4187120P),numeric,1,BIN_00,-inf,-9999,815022,25475,789547,0.03125682497,0.5990500041,0.6369576152,-0.06135804129,0.002325936767,0.6357019286,133222,0.5447037129,0.01405811294,BIN_00
MAX(static_0.avgdbddpdlast3m_4187120P),numeric,2,BIN_01,-9999,-15,85308,1875,83433,0.02197918132,0.04410191292,0.06730893732,-0.4227898676,0.009811694771,0.06653864573,22453,0.09180339934,0.008131875518,BIN_01
MAX(static_0.avgdbddpdlast3m_4187120P),numeric,3,BIN_02,-15,-4,150146,3523,146623,0.02346382854,0.08285422031,0.1182866831,-0.3560285137,0.01261496705,0.117111074,38767,0.1585063191,0.01252916611,BIN_02
MAX(static_0.avgdbddpdlast3m_4187120P),numeric,4,BIN_03,-4,-1,122134,3782,118352,0.03096598818,0.08894454046,0.09547940581,-0.07089754358,0.0004633059004,0.09526223752,26903,0.1099980783,0.00211944732,BIN_03
MAX(static_0.avgdbddpdlast3m_4187120P),numeric,5,BIN_04,-1,inf,109472,7869,101603,0.07188139433,0.1850493222,0.08196735859,0.8143012939,0.08393977633,0.08538611415,23232,0.09498849033,0.00102334674,BIN_04
MAX(static_0.avgpmtlast12m_4525200A),numeric,0,__MISSING__,,,0,0,0,,0,0,0,0,0,0,0,0,__MISSING__
MAX(static_0.avgpmtlast12m_4525200A),numeric,1,BIN_00,-inf,-9999,928736,28032,900704,0.03018295834,0.6591849692,0.7266324341,-0.0974165802,0.006570501373,0.7243967235,98251,0.4017180683,0.1902476833,BIN_00
MAX(static_0.avgpmtlast12m_4525200A),numeric,2,BIN_01,-9999,2652.2,96930,4203,92727,0.04336118849,0.09884541222,0.07480678628,0.2786485305,0.006698327793,0.07560358854,32617,0.1333608639,0.03278042846,BIN_01
MAX(static_0.avgpmtlast12m_4525200A),numeric,3,BIN_02,2652.2,5603.6,128214,5363,122851,0.04182850547,0.1261228425,0.09910895802,0.2410365415,0.006511333287,0.1000045239,50674,0.2071903736,0.07807659809,BIN_02
MAX(static_0.avgpmtlast12m_4525200A),numeric,4,BIN_03,5603.6,inf,128202,4926,123276,0.03842373754,0.1158467761,0.09945182161,0.1525951002,0.00250178972,0.09999516412,63035,0.2577306942,0.1493429577,BIN_03
MAX(static_0.eir_270L),numeric,0,__MISSING__,,,0,0,0,,0,0,0,0,0,0,0,0,__MISSING__
MAX(static_0.eir_270L),numeric,1,BIN_00,-inf,-9999,168054,5056,162998,0.03008556773,0.1189009335,0.1314969574,-0.1006930586,0.00126833217,0.1310789793,22779,0.0931363129,0.01296637078,BIN_00
MAX(static_0.eir_270L),numeric,2,BIN_01,-9999,0,373880,10078,363802,0.02695517278,0.2369906177,0.2934930189,-0.2138333006,0.01208209493,0.2916194128,56801,0.2322417889,0.01351853623,BIN_01
MAX(static_0.eir_270L),numeric,3,BIN_02,0,0.39,143542,5145,138397,0.03584316785,0.1209937216,0.1116504149,0.08036596218,0.0007508838321,0.1119600774,39707,0.1623496895,0.01872529529,BIN_02
MAX(static_0.eir_270L),numeric,4,BIN_03,0.39,0.412,84517,3631,80886,0.042961771,0.08539280927,0.06525415046,0.2689722439,0.005416740251,0.06592168052,22316,0.09124324855,0.008231069992,BIN_03
MAX(static_0.eir_270L),numeric,5,BIN_04,0.412,0.42,167511,6176,161335,0.03686922053,0.1452371435,0.1301553534,0.1096391156,0.001653554126,0.1306554495,42073,0.1720235345,0.01137901962,BIN_04
MAX(static_0.eir_270L),numeric,6,BIN_05,0.42,0.45,344578,12438,332140,0.03609632652,0.2924847744,0.2679501049,0.08761182442,0.002149527153,0.2687644004,60901,0.2490054257,0.001508804689,BIN_05
MAX(static_0.eir_270L),numeric,7,BIN_06,0.45,inf,0,0,0,,0,0,0,0,0,0,0,0,BIN_06
MAX(static_0.homephncnt_628L),numeric,0,__MISSING__,,,0,0,0,,0,0,0,0,0,0,0,0,__MISSING__
MAX(static_0.homephncnt_628L),numeric,1,BIN_00,-inf,0,710206,25196,685010,0.03547703061,0.5924963552,0.5526239149,0.06966703271,0.002777794598,0.5539474074,125500,0.5131308341,0.003124055627,BIN_00
MAX(static_0.homephncnt_628L),numeric,2,BIN_01,0,1,401192,11988,389204,0.02988095475,0.2819098904,0.3139860112,-0.1077609521,0.003456553312,0.3129222624,81321,0.3324965144,0.001187659525,BIN_01
MAX(static_0.homephncnt_628L),numeric,3,BIN_02,1,2,126572,3929,122643,0.03104162058,0.09240229507,0.09894115654,-0.06837347831,0.0004470847031,0.09872379458,27623,0.1129419365,0.001913020468,BIN_02
MAX(static_0.homephncnt_628L),numeric,4,BIN_03,2,inf,44112,1411,42701,0.03198676097,0.03319145934,0.03444891736,-0.03718497638,4.675854659e-05,0.03440653562,10133,0.04143071507,0.001304923824,BIN_03
MAX(static_0.lastrejectcredamount_222A),numeric,0,__MISSING__,,,0,0,0,,0,0,0,0,0,0,0,0,__MISSING__
MAX(static_0.lastrejectcredamount_222A),numeric,1,BIN_00,-inf,-9999,662128,14805,647323,0.02235972501,0.3481435323,0.5222199634,-0.4054740409,0.0705834739,0.5164474659,106918,0.4371547611,0.01321700719,BIN_00
MAX(static_0.lastrejectcredamount_222A),numeric,2,BIN_01,-9999,11100,107128,4097,103031,0.03824396983,0.09635055377,0.08311934628,0.1477156602,0.001954456549,0.08355783795,20352,0.08321305765,1.425592032e-06,BIN_01
MAX(static_0.lastrejectcredamount_222A),numeric,3,BIN_02,11100,23600,128206,5884,122322,0.04589488791,0.1383709173,0.09868211407,0.3380341711,0.0134161717,0.09999828404,27145,0.1109875418,0.001145794212,BIN_02
MAX(static_0.lastrejectcredamount_222A),numeric,4,BIN_03,23600,40000,133201,6051,127150,0.04542758688,0.1422978343,0.1025770414,0.3273081463,0.0130009391,0.1038942907,28639,0.1170960475,0.001579201669,BIN_03
MAX(static_0.lastrejectcredamount_222A),numeric,5,BIN_04,40000,80000,133772,6061,127711,0.04530843525,0.142532979,0.103029621,0.3245568757,0.01282108648,0.10433966,29507,0.120645032,0.00236755755,BIN_04
MAX(static_0.lastrejectcredamount_222A),numeric,6,BIN_05,80000,inf,117647,5626,112021,0.04782102391,0.1323041832,0.09037191393,0.3811701574,0.01598332969,0.09176246137,32016,0.13090356,0.0139051717,BIN_05
MAX(static_0.maininc_215A),numeric,0,__MISSING__,,,0,0,0,,0,0,0,0,0,0,0,0,__MISSING__
MAX(static_0.maininc_215A),numeric,1,BIN_00,-inf,-9999,432752,13579,419173,0.03137824897,0.3193072799,0.3381625929,-0.0573729249,0.001081784457,0.3375384726,78503,0.3209745806,0.0008334547078,BIN_00
MAX(static_0.maininc_215A),numeric,2,BIN_01,-9999,16000,82268,3595,78673,0.04369864346,0.08454430023,0.06346878978,0.2867273744,0.006042925774,0.06416750255,14195,0.05803898159,0.0006151932553,BIN_01
MAX(static_0.maininc_215A),numeric,3,BIN_02,16000,30000,186701,6620,180081,0.03545776402,0.155673909,0.1452783322,0.06911205747,0.000718459699,0.1456232909,34655,0.141693618,0.0001075000578,BIN_02
MAX(static_0.maininc_215A),numeric,4,BIN_03,30000,37000,68269,2423,65846,0.03549195096,0.0569859857,0.05312077976,0.07023718849,0.0002714811985,0.05324854416,13061,0.05340240497,4.439372276e-07,BIN_03
MAX(static_0.maininc_215A),numeric,5,BIN_04,37000,46000,130223,4097,126126,0.03146141619,0.09634828819,0.1017508604,-0.05455765207,0.0002947516542,0.1015715063,25077,0.1025321269,9.042452014e-06,BIN_04
MAX(static_0.maininc_215A),numeric,6,BIN_05,46000,59000,126062,4111,121951,0.03261093748,0.09667748307,0.09838273519,-0.01748481142,2.981601177e-05,0.09832600411,24437,0.09991536408,2.548528854e-05,BIN_05
MAX(static_0.maininc_215A),numeric,7,BIN_06,59000,74000,128861,3988,124873,0.03094807583,0.09378527088,0.1007400195,-0.07153531665,0.0004975101418,0.1005091718,26830,0.1096996038,0.0008041331212,BIN_06
MAX(static_0.maininc_215A),numeric,8,BIN_07,74000,inf,126946,4111,122835,0.03238384825,0.09667748307,0.09909589032,-0.02470744859,5.975267287e-05,0.09901550759,27819,0.1137433201,0.002042274119,BIN_07
MAX(static_0.maxdpdinstlnum_3546846P),numeric,0,__MISSING__,,,0,0,0,,0,0,0,0,0,0,0,0,__MISSING__
MAX(static_0.maxdpdinstlnum_3546846P),numeric,1,BIN_00,-inf,-9999,715053,18157,696896,0.02539252335,0.4269640464,0.5622123478,-0.2751798124,0.0372176022,0.5577279768,114349,0.4675378306,0.01590873732,BIN_00
MAX(static_0.maxdpdinstlnum_3546846P),numeric,2,BIN_01,-9999,2,76130,3597,72533,0.0472481282,0.08459331719,0.05851547443,0.368564031,0.009611354846,0.05937997726,14552,0.0594986446,2.369129575e-07,BIN_01
MAX(static_0.maxdpdinstlnum_3546846P),numeric,3,BIN_02,2,5,154345,6642,147703,0.04303346399,0.156194888,0.1191579116,0.270654908,0.01002423944,0.1203862155,31032,0.1268802872,0.0003411919252,BIN_02
MAX(static_0.maxdpdinstlnum_3546846P),numeric,4,BIN_03,5,7,82422,3583,78839,0.04347140327,0.08426411456,0.06360275936,0.2812992315,0.005812023338,0.06428761967,18323,0.07491710177,0.001626471479,BIN_03
MAX(static_0.maxdpdinstlnum_3546846P),numeric,5,BIN_04,7,11,136559,5761,130798,0.04218689358,0.1354786371,0.1055200188,0.2499132817,0.00748705662,0.1065134679,32839,0.1342685535,0.0064272587,BIN_04
MAX(static_0.maxdpdinstlnum_3546846P),numeric,6,BIN_05,11,inf,117573,4784,112789,0.04068961411,0.1125049968,0.09099148812,0.2122316719,0.004565847923,0.09170474275,33482,0.1368975824,0.01810691675,BIN_05
MAX(static_0.maxinstallast24m_3658928A),numeric,0,__MISSING__,,,0,0,0,,0,0,0,0,0,0,0,0,__MISSING__
MAX(static_0.maxinstallast24m_3658928A),numeric,1,BIN_00,-inf,-9999,540871,18069,522802,0.03340722649,0.4248897772,0.4217640674,0.007383711891,2.307934083e-05,0.421869272,84004,0.3434664748,0.01612008366,BIN_00
MAX(static_0.maxinstallast24m_3658928A),numeric,2,BIN_01,-9999,2149.6,100195,3676,96519,0.03668845751,0.08644994415,0.07786584207,0.1045781937,0.0008977098901,0.07815022752,15699,0.06418837421,0.002747844369,BIN_01
MAX(static_0.maxinstallast24m_3658928A),numeric,3,BIN_02,2149.6,3752.4001,128190,4891,123299,0.03815430221,0.1150196931,0.09947025622,0.1452446914,0.002258473168,0.09998580434,22082,0.09028649464,0.0009897207728,BIN_02
MAX(static_0.maxinstallast24m_3658928A),numeric,4,BIN_03,3752.4001,6030.2,128203,4386,123817,0.03421136791,0.1031450238,0.09988814593,0.03208497682,0.0001044968513,0.0999959441,24182,0.09887274764,1.268760488e-05,BIN_03
MAX(static_0.maxinstallast24m_3658928A),numeric,5,BIN_04,6030.2,10024.4,128210,3801,124409,0.02964667343,0.08938921874,0.1003657342,-0.1158207767,0.001271308543,0.100001404,26944,0.1101657147,0.0009839205617,BIN_04
MAX(static_0.maxinstallast24m_3658928A),numeric,6,BIN_05,10024.4,20733.98,128204,3358,124846,0.0261926305,0.0789724296,0.1007182782,-0.2432284954,0.005289210035,0.09999672408,31427,0.1284953205,0.007146167283,BIN_05
MAX(static_0.maxinstallast24m_3658928A),numeric,7,BIN_06,20733.98,inf,128209,4343,123866,0.03387437699,0.1021339134,0.09992767604,0.0218381435,4.818012705e-05,0.100000624,40239,0.1645248736,0.03212567794,BIN_06
MAX(static_0.maxlnamtstart6m_4525199A),numeric,0,__MISSING__,,,0,0,0,,0,0,0,0,0,0,0,0,__MISSING__
MAX(static_0.maxlnamtstart6m_4525199A),numeric,1,BIN_00,-inf,-9999,930712,28833,901879,0.03097950816,0.6780205051,0.7275803511,-0.07054691019,0.003496294004,0.7259379665,102144,0.4176353459,0.1704469203,BIN_00
MAX(static_0.maxlnamtstart6m_4525199A),numeric,2,BIN_01,-9999,19980,94971,3916,91055,0.04123363974,0.09209659973,0.07345792055,0.2261252904,0.004214676742,0.07407560515,34172,0.1397187798,0.04165357605,BIN_01
MAX(static_0.maxlnamtstart6m_4525199A),numeric,3,BIN_02,19980,42677.96,128190,4931,123259,0.03846633903,0.1159643512,0.09943810707,0.1537474157,0.002540867329,0.09998580434,49829,0.2037354289,0.07384836192,BIN_02
MAX(static_0.maxlnamtstart6m_4525199A),numeric,4,BIN_03,42677.96,inf,128209,4844,123365,0.03778205898,0.1139185439,0.09952362128,0.1350886504,0.001944590675,0.100000624,58432,0.2389104454,0.120978279,BIN_03
MAX(static_0.maxpmtlast3m_4525190A),numeric,0,__MISSING__,,,0,0,0,,0,0,0,0,0,0,0,0,__MISSING__
MAX(static_0.maxpmtlast3m_4525190A),numeric,1,BIN_00,-inf,-9999,999179,30746,968433,0.03077126321,0.72300475,0.7812719836,-0.07750754764,0.004516150382,0.779340947,130151,0.5321473401,0.09431133601,BIN_00
MAX(static_0.maxpmtlast3m_4525190A),numeric,2,BIN_01,-9999,1428.16008,26486,1126,25360,0.04251302575,0.0264896769,0.02045927587,0.2583187388,0.001557765589,0.02065858502,8753,0.03578832024,0.00831364755,BIN_01
MAX(static_0.maxpmtlast3m_4525190A),numeric,3,BIN_02,1428.16008,5398,128214,5661,122553,0.04415274463,0.1331303203,0.09886855013,0.2975373088,0.01019415488,0.1000045239,52134,0.2131598638,0.08563901578,BIN_02
MAX(static_0.maxpmtlast3m_4525190A),numeric,4,BIN_03,5398,inf,128203,4991,123212,0.03893044625,0.1173752528,0.09940019039,0.1662220621,0.002987851939,0.0999959441,53539,0.2189044759,0.09316552735,BIN_03
MAX(static_0.mobilephncnt_593L),numeric,0,__MISSING__,,,0,0,0,,0,0,0,0,0,0,0,0,__MISSING__
MAX(static_0.mobilephncnt_593L),numeric,1,BIN_00,-inf,1,713207,17797,695410,0.02495348475,0.418508677,0.5610139888,-0.2930482174,0.04176092758,0.5562881313,119801,0.4898293789,0.008455497744,BIN_00
MAX(static_0.mobilephncnt_593L),numeric,2,BIN_01,1,2,339330,12711,326619,0.0374591106,0.2989112543,0.2634963213,0.1261073141,0.00446608208,0.2646710585,68816,0.2813674221,0.001021376688,BIN_01
MAX(static_0.mobilephncnt_593L),numeric,3,BIN_02,2,3,137808,6386,131422,0.04633983513,0.1501787142,0.1060235083,0.3481651666,0.0153733046,0.1074876646,31625,0.1293048815,0.004031755035,BIN_02
MAX(static_0.mobilephncnt_593L),numeric,4,BIN_03,3,inf,91737,5630,86107,0.06137109345,0.1324013545,0.06946618155,0.6449978358,0.04059305033,0.07155314559,24335,0.0994983175,0.009213530614,BIN_03
MAX(static_0.numactivecreds_622L),numeric,0,__MISSING__,,,0,0,0,,0,0,0,0,0,0,0,0,__MISSING__
MAX(static_0.numactivecreds_622L),numeric,1,BIN_00,-inf,0,828620,26552,802068,0.03204363882,0.6243900718,0.6470592981,-0.03566265293,0.0008084447476,0.6463081145,146925,0.6007310581,0.003333004723,BIN_00
MAX(static_0.numactivecreds_622L),numeric,2,BIN_01,0,1,342331,11676,330655,0.03410734056,0.2745764306,0.2667524229,0.02890868462,0.0002261817704,0.2670117824,63652,0.2602534171,0.0001732638637,BIN_01
MAX(static_0.numactivecreds_622L),numeric,3,BIN_02,1,inf,111131,4296,106835,0.03865708038,0.1010334975,0.08618827898,0.158917927,0.002359171361,0.08668010314,34000,0.1390155248,0.02472122513,BIN_02
MAX(static_0.numactiverelcontr_750L),numeric,0,__MISSING__,,,0,0,0,,0,0,0,0,0,0,0,0,__MISSING__
MAX(static_0.numactiverelcontr_750L),numeric,1,BIN_00,-inf,0,1000544,33825,966719,0.0338066092,0.7954168675,0.7798895495,0.01971403248,0.0003061060524,0.7804056215,180254,0.7370030706,0.002483570068,BIN_00
MAX(static_0.numactiverelcontr_750L),numeric,2,BIN_01,0,1,267571,8146,259425,0.03044425592,0.1915674125,0.2092884609,-0.08847372612,0.001567847187,0.2087003795,55462,0.2267670304,0.001499957676,BIN_01
MAX(static_0.numactiverelcontr_750L),numeric,3,BIN_02,1,inf,13967,553,13414,0.03959332713,0.01301571998,0.01082198959,0.1845777192,0.0004049137527,0.01089399898,8861,0.03622989897,0.0304454576,BIN_02
MAX(static_0.numcontrs3months_479L),numeric,0,__MISSING__,,,0,0,0,,0,0,0,0,0,0,0,0,__MISSING__
MAX(static_0.numcontrs3months_479L),numeric,1,BIN_00,-inf,0,1049520,30561,1018959,0.02911902584,0.7186629199,0.822033553,-0.1343887832,0.01389185361,0.8186059862,200962,0.8216717026,1.145980084e-05,BIN_00
MAX(static_0.numcontrs3months_479L),numeric,2,BIN_01,0,1,170397,7653,162744,0.04491276255,0.1799743683,0.131292205,0.3153890307,0.0153538203,0.1329064756,28910,0.118204083,0.001723606213,BIN_01
MAX(static_0.numcontrs3months_479L),numeric,3,BIN_02,1,inf,62165,4310,57855,0.06933161747,0.1013627118,0.04667424194,0.7755128416,0.04241161065,0.04848753824,14705,0.06012421446,0.002503117035,BIN_02
MAX(static_0.numrejects9m_859L),numeric,0,__MISSING__,,,0,0,0,,0,0,0,0,0,0,0,0,__MISSING__
MAX(static_0.numrejects9m_859L),numeric,1,BIN_00,-inf,0,1052659,28605,1024054,0.02717404212,0.672666988,0.8261438842,-0.2055185623,0.03154235103,0.8210543475,194019,0.7932839147,0.000955528397,BIN_00
MAX(static_0.numrejects9m_859L),numeric,2,BIN_01,0,1,137379,7046,130333,0.05128877048,0.1657005797,0.1051450132,0.4548419471,0.02754321175,0.1071530526,29247,0.1195819721,0.001363997914,BIN_01
MAX(static_0.numrejects9m_859L),numeric,3,BIN_02,1,inf,92044,6873,85171,0.07467080961,0.1616324323,0.06871110261,0.8554140246,0.07948620861,0.07179259985,21311,0.08713411318,0.002971145752,BIN_02
MODE(static_0.bankacctype_710L),categorical,0,__MISSING__,,,0,0,0,,0,0,0,0,0,0,0,0,__MISSING__
MODE(static_0.bankacctype_710L),categorical,1,VALUE::0,,,924278,31165,893113,0.03371821032,0.7328747795,0.7205090681,0.01701685321,0.0002104254956,0.7209195668,185351,0.7578431332,0.001844289418,0
MODE(static_0.bankacctype_710L),categorical,2,VALUE::1,,,357804,11359,346445,0.03174643101,0.2671252205,0.2794909319,-0.04525230896,0.0005595769927,0.2790804332,59226,0.2421568668,0.005239982295,1
MODE(static_0.bankacctype_710L),categorical,3,__UNSEEN__,,,0,0,0,,0,0,0,0,0,0,0,0,__UNSEEN__
MODE(static_0.credtype_322L),categorical,0,__MISSING__,,,0,0,0,,0,0,0,0,0,0,0,0,__MISSING__
MODE(static_0.credtype_322L),categorical,1,VALUE::0,,,833044,27150,805894,0.0325913157,0.6384447162,0.6501456162,-0.01816127489,0.0002125032616,0.6497587518,155332,0.635104691,0.0003342780302,0
MODE(static_0.credtype_322L),categorical,2,VALUE::1,,,279824,10281,269543,0.03674095146,0.2417697409,0.2174509503,0.1060124798,0.002578095289,0.2182574906,66156,0.2704915017,0.01120759924,1
MODE(static_0.credtype_322L),categorical,3,VALUE::3,,,169213,5093,164120,0.03009816031,0.1197737854,0.1324022234,-0.1002395937,0.001265869487,0.1319829777,23089,0.09440380739,0.01259246252,3
MODE(static_0.credtype_322L),categorical,4,VALUE::2,,,1,0,1,0,1.175751305e-05,1.210106812e-06,2.273783815,2.398252159e-05,7.799813116e-07,0,0,0,2
MODE(static_0.credtype_322L),categorical,5,__UNSEEN__,,,0,0,0,,0,0,0,0,0,0,0,0,__UNSEEN__
MODE(static_0.disbursementtype_67L),categorical,0,__MISSING__,,,0,0,0,,0,0,0,0,0,0,0,0,__MISSING__
MODE(static_0.disbursementtype_67L),categorical,1,VALUE::3,,,966103,30771,935332,0.03185064118,0.7235926257,0.7545681532,-0.04191704078,0.001298402451,0.7535422851,172708,0.7061498015,0.003078508458,3
MODE(static_0.disbursementtype_67L),categorical,2,VALUE::2,,,279746,10279,269467,0.03674404638,0.2417227108,0.2173896383,0.1060999347,0.002581737408,0.218196652,66173,0.2705610094,0.01126361969,2
MODE(static_0.disbursementtype_67L),categorical,3,VALUE::1,,,35586,1444,34142,0.0405777553,0.0339674552,0.02754404789,0.2096164017,0.001346451528,0.02775641496,5477,0.02239376556,0.001151277093,1
MODE(static_0.disbursementtype_67L),categorical,4,VALUE::0,,,647,30,617,0.04636785162,0.0007172082961,0.0004981606376,0.3644437184,7.983054316e-05,0.0005046479086,219,0.0008954235272,0.0002240847472,0
MODE(static_0.disbursementtype_67L),categorical,5,__UNSEEN__,,,0,0,0,,0,0,0,0,0,0,0,0,__UNSEEN__
MODE(static_0.lastapprcommoditycat_1041M),categorical,0,__MISSING__,,,0,0,0,,0,0,0,0,0,0,0,0,__MISSING__
MODE(static_0.lastapprcommoditycat_1041M),categorical,1,VALUE::10,,,680840,22584,658256,0.03317078903,0.5308192213,0.5310316676,-0.0004001432794,8.500893742e-08,0.5310424762,171406,0.7008263246,0.04710111122,10
MODE(static_0.lastapprcommoditycat_1041M),categorical,2,VALUE::35,,,229169,8788,220381,0.03834724592,0.2065622319,0.1777871627,0.1500146127,0.004316680866,0.1787475372,27337,0.1117725706,0.03144529712,35
MODE(static_0.lastapprcommoditycat_1041M),categorical,3,VALUE::23,,,139024,3949,135075,0.02840516745,0.09282784718,0.1089687197,-0.1603141933,0.002587610951,0.1084361219,17033,0.06964268921,0.01717709309,23
MODE(static_0.lastapprcommoditycat_1041M),categorical,4,VALUE::28,,,56538,1766,54772,0.03123562913,0.04151927891,0.04418631948,-0.06225735592,0.0001660428945,0.0440985834,6780,0.02772133111,0.007602737577,28
MODE(static_0.lastapprcommoditycat_1041M),categorical,5,VALUE::1,,,49536,1336,48200,0.02697028424,0.03141268965,0.03888452585,-0.2133844384,0.001594373573,0.03863715425,6857,0.02803616039,0.003399942689,1
MODE(static_0.lastapprcommoditycat_1041M),categorical,6,VALUE::2,,,27927,835,27092,0.02989938053,0.01963733797,0.02185618441,-0.1070511683,0.0002375301037,0.02178253809,3375,0.01379933518,0.003644238153,2
MODE(static_0.lastapprcommoditycat_1041M),categorical,7,VALUE::27,,,19493,953,18540,0.04888934489,0.02241077409,0.0149570762,0.404357317,0.003013957281,0.01520417571,2615,0.01069192933,0.001588675851,27
MODE(static_0.lastapprcommoditycat_1041M),categorical,8,VALUE::43,,,18475,587,17888,0.03177266576,0.01380842137,0.01443109181,-0.0441063818,2.746373993e-05,0.01441015473,2496,0.01020537499,0.001450727244,43
MODE(static_0.lastapprcommoditycat_1041M),categorical,9,VALUE::7,,,16173,302,15871,0.01867309714,0.007109868027,0.01280392843,-0.5882683501,0.003349635516,0.01261463775,1801,0.007363734121,0.002826512638,7
MODE(static_0.lastapprcommoditycat_1041M),categorical,10,VALUE::39,,,16052,517,15535,0.03220782457,0.01216316266,0.01253286898,-0.02994278212,1.107003595e-05,0.01252026001,1474,0.006026731868,0.004747699263,39
MODE(static_0.lastapprcommoditycat_1041M),categorical,11,VALUE::16,,,8833,247,8586,0.02796331937,0.005817164749,0.006926940203,-0.1746052,0.000193772565,0.006889574926,1043,0.004264505657,0.001259201421,16
MODE(static_0.lastapprcommoditycat_1041M),categorical,12,VALUE::32,,,5863,246,5617,0.04195804196,0.005793661053,0.004531775064,0.2456506889,0.0003099831625,0.00457303043,730,0.002984745091,0.0006776606066,32
MODE(static_0.lastapprcommoditycat_1041M),categorical,13,VALUE::33,,,2455,91,2364,0.03706720978,0.00215058818,0.001907500158,0.1199478096,2.915787575e-05,0.00191485412,285,0.001165277193,0.0003723017045,33
MODE(static_0.lastapprcommoditycat_1041M),categorical,14,VALUE::40,,,2230,73,2157,0.03273542601,0.001727521653,0.00174050818,-0.007489317297,9.726022282e-08,0.001739358325,260,0.001063059895,0.0003329855568,40
MODE(static_0.lastapprcommoditycat_1041M),categorical,15,VALUE::18,,,2119,73,2046,0.03445021236,0.001727521653,0.001650961757,0.04532980973,3.470445517e-06,0.001652780399,250,0.001022172976,0.000303024669,18
MODE(static_0.lastapprcommoditycat_1041M),categorical,16,VALUE::20,,,1787,25,1762,0.01398992725,0.0005993442469,0.001421851989,-0.8638793831,0.0007105474812,0.001393826604,203,0.0008300044567,0.0002922725042,20
MODE(static_0.lastapprcommoditycat_1041M),categorical,17,VALUE::11,,,1385,53,1332,0.03826714801,0.001257447734,0.00107496044,0.1568001973,2.861404361e-05,0.001080274117,166,0.0006787228562,0.0001866238475,11
MODE(static_0.lastapprcommoditycat_1041M),categorical,18,VALUE::13,,,863,35,828,0.0405561993,0.0008343812064,0.0006683712756,0.2218465591,3.682873193e-05,0.000673123872,80,0.0003270953524,0.0002497210475,13
MODE(static_0.lastapprcommoditycat_1041M),categorical,19,VALUE::15,,,811,8,803,0.009864364982,0.0001997814156,0.0006482031623,-1.176980322,0.0005277835719,0.0006325648437,81,0.0003311840443,0.0001950260738,15
MODE(static_0.lastapprcommoditycat_1041M),categorical,20,VALUE::0,,,520,14,506,0.02692307692,0.0003408035914,0.000408605976,-0.1814449748,1.230240197e-05,0.0004055902821,74,0.000302563201,3.019242694e-05,0
MODE(static_0.lastapprcommoditycat_1041M),categorical,21,VALUE::5,,,506,13,493,0.0256916996,0.0003172998954,0.000398118557,-0.226902474,1.833795427e-05,0.0003946705437,58,0.0002371441305,8.024131609e-05,5
MODE(static_0.lastapprcommoditycat_1041M),categorical,22,VALUE::21,,,435,9,426,0.02068965517,0.0002232851116,0.0003440680133,-0.4323898689,5.222530305e-05,0.0003392918706,50,0.0002044345952,6.832039696e-05,21
MODE(static_0.lastapprcommoditycat_1041M),categorical,23,VALUE::12,,,199,7,192,0.0351758794,0.0001762777197,0.0001552944726,0.1267375663,2.659365665e-06,0.000155216281,35,0.0001431042167,9.840610558e-07,12
MODE(static_0.lastapprcommoditycat_1041M),categorical,24,VALUE::30,,,103,2,101,0.01941747573,5.875923989e-05,8.18825401e-05,-0.3318373672,7.673175062e-06,8.03380751e-05,10,4.088691905e-05,2.664663182e-05,30
MODE(static_0.lastapprcommoditycat_1041M),categorical,25,VALUE::38,,,103,3,100,0.02912621359,8.226293585e-05,8.107581557e-05,0.01453594044,1.725590966e-08,8.03380751e-05,15,6.133037857e-05,5.13147698e-06,38
MODE(static_0.lastapprcommoditycat_1041M),categorical,26,VALUE::26,,,99,0,99,0,1.175184798e-05,8.026909104e-05,-1.921374125,0.0001316472579,7.721814985e-05,9,3.679822714e-05,2.995863486e-05,26
MODE(static_0.lastapprcommoditycat_1041M),categorical,27,VALUE::41,,,93,2,91,0.02150537634,5.875923989e-05,7.381529477e-05,-0.228117541,3.434550216e-06,7.253826198e-05,12,4.906430286e-05,9.177905654e-06,41
MODE(static_0.lastapprcommoditycat_1041M),categorical,28,VALUE::29,,,83,1,82,0.01204819277,3.525554393e-05,6.655477397e-05,-0.6354024858,1.988760857e-05,6.473844887e-05,10,4.088691905e-05,1.096085376e-05,29
MODE(static_0.lastapprcommoditycat_1041M),categorical,29,VALUE::17,,,77,0,77,0,1.175184798e-05,6.252115131e-05,-1.671494417,8.48606071e-05,6.0058561e-05,5,2.044345952e-05,4.269149534e-05,17
MODE(static_0.lastapprcommoditycat_1041M),categorical,30,VALUE::9,,,53,2,51,0.03773584906,5.875923989e-05,4.154631345e-05,0.3466396236,5.966682343e-06,4.133900952e-05,6,2.453215143e-05,8.770188874e-06,9
MODE(static_0.lastapprcommoditycat_1041M),categorical,31,VALUE::44,,,43,0,43,0,1.175184798e-05,3.509251719e-05,-1.093977419,2.553416506e-05,3.35391964e-05,5,2.044345952e-05,6.483068022e-06,44
MODE(static_0.lastapprcommoditycat_1041M),categorical,32,VALUE::4,,,40,0,40,0,1.175184798e-05,3.267234359e-05,-1.022518455,2.139159285e-05,3.119925247e-05,1,4.088691905e-06,5.509324193e-05,4
MODE(static_0.lastapprcommoditycat_1041M),categorical,33,VALUE::37,,,35,0,35,0,1.175184798e-05,2.863872092e-05,-0.8907491776,1.504196819e-05,2.729934591e-05,7,2.862084333e-05,6.247048416e-08,37
MODE(static_0.lastapprcommoditycat_1041M),categorical,34,VALUE::36,,,34,2,32,0.05882352941,5.875923989e-05,2.621854732e-05,0.806981342,2.625973176e-05,2.65193646e-05,3,1.226607571e-05,1.098982487e-05,36
MODE(static_0.lastapprcommoditycat_1041M),categorical,35,VALUE::3,,,26,0,26,0,1.175184798e-05,2.137820012e-05,-0.5983612141,5.760035758e-06,2.02795141e-05,0,0,5.802384194e-05,3
MODE(static_0.lastapprcommoditycat_1041M),categorical,36,VALUE::22,,,20,1,19,0.05,3.525554393e-05,1.573112839e-05,0.806981342,1.575583905e-05,1.559962623e-05,0,0,4.010877871e-05,22
MODE(static_0.lastapprcommoditycat_1041M),categorical,37,VALUE::19,,,13,0,13,0,1.175184798e-05,1.08907812e-05,0.07609383344,6.552187232e-08,1.013975705e-05,1,4.088691905e-06,5.495813038e-06,19
MODE(static_0.lastapprcommoditycat_1041M),categorical,38,VALUE::14,,,11,0,11,0,1.175184798e-05,9.27733213e-06,0.2364364835,5.850658256e-07,8.579794428e-06,1,4.088691905e-06,3.328737207e-06,14
MODE(static_0.lastapprcommoditycat_1041M),categorical,39,VALUE::31,,,4,0,4,0,1.175184798e-05,3.630260399e-06,1.174706122,9.540478651e-06,3.119925247e-06,2,8.17738381e-06,4.873181107e-06,31
MODE(static_0.lastapprcommoditycat_1041M),categorical,40,VALUE::42,,,3,0,3,0,1.175184798e-05,2.823535866e-06,1.42602055,1.273195655e-05,2.339943935e-06,0,0,1.139122477e-06,42
MODE(static_0.lastapprcommoditycat_1041M),categorical,41,VALUE::8,,,3,0,3,0,1.175184798e-05,2.823535866e-06,1.42602055,1.273195655e-05,2.339943935e-06,1,4.088691905e-06,9.759729571e-07,8
MODE(static_0.lastapprcommoditycat_1041M),categorical,42,VALUE::24,,,2,0,2,0,1.175184798e-05,2.016811333e-06,1.762492787,1.715793187e-05,1.559962623e-06,0,0,2.489940225e-07,24
MODE(static_0.lastapprcommoditycat_1041M),categorical,43,VALUE::34,,,2,0,2,0,1.175184798e-05,2.016811333e-06,1.762492787,1.715793187e-05,1.559962623e-06,0,0,2.489940225e-07,34
MODE(static_0.lastapprcommoditycat_1041M),categorical,44,VALUE::25,,,1,0,1,0,1.175184798e-05,1.2100868e-06,2.273318411,2.396477977e-05,7.799813116e-07,0,0,0,25
MODE(static_0.lastapprcommoditycat_1041M),categorical,45,VALUE::6,,,1,0,1,0,1.175184798e-05,1.2100868e-06,2.273318411,2.396477977e-05,7.799813116e-07,0,0,0,6
MODE(static_0.lastapprcommoditycat_1041M),categorical,46,__UNSEEN__,,,0,0,0,,0,0,0,0,0,0,0,0,__UNSEEN__
MODE(static_0.lastapprcommoditytypec_5251766M),categorical,0,__MISSING__,,,0,0,0,,0,0,0,0,0,0,0,0,__MISSING__
MODE(static_0.lastapprcommoditytypec_5251766M),categorical,1,VALUE::19,,,1282082,42524,1239558,0.0331679253,1,1,0,0,1,221575,0.9059519088,0.009289041105,19
MODE(static_0.lastapprcommoditytypec_5251766M),categorical,2,__UNSEEN__,,,0,0,0,,0,0,0,0,0,23002,0.09404809119,1.076986052,__UNSEEN__
MODE(static_0.lastcancelreason_561M),categorical,0,__MISSING__,,,0,0,0,,0,0,0,0,0,0,0,0,__MISSING__
MODE(static_0.lastcancelreason_561M),categorical,1,VALUE::24,,,912239,23738,888501,0.02602168949,0.5577917195,0.716769308,-0.2507684124,0.03986655746,0.7115293718,161814,0.6616075919,0.003631513922,24
MODE(static_0.lastcancelreason_561M),categorical,2,VALUE::70,,,246158,14281,231877,0.05801558349,0.3355773298,0.1870595325,0.5844254992,0.08679758781,0.1919986397,54639,0.223402037,0.004757134766,70
MODE(static_0.lastcancelreason_561M),categorical,3,VALUE::58,,,19157,544,18613,0.02839693063,0.01279430424,0.01501582779,-0.1601047398,0.000355676449,0.01494210199,3992,0.01632205808,0.0001218978486,58
MODE(static_0.lastcancelreason_561M),categorical,4,VALUE::36,,,15183,423,14760,0.0278601067,0.009951125523,0.011907547,-0.1794867381,0.0003511517091,0.01184245625,3232,0.01321465224,0.0001504409397,36
MODE(static_0.lastcancelreason_561M),categorical,5,VALUE::68,,,13730,771,12959,0.05615440641,0.01812820151,0.01045464959,0.5504220036,0.004223691822,0.01070914341,3536,0.01445761458,0.001125003668,68
MODE(static_0.lastcancelreason_561M),categorical,6,VALUE::22,,,9064,228,8836,0.02515445719,0.005369143287,0.007128555202,-0.2834402185,0.0004986880978,0.007069750609,3081,0.01259725976,0.003192988357,22
MODE(static_0.lastcancelreason_561M),categorical,7,VALUE::63,,,8991,458,8533,0.05093982872,0.01077353259,0.006884119936,0.4478751396,0.001741971236,0.007012811973,2250,0.009199556786,0.0005935187316,63
MODE(static_0.lastcancelreason_561M),categorical,8,VALUE::62,,,8947,185,8762,0.02067732201,0.00435875746,0.00706885814,-0.4835119285,0.001310366006,0.006978492795,1778,0.007269694207,1.190468258e-05,62
MODE(static_0.lastcancelreason_561M),categorical,9,VALUE::30,,,6603,215,6388,0.03256095714,0.005063677804,0.005153711866,-0.01762414774,1.586773611e-06,0.005150216601,1075,0.004395343798,0.0001196420698,30
MODE(static_0.lastcancelreason_561M),categorical,10,VALUE::35,,,6394,273,6121,0.04269627776,0.006426523803,0.004938318414,0.2634088991,0.000392006543,0.004987200507,1810,0.007400532348,0.0009524870654,35
MODE(static_0.lastcancelreason_561M),categorical,11,VALUE::71,,,4590,178,4412,0.03877995643,0.004194276047,0.003559638978,0.1640616207,0.0001041195861,0.00358011422,405,0.001655920221,0.001483626357,71
MODE(static_0.lastcancelreason_561M),categorical,12,VALUE::7,,,4566,99,4467,0.02168199737,0.002337985808,0.003604008416,-0.4327568821,0.0005478799966,0.003561394669,1355,0.005540177531,0.0008743733246,7
MODE(static_0.lastcancelreason_561M),categorical,13,VALUE::57,,,4444,136,4308,0.03060306031,0.003207387565,0.003475740405,-0.0803507593,2.156235443e-05,0.003466236949,437,0.001786758362,0.001112934273,57
MODE(static_0.lastcancelreason_561M),categorical,14,VALUE::72,,,4229,295,3934,0.0697564436,0.006943465388,0.003174028229,0.7827994696,0.002950713409,0.003298540967,690,0.002821197414,7.461778549e-05,72
MODE(static_0.lastcancelreason_561M),categorical,15,VALUE::59,,,4181,148,4033,0.03539823009,0.003489355703,0.003253893216,0.06986491462,1.64505665e-05,0.003261101864,1179,0.004820567756,0.0006094807202,59
MODE(static_0.lastcancelreason_561M),categorical,16,VALUE::25,,,2706,83,2623,0.03067257945,0.001962028291,0.002116422178,-0.07574823052,1.169506373e-05,0.002110629429,619,0.002530900289,7.631651228e-05,25
MODE(static_0.lastcancelreason_561M),categorical,17,VALUE::26,,,1606,68,1538,0.04234122042,0.001609568119,0.00124113418,0.2599402713,9.577081809e-05,0.001252649987,168,0.00068690024,0.0003399180086,26
MODE(static_0.lastcancelreason_561M),categorical,18,VALUE::18,,,1317,28,1289,0.02126044039,0.0006696743268,0.001040261634,-0.4404360173,0.0001632199979,0.001027235387,392,0.001602767227,0.0002560314096,18
MODE(static_0.lastcancelreason_561M),categorical,19,VALUE::44,,,1190,65,1125,0.05462184874,0.001539076084,0.0009079600385,0.527737203,0.0003330634169,0.0009281777609,197,0.0008054723052,1.739895224e-05,44
MODE(static_0.lastcancelreason_561M),categorical,20,VALUE::65,,,1073,38,1035,0.03541472507,0.0009046477748,0.0008353555041,0.07968828121,5.521781956e-06,0.0008369199474,160,0.0006541907048,4.501160611e-05,65
MODE(static_0.lastcancelreason_561M),categorical,21,VALUE::43,,,704,89,615,0.1264204545,0.00210301236,0.0004965343436,1.4434734,0.002318908284,0.0005491068434,362,0.00148010647,0.0009231571328,43
MODE(static_0.lastcancelreason_561M),categorical,22,VALUE::9,,,703,31,672,0.04409672831,0.0007401663612,0.0005425172153,0.3106551551,6.140072606e-05,0.0005483268621,117,0.0004783769529,9.546242259e-06,9
MODE(static_0.lastcancelreason_561M),categorical,23,VALUE::1,,,658,24,634,0.03647416413,0.0005756849476,0.0005118619675,0.1175055511,7.499554454e-06,0.0005132277031,90,0.0003679822714,4.832095475e-05,1
MODE(static_0.lastcancelreason_561M),categorical,24,VALUE::52,,,574,5,569,0.008710801394,0.0001292353964,0.0004594253593,-1.26834097,0.0004187934578,0.0004477092729,83,0.0003393614281,3.002084512e-05,52
MODE(static_0.lastcancelreason_561M),categorical,25,VALUE::10,,,454,8,446,0.01762114537,0.0001997274308,0.0003601991623,-0.5897035161,9.46307443e-05,0.0003541115155,122,0.0004988204124,4.958222536e-05,10
MODE(static_0.lastcancelreason_561M),categorical,26,VALUE::55,,,447,48,399,0.1073825503,0.001139621223,0.000322283461,1.263019753,0.001032313738,0.0003486516463,110,0.0004497561095,2.574445002e-05,55
MODE(static_0.lastcancelreason_561M),categorical,27,VALUE::20,,,376,2,374,0.005319148936,5.8743362e-05,0.0003021155348,-1.63763135,0.0003985539,0.0002932729732,130,0.0005315299476,0.000141680872,20
MODE(static_0.lastcancelreason_561M),categorical,28,VALUE::40,,,356,3,353,0.008426966292,8.22407068e-05,0.0002851744768,-1.243450796,0.0002523381578,0.0002776733469,42,0.00017172506,5.09135237e-05,40
MODE(static_0.lastcancelreason_561M),categorical,29,VALUE::0,,,155,10,145,0.06451612903,0.0002467221204,0.0001173773306,0.7428688913,9.608622059e-05,0.0001208971033,5,2.044345952e-05,0.00017853393,0
MODE(static_0.lastcancelreason_561M),categorical,30,VALUE::33,,,113,6,107,0.05309734513,0.0001527327412,8.672208275e-05,0.5659810501,3.736078179e-05,8.813788822e-05,19,7.768514619e-05,1.319537735e-06,33
MODE(static_0.lastcancelreason_561M),categorical,31,VALUE::29,,,91,0,91,0,1.17486724e-05,7.381460997e-05,-1.837816432,0.0001140657999,7.097829936e-05,12,4.906430286e-05,8.091577681e-06,29
MODE(static_0.lastcancelreason_561M),categorical,32,VALUE::19,,,90,2,88,0.02222222222,5.8743362e-05,7.139445882e-05,-0.1950420994,2.467496484e-06,7.019831805e-05,16,6.541907048e-05,3.369873168e-07,19
MODE(static_0.lastcancelreason_561M),categorical,33,VALUE::13,,,81,2,79,0.02469135802,5.8743362e-05,6.413400538e-05,-0.08779656904,4.732799939e-07,6.317848624e-05,13,5.315299476e-05,1.732298527e-06,13
MODE(static_0.lastcancelreason_561M),categorical,34,VALUE::8,,,80,4,76,0.05,0.0001057380516,6.171385424e-05,0.5384563767,2.37051098e-05,6.239850493e-05,8,3.270953524e-05,1.917535388e-05,8
MODE(static_0.lastcancelreason_561M),categorical,35,VALUE::60,,,78,3,75,0.03846153846,8.22407068e-05,6.090713719e-05,0.300300033,6.406471659e-06,6.083854231e-05,14,5.724168667e-05,2.19196292e-07,60
MODE(static_0.lastcancelreason_561M),categorical,36,VALUE::34,,,76,8,68,0.1052631579,0.0001997274308,5.526011785e-05,1.284902139,0.0001856263594,5.927857969e-05,9,3.679822714e-05,1.071859506e-05,34
MODE(static_0.lastcancelreason_561M),categorical,37,VALUE::73,,,72,1,71,0.01388888889,3.52460172e-05,5.768026899e-05,-0.4925626208,1.105027386e-05,5.615865444e-05,13,5.315299476e-05,1.653303721e-07,73
MODE(static_0.lastcancelreason_561M),categorical,38,VALUE::50,,,68,2,66,0.02941176471,5.8743362e-05,5.364668375e-05,0.09075850496,4.625668985e-07,5.303872919e-05,22,8.995122191e-05,1.949884556e-05,50
MODE(static_0.lastcancelreason_561M),categorical,39,VALUE::47,,,53,2,51,0.03773584906,5.8743362e-05,4.154592802e-05,0.346378645,5.95682388e-06,4.133900952e-05,13,5.315299476e-05,2.96965612e-06,47
MODE(static_0.lastcancelreason_561M),categorical,40,VALUE::61,,,53,2,51,0.03773584906,5.8743362e-05,4.154592802e-05,0.346378645,5.95682388e-06,4.133900952e-05,7,2.862084333e-05,4.676105385e-06,61
MODE(static_0.lastcancelreason_561M),categorical,41,VALUE::51,,,50,2,48,0.04,5.8743362e-05,3.912577687e-05,0.4063966547,7.97252097e-06,3.899906558e-05,3,1.226607571e-05,3.092205757e-05,51
MODE(static_0.lastcancelreason_561M),categorical,42,VALUE::3,,,47,2,45,0.04255319149,5.8743362e-05,3.670562572e-05,0.4702481267,1.03632042e-05,3.665912165e-05,7,2.862084333e-05,1.989691257e-06,3
MODE(static_0.lastcancelreason_561M),categorical,43,VALUE::39,,,36,1,35,0.02777777778,3.52460172e-05,2.863845523e-05,0.2076021324,1.371743954e-06,2.807932722e-05,66,0.0002698536657,0.0005470981465,39
MODE(static_0.lastcancelreason_561M),categorical,44,VALUE::23,,,35,2,33,0.05714285714,5.8743362e-05,2.702502114e-05,0.7764150138,2.462659606e-05,2.729934591e-05,0,0,8.696832713e-05,23
MODE(static_0.lastcancelreason_561M),categorical,45,VALUE::69,,,31,2,29,0.06451612903,5.8743362e-05,2.379815294e-05,0.9035701893,3.157544916e-05,2.417942066e-05,6,2.453215143e-05,5.108485063e-09,69
MODE(static_0.lastcancelreason_561M),categorical,46,VALUE::48,,,28,0,28,0,1.17486724e-05,2.299143589e-05,-0.6713815471,7.548183947e-06,2.183947673e-05,0,0,6.426309431e-05,48
MODE(static_0.lastcancelreason_561M),categorical,47,VALUE::17,,,25,0,25,0,1.17486724e-05,2.057128475e-05,-0.560155912,4.942038464e-06,1.949953279e-05,3,1.226607571e-05,3.353091639e-06,17
MODE(static_0.lastcancelreason_561M),categorical,48,VALUE::42,,,24,0,24,0,1.17486724e-05,1.97645677e-05,-0.5201505774,4.169472567e-06,1.871955148e-05,7,2.862084333e-05,4.203759095e-06,42
MODE(static_0.lastcancelreason_561M),categorical,49,VALUE::4,,,22,0,22,0,1.17486724e-05,1.81511336e-05,-0.434992769,2.785024325e-06,1.715958886e-05,0,0,4.593455459e-05,4
MODE(static_0.lastcancelreason_561M),categorical,50,VALUE::53,,,22,3,19,0.1363636364,8.22407068e-05,1.573098245e-05,1.654018224,0.0001100082961,1.715958886e-05,4,1.635476762e-05,3.866174666e-08,53
MODE(static_0.lastcancelreason_561M),categorical,51,VALUE::66,,,21,0,21,0,1.17486724e-05,1.734441655e-05,-0.3895303949,2.179712429e-06,1.637960754e-05,2,8.17738381e-06,5.697796495e-06,66
MODE(static_0.lastcancelreason_561M),categorical,52,VALUE::45,,,17,1,16,0.05882352941,3.52460172e-05,1.331083131e-05,0.973774448,2.135992353e-05,1.32596823e-05,2,8.17738381e-06,2.456558214e-06,45
MODE(static_0.lastcancelreason_561M),categorical,53,VALUE::11,,,13,1,12,0.07692307692,3.52460172e-05,1.008396311e-05,1.251406185,3.14879501e-05,1.013975705e-05,6,2.453215143e-05,1.271597579e-05,11
MODE(static_0.lastcancelreason_561M),categorical,54,VALUE::46,,,13,1,12,0.07692307692,3.52460172e-05,1.008396311e-05,1.251406185,3.14879501e-05,1.013975705e-05,7,2.862084333e-05,1.917729101e-05,46
MODE(static_0.lastcancelreason_561M),categorical,55,VALUE::2,,,9,2,7,0.2222222222,5.8743362e-05,6.050377866e-06,2.273057432,0.0001197741792,7.019831805e-06,2,8.17738381e-06,1.766806507e-07,2
MODE(static_0.lastcancelreason_561M),categorical,56,VALUE::41,,,6,0,6,0,1.17486724e-05,5.243660817e-06,0.8067203633,5.247725307e-06,4.67988787e-06,0,0,5.679075825e-06,41
MODE(static_0.lastcancelreason_561M),categorical,57,VALUE::27,,,5,0,5,0,1.17486724e-05,4.436943769e-06,0.973774448,7.119974512e-06,3.899906558e-06,4,1.635476762e-05,1.785487605e-05,27
MODE(static_0.lastcancelreason_561M),categorical,58,VALUE::38,,,5,0,5,0,1.17486724e-05,4.436943769e-06,0.973774448,7.119974512e-06,3.899906558e-06,0,0,3.946635351e-06,38
MODE(static_0.lastcancelreason_561M),categorical,59,VALUE::6,,,4,0,4,0,1.17486724e-05,3.63022672e-06,1.174445143,9.534669101e-06,3.119925247e-06,0,0,2.412070114e-06,6
MODE(static_0.lastcancelreason_561M),categorical,60,VALUE::67,,,4,0,4,0,1.17486724e-05,3.63022672e-06,1.174445143,9.534669101e-06,3.119925247e-06,0,0,2.412070114e-06,67
MODE(static_0.lastcancelreason_561M),categorical,61,VALUE::15,,,3,1,2,0.3333333333,3.52460172e-05,2.016792622e-06,2.860844097,9.506363098e-05,2.339943935e-06,0,0,1.139122477e-06,15
MODE(static_0.lastcancelreason_561M),categorical,62,VALUE::49,,,3,0,3,0,1.17486724e-05,2.823509671e-06,1.425759572,1.272513619e-05,2.339943935e-06,0,0,1.139122477e-06,49
MODE(static_0.lastcancelreason_561M),categorical,63,VALUE::21,,,2,0,2,0,1.17486724e-05,2.016792622e-06,1.762231808,1.71498281e-05,1.559962623e-06,0,0,2.489940225e-07,21
MODE(static_0.lastcancelreason_561M),categorical,64,VALUE::37,,,2,0,2,0,1.17486724e-05,2.016792622e-06,1.762231808,1.71498281e-05,1.559962623e-06,0,0,2.489940225e-07,37
MODE(static_0.lastcancelreason_561M),categorical,65,VALUE::5,,,2,0,2,0,1.17486724e-05,2.016792622e-06,1.762231808,1.71498281e-05,1.559962623e-06,0,0,2.489940225e-07,5
MODE(static_0.lastcancelreason_561M),categorical,66,VALUE::12,,,1,0,1,0,1.17486724e-05,1.210075573e-06,2.273057432,2.395483584e-05,7.799813116e-07,0,0,0,12
MODE(static_0.lastcancelreason_561M),categorical,67,VALUE::14,,,1,0,1,0,1.17486724e-05,1.210075573e-06,2.273057432,2.395483584e-05,7.799813116e-07,0,0,0,14
MODE(static_0.lastcancelreason_561M),categorical,68,VALUE::54,,,1,0,1,0,1.17486724e-05,1.210075573e-06,2.273057432,2.395483584e-05,7.799813116e-07,0,0,0,54
MODE(static_0.lastcancelreason_561M),categorical,69,__UNSEEN__,,,0,0,0,,0,0,0,0,0,442,0.001807201822,0.01354567373,__UNSEEN__
MODE(static_0.lastrejectcommoditycat_161M),categorical,0,__MISSING__,,,0,0,0,,0,0,0,0,0,0,0,0,__MISSING__
MODE(static_0.lastrejectcommoditycat_161M),categorical,1,VALUE::11,,,1010903,31447,979456,0.03110783132,0.7391324786,0.7901515876,-0.06674763781,0.003405405008,0.7884854479,205082,0.8385171132,0.003078000063,11
MODE(static_0.lastrejectcommoditycat_161M),categorical,2,VALUE::35,,,90890,4861,86029,0.05348223127,0.1142632179,0.06940210821,0.498587471,0.02236718722,0.07089250142,12707,0.05195500803,0.005885518256,35
MODE(static_0.lastrejectcommoditycat_161M),categorical,3,VALUE::24,,,53800,1859,51941,0.03455390335,0.04370512263,0.04190248233,0.04212024853,7.59276574e-05,0.04196299457,8143,0.03329421818,0.00200599295,24
MODE(static_0.lastrejectcommoditycat_161M),categorical,4,VALUE::28,,,36058,1404,34654,0.03893726774,0.03301094097,0.02795663533,0.1661844797,0.000839947153,0.02812456614,5064,0.02070513581,0.002272287034,28
MODE(static_0.lastrejectcommoditycat_161M),categorical,5,VALUE::1,,,23756,769,22987,0.03237076949,0.01808609404,0.0185445802,-0.02503421619,1.147784176e-05,0.01852923604,3944,0.01612580087,0.0003339075249,1
MODE(static_0.lastrejectcommoditycat_161M),categorical,6,VALUE::2,,,16859,540,16319,0.03203036954,0.01270374766,0.01316534102,-0.03569065427,1.647456875e-05,0.01314970493,2403,0.009825126647,0.0009689691927,2
MODE(static_0.lastrejectcommoditycat_161M),categorical,7,VALUE::27,,,14518,436,14082,0.03003168481,0.01025936328,0.01136069824,-0.101969096,0.0001123021294,0.01132376868,2109,0.008623051227,0.0007358508387,27
MODE(static_0.lastrejectcommoditycat_161M),categorical,8,VALUE::8,,,8236,164,8072,0.01991257892,0.003866357985,0.006512283793,-0.521377233,0.001379525476,0.006423926083,1243,0.005082244038,0.0003143246627,8
MODE(static_0.lastrejectcommoditycat_161M),categorical,9,VALUE::43,,,8187,308,7879,0.03762061805,0.007250890202,0.006356585958,0.1316328137,0.000117719784,0.006385706998,1307,0.00534392032,0.0001855450052,43
MODE(static_0.lastrejectcommoditycat_161M),categorical,10,VALUE::39,,,5761,202,5559,0.03506335706,0.004759498431,0.004484985041,0.05940713085,1.630805287e-05,0.004493472336,811,0.003315929135,0.0003578411135,39
MODE(static_0.lastrejectcommoditycat_161M),categorical,11,VALUE::17,,,3181,104,3077,0.03269412135,0.002456136227,0.00248269475,-0.01075508721,2.856392304e-07,0.002481120552,454,0.001856266125,0.0001812973153,17
MODE(static_0.lastrejectcommoditycat_161M),categorical,12,VALUE::32,,,2683,171,2512,0.06373462542,0.004030883856,0.002026895389,0.6874804137,0.00137770282,0.002092689859,349,0.001426953475,0.0002549161323,32
MODE(static_0.lastrejectcommoditycat_161M),categorical,13,VALUE::33,,,1685,28,1657,0.01661721068,0.0006698553348,0.001337145913,-0.6912309353,0.0004612518909,0.00131426851,216,0.0008831574514,0.0001713804521,33
MODE(static_0.lastrejectcommoditycat_161M),categorical,14,VALUE::40,,,1252,62,1190,0.04952076677,0.001468980997,0.0009604055566,0.4249685903,0.0002161285881,0.0009765366022,183,0.0007482306186,6.079810913e-05,40
MODE(static_0.lastrejectcommoditycat_161M),categorical,15,VALUE::21,,,1082,32,1050,0.02957486137,0.0007638701186,0.0008474641219,-0.1038507315,8.681298398e-06,0.0008439397792,130,0.0005315299476,0.0001444338128,21
MODE(static_0.lastrejectcommoditycat_161M),categorical,16,VALUE::19,,,631,36,595,0.05705229794,0.0008578849024,0.0004804044594,0.5798415712,0.0002188788532,0.0004921682076,105,0.00042931265,8.58827554e-06,19
MODE(static_0.lastrejectcommoditycat_161M),categorical,17,VALUE::14,,,522,20,502,0.03831417625,0.0004818257671,0.0004053790778,0.1727599457,1.320692588e-05,0.0004071502447,59,0.0002412328224,8.6844453e-05,14
MODE(static_0.lastrejectcommoditycat_161M),categorical,18,VALUE::12,,,403,13,390,0.03225806452,0.0003172998954,0.0003150259301,0.007192415607,1.635530326e-08,0.0003143324686,54,0.0002207893629,3.304336359e-05,12
MODE(static_0.lastrejectcommoditycat_161M),categorical,19,VALUE::22,,,296,15,281,0.05067567568,0.0003643072873,0.000227092956,0.4726382758,6.485274495e-05,0.0002308744682,33,0.0001349268329,5.153745513e-05,22
MODE(static_0.lastrejectcommoditycat_161M),categorical,20,VALUE::0,,,293,8,285,0.02730375427,0.0001997814156,0.0002303198542,-0.1422451662,4.343945266e-06,0.0002285345243,38,0.0001553702924,2.823232402e-05,0
MODE(static_0.lastrejectcommoditycat_161M),categorical,21,VALUE::16,,,208,5,203,0.02403846154,0.0001292703278,0.0001641684425,-0.2389872132,8.340203181e-06,0.0001622361128,30,0.0001226607571,1.10664681e-05,16
MODE(static_0.lastrejectcommoditycat_161M),categorical,22,VALUE::6,,,202,10,192,0.0495049505,0.0002467888075,0.0001552944726,0.4632098029,4.238107285e-05,0.000157556225,25,0.0001022172976,2.3944128e-05,6
MODE(static_0.lastrejectcommoditycat_161M),categorical,23,VALUE::29,,,181,7,174,0.03867403315,0.0001762777197,0.000140773431,0.2249089783,7.985233289e-06,0.0001411766174,29,0.0001185720652,3.944286189e-06,29
MODE(static_0.lastrejectcommoditycat_161M),categorical,24,VALUE::26,,,98,2,96,0.02040816327,5.875923989e-05,7.784891744e-05,-0.281321577,5.370338192e-06,7.643816854e-05,10,4.088691905e-05,2.22434205e-05,26
MODE(static_0.lastrejectcommoditycat_161M),categorical,25,VALUE::30,,,73,2,71,0.02739726027,5.875923989e-05,5.768080411e-05,0.01852398162,1.997692456e-08,5.693863575e-05,5,2.044345952e-05,3.738241478e-05,30
MODE(static_0.lastrejectcommoditycat_161M),categorical,26,VALUE::41,,,50,2,48,0.04,5.875923989e-05,3.912613985e-05,0.4066576334,7.983949998e-06,3.899906558e-05,7,2.862084333e-05,3.21104735e-06,41
MODE(static_0.lastrejectcommoditycat_161M),categorical,27,VALUE::13,,,47,0,47,0,1.175184798e-05,3.831941532e-05,-1.181946192,3.140143505e-05,3.665912165e-05,13,5.315299476e-05,6.127674526e-06,13
MODE(static_0.lastrejectcommoditycat_161M),categorical,28,VALUE::38,,,46,9,37,0.1956521739,0.0002232851116,3.025216999e-05,1.998881565,0.0003858499884,3.587914034e-05,5,2.044345952e-05,8.682463546e-06,38
MODE(static_0.lastrejectcommoditycat_161M),categorical,29,VALUE::5,,,35,0,35,0,1.175184798e-05,2.863872092e-05,-0.8907491776,1.504196819e-05,2.729934591e-05,9,3.679822714e-05,2.836241749e-06,5
MODE(static_0.lastrejectcommoditycat_161M),categorical,30,VALUE::18,,,32,1,31,0.03125,3.525554393e-05,2.541182279e-05,0.3274082617,3.222915629e-06,2.495940197e-05,2,8.17738381e-06,1.87266901e-05,18
MODE(static_0.lastrejectcommoditycat_161M),categorical,31,VALUE::10,,,26,1,25,0.03846153846,3.525554393e-05,2.057147559e-05,0.5387173554,7.910562464e-06,2.02795141e-05,0,0,5.802384194e-05,10
MODE(static_0.lastrejectcommoditycat_161M),categorical,32,VALUE::36,,,22,1,21,0.04545454545,3.525554393e-05,1.734457746e-05,0.7093428724,1.270501641e-05,1.715958886e-05,1,4.088691905e-06,1.874800633e-05,36
MODE(static_0.lastrejectcommoditycat_161M),categorical,33,VALUE::44,,,17,1,16,0.05882352941,3.525554393e-05,1.331095479e-05,0.9740354266,2.137480725e-05,1.32596823e-05,2,8.17738381e-06,2.456558214e-06,44
MODE(static_0.lastrejectcommoditycat_161M),categorical,34,VALUE::37,,,12,3,9,0.25,8.226293585e-05,7.663883064e-06,2.373401869,0.0001770535313,9.35977574e-06,1,4.088691905e-06,4.365491811e-06,37
MODE(static_0.lastrejectcommoditycat_161M),categorical,35,VALUE::4,,,10,1,9,0.1,3.525554393e-05,7.663883064e-06,1.526104009,4.210774427e-05,7.799813116e-06,2,8.17738381e-06,1.784870976e-08,4
MODE(static_0.lastrejectcommoditycat_161M),categorical,36,VALUE::23,,,7,0,7,0,1.175184798e-05,6.050433998e-06,0.6638804983,3.785057555e-06,5.459869182e-06,1,4.088691905e-06,3.965441103e-07,23
MODE(static_0.lastrejectcommoditycat_161M),categorical,37,VALUE::15,,,5,0,5,0,1.175184798e-05,4.436984932e-06,0.9740354266,7.124935748e-06,3.899906558e-06,1,4.088691905e-06,8.92435488e-09,15
MODE(static_0.lastrejectcommoditycat_161M),categorical,38,VALUE::7,,,4,0,4,0,1.175184798e-05,3.630260399e-06,1.174706122,9.540478651e-06,3.119925247e-06,0,0,2.412070114e-06,7
MODE(static_0.lastrejectcommoditycat_161M),categorical,39,VALUE::42,,,3,0,3,0,1.175184798e-05,2.823535866e-06,1.42602055,1.273195655e-05,2.339943935e-06,0,0,1.139122477e-06,42
MODE(static_0.lastrejectcommoditycat_161M),categorical,40,VALUE::20,,,2,0,2,0,1.175184798e-05,2.016811333e-06,1.762492787,1.715793187e-05,1.559962623e-06,0,0,2.489940225e-07,20
MODE(static_0.lastrejectcommoditycat_161M),categorical,41,VALUE::31,,,2,0,2,0,1.175184798e-05,2.016811333e-06,1.762492787,1.715793187e-05,1.559962623e-06,0,0,2.489940225e-07,31
MODE(static_0.lastrejectcommoditycat_161M),categorical,42,VALUE::25,,,1,0,1,0,1.175184798e-05,1.2100868e-06,2.273318411,2.396477977e-05,7.799813116e-07,0,0,0,25
MODE(static_0.lastrejectcommoditycat_161M),categorical,43,VALUE::3,,,1,0,1,0,1.175184798e-05,1.2100868e-06,2.273318411,2.396477977e-05,7.799813116e-07,0,0,0,3
MODE(static_0.lastrejectcommoditycat_161M),categorical,44,VALUE::34,,,1,0,1,0,1.175184798e-05,1.2100868e-06,2.273318411,2.396477977e-05,7.799813116e-07,0,0,0,34
MODE(static_0.lastrejectcommoditycat_161M),categorical,45,VALUE::9,,,1,0,1,0,1.175184798e-05,1.2100868e-06,2.273318411,2.396477977e-05,7.799813116e-07,0,0,0,9
MODE(static_0.lastrejectcommoditycat_161M),categorical,46,__UNSEEN__,,,0,0,0,,0,0,0,0,0,0,0,0,__UNSEEN__
MODE(static_0.lastrejectcommodtypec_5251769M),categorical,0,__MISSING__,,,0,0,0,,0,0,0,0,0,0,0,0,__MISSING__
MODE(static_0.lastrejectcommodtypec_5251769M),categorical,1,VALUE::13,,,1282082,42524,1239558,0.0331679253,1,1,0,0,1,231765,0.9476156793,0.002818604404,13
MODE(static_0.lastrejectcommodtypec_5251769M),categorical,2,__UNSEEN__,,,0,0,0,,0,0,0,0,0,12812,0.05238432068,0.5692161568,__UNSEEN__
MODE(static_0.lastrejectreason_759M),categorical,0,__MISSING__,,,0,0,0,,0,0,0,0,0,0,0,0,__MISSING__
MODE(static_0.lastrejectreason_759M),categorical,1,VALUE::2,,,812619,18932,793687,0.02329751089,0.4451249618,0.6402941511,-0.3635726261,0.07095817469,0.6338276335,141036,0.5766527515,0.005405129118,2
MODE(static_0.lastrejectreason_759M),categorical,2,VALUE::6,,,206701,9423,197278,0.04558758787,0.221557379,0.1591511391,0.3308272923,0.02064568737,0.1612229171,55894,0.2285333453,0.02348421434,6
MODE(static_0.lastrejectreason_759M),categorical,3,VALUE::14,,,145881,6638,139243,0.04550284136,0.1560788094,0.1123323709,0.3288989941,0.01438815962,0.1137844537,15645,0.06396758485,0.02869100107,14
MODE(static_0.lastrejectreason_759M),categorical,4,VALUE::4,,,54629,5129,49500,0.09388786176,0.1206004749,0.03993370266,1.105262577,0.08915796459,0.04260959907,14951,0.06113003267,0.006684463792,4
MODE(static_0.lastrejectreason_759M),categorical,5,VALUE::12,,,51956,1970,49986,0.03791669875,0.04632873298,0.04032577505,0.1387715075,0.0008330395223,0.04052470903,15430,0.06308851609,0.009987347297,12
MODE(static_0.lastrejectreason_759M),categorical,6,VALUE::15,,,2899,164,2735,0.05657123146,0.003867585169,0.002206818994,0.5610782155,0.000931819722,0.002261165822,864,0.003532629806,0.0005672789774,15
MODE(static_0.lastrejectreason_759M),categorical,7,VALUE::11,,,2372,75,2297,0.03161888702,0.001775092281,0.0018534698,-0.04320703913,3.386460533e-06,0.001850115671,113,0.0004620221852,0.001925827759,11
MODE(static_0.lastrejectreason_759M),categorical,8,VALUE::9,,,1364,66,1298,0.04838709677,0.001563491877,0.001047543215,0.4004740754,0.0002066240635,0.001063894509,297,0.001214341496,1.98989776e-05,9
MODE(static_0.lastrejectreason_759M),categorical,9,VALUE::17,,,1142,26,1116,0.02276707531,0.0006230456352,0.0009007177506,-0.3685721794,0.0001023422168,0.0008907386579,214,0.0008749800676,2.812902842e-07,17
MODE(static_0.lastrejectreason_759M),categorical,10,VALUE::16,,,1119,29,1090,0.02591599643,0.0006935791033,0.0008797426843,-0.2377641634,4.426302811e-05,0.0008727990877,73,0.0002984745091,0.0006162622516,16
MODE(static_0.lastrejectreason_759M),categorical,11,VALUE::7,,,411,11,400,0.02676399027,0.0002703782945,0.0003230966942,-0.1781295723,9.390705999e-06,0.0003205723191,13,5.315299476e-05,0.0004805347282,7
MODE(static_0.lastrejectreason_759M),categorical,12,VALUE::3,,,358,11,347,0.03072625698,0.0002703782945,0.0002803398283,-0.03618047079,3.604129842e-07,0.0002792333096,16,6.541907048e-05,0.0003102944622,3
MODE(static_0.lastrejectreason_759M),categorical,13,VALUE::10,,,354,23,331,0.06497175141,0.000552512167,0.0002674320952,0.7256097704,0.0002068568854,0.0002761133843,11,4.497561095e-05,0.0004194436903,10
MODE(static_0.lastrejectreason_759M),categorical,14,VALUE::0,,,80,0,80,0,1.175557802e-05,6.494203218e-05,-1.709167206,9.090454325e-05,6.239850493e-05,10,4.088691905e-05,9.09361704e-06,0
MODE(static_0.lastrejectreason_759M),categorical,15,VALUE::5,,,72,7,65,0.09722222222,0.0001763336703,5.284103239e-05,1.205090037,0.0001488197476,5.615865444e-05,0,0,0.0002221890328,5
MODE(static_0.lastrejectreason_759M),categorical,16,VALUE::1,,,68,8,60,0.1176470588,0.0001998448264,4.88073658e-05,1.409659957,0.0002129114602,5.303872919e-05,3,1.226607571e-05,5.969870789e-05,1
MODE(static_0.lastrejectreason_759M),categorical,17,VALUE::8,,,56,11,45,0.1964285714,0.0002703782945,3.670636601e-05,1.996871868,0.0004666129004,4.367895345e-05,7,2.862084333e-05,6.365531928e-06,8
MODE(static_0.lastrejectreason_759M),categorical,18,VALUE::13,,,1,1,0,1,3.526673407e-05,4.033666595e-07,4.470849448,0.0001558688669,7.799813116e-07,0,0,0,13
MODE(static_0.lastrejectreason_759M),categorical,19,__UNSEEN__,,,0,0,0,,0,0,0,0,0,0,0,0,__UNSEEN__
MODE(static_0.lastrejectreasonclient_4145040M),categorical,0,__MISSING__,,,0,0,0,,0,0,0,0,0,0,0,0,__MISSING__
MODE(static_0.lastrejectreasonclient_4145040M),categorical,1,VALUE::2,,,844609,20212,824397,0.02393059984,0.4752583501,0.6650708092,-0.3360349639,0.06378362284,0.6587792356,130738,0.5345474022,0.02596048616,2
MODE(static_0.lastrejectreasonclient_4145040M),categorical,2,VALUE::12,,,387878,19915,367963,0.05134346367,0.4682749621,0.2968492538,0.4558312023,0.07814118671,0.3025375912,97550,0.3988518953,0.02661979235,12
MODE(static_0.lastrejectreasonclient_4145040M),categorical,3,VALUE::11,,,24254,1209,23045,0.04984744784,0.02843908346,0.0185916252,0.4250531562,0.004185693215,0.01891766673,7614,0.03113130016,0.006083824745,11
MODE(static_0.lastrejectreasonclient_4145040M),categorical,4,VALUE::13,,,8750,337,8413,0.03851428571,0.007935668183,0.006787469944,0.1562893004,0.0001794510995,0.006824836477,3279,0.01340682076,0.004444124242,13
MODE(static_0.lastrejectreasonclient_4145040M),categorical,5,VALUE::7,,,6121,218,5903,0.03561509557,0.005137610365,0.004762563596,0.0758019679,2.842928311e-05,0.004774265609,2366,0.009673845047,0.003460012905,7
MODE(static_0.lastrejectreasonclient_4145040M),categorical,6,VALUE::10,,,5615,371,5244,0.0660730187,0.008735113274,0.004230924838,0.7249303045,0.003265222695,0.004379595065,1316,0.005380718547,0.0002060969413,10
MODE(static_0.lastrejectreasonclient_4145040M),categorical,7,VALUE::3,,,2609,90,2519,0.03449597547,0.002127934728,0.002032570336,0.04585073029,4.37252699e-06,0.002034971242,740,0.00302563201,0.0003929340139,3
MODE(static_0.lastrejectreasonclient_4145040M),categorical,8,VALUE::8,,,879,102,777,0.1160409556,0.002410091819,0.0006272369265,1.346095782,0.002399893451,0.0006856035729,509,0.00208114418,0.001549571348,8
MODE(static_0.lastrejectreasonclient_4145040M),categorical,9,VALUE::0,,,607,4,603,0.006589785832,0.0001058089091,0.0004868649327,-1.526352016,0.0005816256298,0.0004734486562,274,0.001120301582,0.000557140716,0
MODE(static_0.lastrejectreasonclient_4145040M),categorical,10,VALUE::5,,,569,53,516,0.09314586995,0.001257950364,0.0004166789358,1.104922993,0.0009295401443,0.0004438093663,171,0.0006991663157,0.000116058082,5
MODE(static_0.lastrejectreasonclient_4145040M),categorical,11,VALUE::1,,,191,13,178,0.06806282723,0.0003174267273,0.000144002304,0.7904177119,0.0001370777359,0.0001489764305,14,5.724168667e-05,8.774480431e-05,1
MODE(static_0.lastrejectreasonclient_4145040M),categorical,12,__UNSEEN__,,,0,0,0,,0,0,0,0,0,6,2.453215143e-05,7.530252125e-05,__UNSEEN__
MODE(static_0.lastst_736L),categorical,0,__MISSING__,,,0,0,0,,0,0,0,0,0,0,0,0,__MISSING__
MODE(static_0.lastst_736L),categorical,1,VALUE::2,,,318233,17137,301096,0.05385048062,0.4029508582,0.2429051667,0.5061435081,0.08100608779,0.2482157927,68016,0.2780964686,0.003396523365,2
MODE(static_0.lastst_736L),categorical,2,VALUE::1,,,312265,9339,302926,0.02990729028,0.2195979309,0.2443814922,-0.1069322096,0.002650160975,0.2435608643,59036,0.2413800153,1.961531634e-05,1
MODE(static_0.lastst_736L),categorical,3,VALUE::0,,,270062,6199,263863,0.02295398834,0.1457676934,0.2128679923,-0.3786580057,0.02540806537,0.210643313,35075,0.1434108686,0.02584768309,0
MODE(static_0.lastst_736L),categorical,4,VALUE::4,,,267089,5754,261335,0.02154338067,0.1353044909,0.2108285655,-0.4435175904,0.03349625558,0.2083244285,56717,0.2318983388,0.002527181249,4
MODE(static_0.lastst_736L),categorical,5,VALUE::11,,,92715,2767,89948,0.02984414604,0.06507171408,0.07256462756,-0.1089876241,0.0008166348378,0.07231596731,20233,0.08272650331,0.001400165802,11
MODE(static_0.lastst_736L),categorical,6,VALUE::6,,,18000,945,17055,0.0525,0.02223136609,0.01375927342,0.4797911514,0.004064835098,0.01403966361,5240,0.02142474558,0.003121379859,6
MODE(static_0.lastst_736L),categorical,7,VALUE::10,,,2272,198,2074,0.08714788732,0.004667293675,0.001673572321,1.025618935,0.003070417307,0.00177211754,55,0.0002248780548,0.003194078156,10
MODE(static_0.lastst_736L),categorical,8,VALUE::8,,,1014,121,893,0.1193293886,0.00285680696,0.000720817965,1.377073203,0.002941413206,0.00079090105,132,0.0005397073314,9.599263743e-05,8
MODE(static_0.lastst_736L),categorical,9,VALUE::5,,,295,57,238,0.193220339,0.001351986833,0.0001924063622,1.949720912,0.002260858293,0.0002300944869,49,0.0002003459033,4.118532185e-06,5
MODE(static_0.lastst_736L),categorical,10,VALUE::3,,,117,5,112,0.04273504274,0.0001293204797,9.075771804e-05,0.3541001452,1.365507949e-05,9.125781346e-05,17,6.950776238e-05,5.921455333e-06,3
MODE(static_0.lastst_736L),categorical,11,VALUE::9,,,11,2,9,0.1818181818,5.878203621e-05,7.663985079e-06,2.037304208,0.0001041430207,8.579794428e-06,2,8.17738381e-06,1.933087333e-08,9
MODE(static_0.lastst_736L),categorical,12,VALUE::7,,,9,0,9,0,1.175640724e-05,7.663985079e-06,0.4278662954,1.75100951e-06,7.019831805e-06,5,2.044345952e-05,1.434883442e-05,7
MODE(static_0.lastst_736L),categorical,13,__UNSEEN__,,,0,0,0,,0,0,0,0,0,0,0,0,__UNSEEN__
MODE(static_0.previouscontdistrict_112M),categorical,0,__MISSING__,,,0,0,0,,0,0,0,0,0,0,0,0,__MISSING__
MODE(static_0.previouscontdistrict_112M),categorical,1,VALUE::222,,,426321,13081,413240,0.03068345214,0.3072613889,0.3333637193,-0.08153532914,0.002128262101,0.3325224128,62107,0.2539363881,0.02118863661,222
MODE(static_0.previouscontdistrict_112M),categorical,2,VALUE::36,,,53229,1805,51424,0.03391008661,0.04240801419,0.04148446869,0.02201824958,2.033485536e-05,0.04151762524,7170,0.02931592096,0.004246038076,36
MODE(static_0.previouscontdistrict_112M),categorical,3,VALUE::111,,,44912,1541,43371,0.03431154257,0.03620711929,0.03498806276,0.03424882542,4.175125398e-05,0.03503052067,5768,0.02358357491,0.00452920398,111
MODE(static_0.previouscontdistrict_112M),categorical,4,VALUE::33,,,35460,1106,34354,0.03119007332,0.02598973564,0.02771399196,-0.0642357335,0.0001107588693,0.02765813731,6371,0.02604905613,9.644582781e-05,33
MODE(static_0.previouscontdistrict_112M),categorical,5,VALUE::219,,,28217,962,27255,0.03409292271,0.02260742933,0.02198718386,0.02781885202,1.725451703e-05,0.02200873267,4109,0.01680043504,0.00140642022,219
MODE(static_0.previouscontdistrict_112M),categorical,6,VALUE::117,,,23453,762,22691,0.03249051294,0.01790978168,0.01830537625,-0.02184777508,8.642861343e-06,0.0182929017,4204,0.01718886077,6.87282652e-05,117
MODE(static_0.previouscontdistrict_112M),categorical,7,VALUE::69,,,21696,897,20799,0.04134402655,0.02108069384,0.01677908791,0.2282242939,0.0009817309756,0.01692247454,3731,0.0152549095,0.0001729952106,69
MODE(static_0.previouscontdistrict_112M),categorical,8,VALUE::181,,,21166,590,20576,0.0278748937,0.0138698047,0.01659919241,-0.1796398908,0.0004903069104,0.01650908444,3362,0.01374618218,0.0005060246519,181
MODE(static_0.previouscontdistrict_112M),categorical,9,VALUE::54,,,19614,480,19134,0.02447231569,0.01128609849,0.01543592191,-0.3131256385,0.001299416108,0.01529855345,3170,0.01296115334,0.0003875446751,54
MODE(static_0.previouscontdistrict_112M),categorical,10,VALUE::91,,,18813,485,18328,0.02578004571,0.01140353968,0.01478571662,-0.2597378163,0.0008784792531,0.01467378842,3013,0.01231922871,0.0004118159065,91
MODE(static_0.previouscontdistrict_112M),categorical,11,VALUE::114,,,16858,466,16392,0.02764266224,0.01095726315,0.0132239332,-0.1880257714,0.0004261923849,0.01314892495,3133,0.01280987174,8.857392045e-06,114
MODE(static_0.previouscontdistrict_112M),categorical,12,VALUE::14,,,16085,521,15564,0.03239042586,0.01224911626,0.01255598038,-0.02474328412,7.592826134e-06,0.0125459994,4008,0.01638747715,0.001026118687,14
MODE(static_0.previouscontdistrict_112M),categorical,13,VALUE::17,,,14376,332,14044,0.02309404563,0.007809839223,0.01132978678,-0.3720508785,0.001309599582,0.01121301134,2609,0.01066739718,2.721672535e-05,17
MODE(static_0.previouscontdistrict_112M),categorical,14,VALUE::10,,,12239,325,11914,0.02655445706,0.007645421555,0.009611502341,-0.2288535627,0.0004499445924,0.009546191273,2285,0.009342661002,4.386309324e-06,10
MODE(static_0.previouscontdistrict_112M),categorical,15,VALUE::172,,,11857,269,11588,0.02268702033,0.006330080212,0.009348516084,-0.3899047153,0.001176902379,0.009248238412,2195,0.008974678731,8.213890325e-06,172
MODE(static_0.previouscontdistrict_112M),categorical,16,VALUE::126,,,11467,263,11204,0.02293537979,0.006189150783,0.009038740861,-0.3787219939,0.001079202436,0.008944045701,1912,0.007817578922,0.0001516372079,126
MODE(static_0.previouscontdistrict_112M),categorical,17,VALUE::196,,,10792,257,10535,0.02381393625,0.006048221353,0.008499054339,-0.3401906654,0.0008337505041,0.008417558315,2469,0.01009498031,0.0003048186121,196
MODE(static_0.previouscontdistrict_112M),categorical,18,VALUE::61,,,10196,504,9692,0.04943114947,0.0118498162,0.007819000918,0.4157555707,0.00167583391,0.007952689454,2471,0.0101031577,0.0005146884474,61
MODE(static_0.previouscontdistrict_112M),categorical,19,VALUE::13,,,10184,439,9745,0.04310683425,0.01032308072,0.007861756353,0.2723721986,0.0006703963286,0.007943329678,2472,0.01010724639,0.0005213310056,13
MODE(static_0.previouscontdistrict_112M),categorical,20,VALUE::221,,,10044,279,9765,0.02777777778,0.006564962595,0.007877890479,-0.1823133522,0.0002393642838,0.007834132294,2089,0.008541277389,6.111179839e-05,221
MODE(static_0.previouscontdistrict_112M),categorical,21,VALUE::178,,,9591,403,9188,0.04201855907,0.00947750414,0.007412420938,0.245763907,0.0005075229161,0.00748080076,1736,0.007097969147,2.011057812e-05,178
MODE(static_0.previouscontdistrict_112M),categorical,22,VALUE::191,,,8400,394,8006,0.0469047619,0.009266109995,0.006458894078,0.36090555,0.001013139804,0.006551843018,2183,0.008925614428,0.0007339197533,191
MODE(static_0.previouscontdistrict_112M),categorical,23,VALUE::147,,,8205,362,7843,0.04411943937,0.008514486371,0.00632740095,0.2968794324,0.0006493006786,0.006399746662,1702,0.006958953622,4.684516733e-05,147
MODE(static_0.previouscontdistrict_112M),categorical,24,VALUE::65,,,7934,256,7678,0.03226619612,0.006024733115,0.006194294408,-0.02775542951,4.706246527e-06,0.006188371727,1458,0.005961312797,8.487753025e-06,65
MODE(static_0.previouscontdistrict_112M),categorical,25,VALUE::159,,,7757,303,7454,0.03906149285,0.007128680313,0.006013592195,0.1701038551,0.0001896807877,0.006050315034,1277,0.005221259562,0.0001221792929,159
MODE(static_0.previouscontdistrict_112M),categorical,26,VALUE::68,,,7732,210,7522,0.02715985515,0.004944274155,0.006068448224,-0.2048727549,0.0002303126386,0.006030815502,1528,0.006247521231,7.650262582e-06,68
MODE(static_0.previouscontdistrict_112M),categorical,27,VALUE::67,,,7629,294,7335,0.03853716083,0.006917286169,0.005917594144,0.156093549,0.0001560454761,0.005950477427,1507,0.006161658701,7.364852905e-06,67
MODE(static_0.previouscontdistrict_112M),categorical,28,VALUE::55,,,7605,200,7405,0.02629848784,0.004709391772,0.005974063585,-0.2378685992,0.0003008257127,0.005931757875,1405,0.005744612126,5.999558221e-06,55
MODE(static_0.previouscontdistrict_112M),categorical,29,VALUE::63,,,7533,330,7203,0.04380724811,0.007762862746,0.005811108911,0.2895797617,0.0005651884108,0.005875599221,1749,0.007151122141,0.0002505908114,63
MODE(static_0.previouscontdistrict_112M),categorical,30,VALUE::23,,,7492,312,7180,0.04164442072,0.007340074458,0.005792554665,0.2367755721,0.0003664148842,0.005843619987,1371,0.005605596601,9.898196238e-06,23
MODE(static_0.previouscontdistrict_112M),categorical,31,VALUE::86,,,7352,178,7174,0.02421109902,0.00419265053,0.005787714428,-0.3224043501,0.0005142555392,0.005734422603,1431,0.005850918116,2.342902501e-06,86
MODE(static_0.previouscontdistrict_112M),categorical,32,VALUE::49,,,7042,269,6773,0.03819937518,0.006330080212,0.005464225197,0.1470905718,0.0001273591093,0.005492628397,1381,0.005646483521,4.250411488e-06,49
MODE(static_0.previouscontdistrict_112M),categorical,33,VALUE::109,,,6645,198,6447,0.02979683973,0.004662415296,0.00520123894,-0.1093632372,5.892749798e-05,0.005182975816,1948,0.007964771831,0.001195195663,109
MODE(static_0.previouscontdistrict_112M),categorical,34,VALUE::98,,,6568,198,6370,0.03014616322,0.004662415296,0.005139122554,-0.09734873785,4.64068499e-05,0.005122917255,1750,0.007155210833,0.00067902348,98
MODE(static_0.previouscontdistrict_112M),categorical,35,VALUE::203,,,6547,145,6402,0.0221475485,0.003417538668,0.005164937156,-0.412972331,0.0007216272268,0.005106537647,1422,0.005814119889,9.182139937e-05,203
MODE(static_0.previouscontdistrict_112M),categorical,36,VALUE::25,,,6195,263,5932,0.04245359161,0.006189150783,0.004785785189,0.2571477801,0.000360872347,0.004831984226,1135,0.004640665312,7.729179638e-06,25
MODE(static_0.previouscontdistrict_112M),categorical,37,VALUE::211,,,5945,219,5726,0.03683767872,0.005155668299,0.004619603689,0.1097878301,5.88533703e-05,0.004636988898,1582,0.006468310593,0.0006095549675,211
MODE(static_0.previouscontdistrict_112M),categorical,38,VALUE::214,,,5906,174,5732,0.02946156451,0.004098697577,0.004624443927,-0.1206868726,6.34506828e-05,0.004606569627,1885,0.007707184241,0.001595791611,214
MODE(static_0.previouscontdistrict_112M),categorical,39,VALUE::107,,,5825,165,5660,0.02832618026,0.003887303433,0.004566361073,-0.1610009113,0.0001093288988,0.00454339114,1469,0.006006288408,0.0004083433536,107
MODE(static_0.previouscontdistrict_112M),categorical,40,VALUE::209,,,5759,281,5478,0.04879319326,0.006611939072,0.004419540524,0.4028412282,0.0008831885234,0.004491912374,1404,0.005740523434,0.0003062491664,209
MODE(static_0.previouscontdistrict_112M),categorical,41,VALUE::21,,,5561,272,5289,0.04891206618,0.006400544927,0.004267073032,0.4054550121,0.0008650268733,0.004337476074,993,0.004060071061,1.833429451e-05,21
MODE(static_0.previouscontdistrict_112M),categorical,42,VALUE::207,,,5371,206,5165,0.038354124,0.004850321202,0.004167041449,0.1518386306,0.0001037482619,0.004189279625,933,0.003814749547,3.507615706e-05,207
MODE(static_0.previouscontdistrict_112M),categorical,43,VALUE::31,,,5264,165,5099,0.0313449848,0.003887303433,0.004113798832,-0.05663117943,1.282670162e-05,0.004105821625,1348,0.005511556688,0.0004139063592,31
MODE(static_0.previouscontdistrict_112M),categorical,44,VALUE::29,,,5018,255,4763,0.05081705859,0.006001244877,0.003842745512,0.4457798389,0.0009622154991,0.003913946222,882,0.00360622626,2.519742157e-05,29
MODE(static_0.previouscontdistrict_112M),categorical,45,VALUE::210,,,4975,189,4786,0.03798994975,0.004451021151,0.003861299757,0.1421296906,8.381691926e-05,0.003880407025,755,0.003086962388,0.0001815024366,210
MODE(static_0.previouscontdistrict_112M),categorical,46,VALUE::128,,,4956,247,4709,0.0498385795,0.005813338971,0.003799183371,0.4253689582,0.0008567592689,0.003865587381,1145,0.004681552231,0.0001562703924,128
MODE(static_0.previouscontdistrict_112M),categorical,47,VALUE::137,,,4878,157,4721,0.03218532185,0.003699397527,0.003808863847,-0.029160966,3.192143642e-06,0.003804748838,1232,0.005037268427,0.0003458622217,137
MODE(static_0.previouscontdistrict_112M),categorical,48,VALUE::58,,,4858,167,4691,0.03437628654,0.003934279909,0.003784662658,0.03877111198,5.800827221e-06,0.003789149212,1088,0.004448496792,0.0001057756563,58
MODE(static_0.previouscontdistrict_112M),categorical,49,VALUE::96,,,4835,195,4640,0.04033092037,0.004591950581,0.003743520636,0.2042783818,0.0001733158963,0.003771209642,1511,0.006178013468,0.00118800069,96
MODE(static_0.previouscontdistrict_112M),categorical,50,VALUE::115,,,4682,245,4437,0.05232806493,0.005766362494,0.003579759255,0.4767459139,0.00104245416,0.003651872501,1201,0.004910518978,0.0003727350443,115
MODE(static_0.previouscontdistrict_112M),categorical,51,VALUE::104,,,4663,211,4452,0.04524983916,0.004967762393,0.003591859849,0.3242993838,0.000446204347,0.003637052856,1413,0.005777321661,0.0009904446957,104
MODE(static_0.previouscontdistrict_112M),categorical,52,VALUE::82,,,4619,200,4419,0.04329941546,0.004709391772,0.003565238541,0.2783278007,0.0003184496524,0.003602733679,1094,0.004473028944,0.0001883082954,82
MODE(static_0.previouscontdistrict_112M),categorical,53,VALUE::102,,,4558,112,4446,0.02457218078,0.002642426805,0.003587019611,-0.3056239268,0.0002886901628,0.003555154818,1185,0.004845099907,0.0003993273388,102
MODE(static_0.previouscontdistrict_112M),categorical,54,VALUE::30,,,4203,227,3976,0.05400904116,0.005343574205,0.003207867645,0.5102883244,0.001089826122,0.003278261453,1071,0.00437898903,0.0003186657472,30
MODE(static_0.previouscontdistrict_112M),categorical,55,VALUE::19,,,4107,150,3957,0.0365230095,0.003534979859,0.003192540225,0.1018906929,3.489141152e-05,0.003203383247,876,0.003581694109,4.223023135e-05,19
MODE(static_0.previouscontdistrict_112M),categorical,56,VALUE::100,,,4092,145,3947,0.03543499511,0.003417538668,0.003184473162,0.07063374092,1.646228851e-05,0.003191683527,1139,0.00465702008,0.0005536440749,100
MODE(static_0.previouscontdistrict_112M),categorical,57,VALUE::79,,,3961,134,3827,0.03382984095,0.003159168047,0.003087668405,0.02289247195,1.63680354e-06,0.003089505975,862,0.003524452422,5.728848548e-05,79
MODE(static_0.previouscontdistrict_112M),categorical,58,VALUE::24,,,3896,141,3755,0.03619096509,0.003323585714,0.003029585551,0.0926184064,2.722982666e-05,0.00303880719,935,0.003822926931,0.0001799956861,24
MODE(static_0.previouscontdistrict_112M),categorical,59,VALUE::213,,,3895,127,3768,0.03260590501,0.002994750379,0.003040072733,-0.01502055824,6.807670564e-07,0.003038027209,949,0.003880168618,0.0002060469495,213
MODE(static_0.previouscontdistrict_112M),categorical,60,VALUE::192,,,3805,118,3687,0.03101182654,0.002783356234,0.002974729521,-0.06649563963,1.272548913e-05,0.002967828891,937,0.003831104315,0.0002204135723,192
MODE(static_0.previouscontdistrict_112M),categorical,61,VALUE::56,,,3732,122,3610,0.03269024652,0.002877309187,0.002912613136,-0.01219511546,4.305357233e-07,0.002910890255,999,0.004084603213,0.000397613606,56
MODE(static_0.previouscontdistrict_112M),categorical,62,VALUE::185,,,3673,115,3558,0.03130955622,0.00271289152,0.002870664407,-0.05652845634,8.918657798e-06,0.002864871358,870,0.003557161957,0.0001498390839,185
MODE(static_0.previouscontdistrict_112M),categorical,63,VALUE::32,,,3624,77,3547,0.02124724062,0.001820338466,0.002861790638,-0.4524250722,0.0004711790743,0.002826652273,950,0.00388425731,0.0003361478391,32
MODE(static_0.previouscontdistrict_112M),categorical,64,VALUE::94,,,3526,99,3427,0.02807714124,0.002337079707,0.002764985881,-0.1681333668,7.19453056e-05,0.002750214105,971,0.00397011984,0.0004478487625,94
MODE(static_0.previouscontdistrict_112M),categorical,65,VALUE::97,,,3454,158,3296,0.04574406485,0.003722885765,0.002659307354,0.3364334152,0.0003578233172,0.00269405545,754,0.003082873696,5.241834499e-05,97
MODE(static_0.previouscontdistrict_112M),categorical,66,VALUE::75,,,3419,188,3231,0.05498683826,0.004427532913,0.002606871444,0.5296917026,0.0009643892735,0.002666756105,1023,0.004182731819,0.0006823433773,75
MODE(static_0.previouscontdistrict_112M),categorical,67,VALUE::22,,,3399,146,3253,0.04295380994,0.003441026906,0.002624618983,0.27083421,0.0002211111949,0.002651156478,877,0.003585782801,0.0002822392539,22
MODE(static_0.previouscontdistrict_112M),categorical,68,VALUE::187,,,3372,133,3239,0.03944246738,0.003135679808,0.002613325094,0.1822226024,9.518483539e-05,0.002630096983,1021,0.004174554435,0.0007135191247,187
MODE(static_0.previouscontdistrict_112M),categorical,69,VALUE::73,,,3320,94,3226,0.02831325301,0.002219638516,0.002602837912,-0.1592580024,6.102757036e-05,0.002589537955,996,0.004072337137,0.0006713189519,73
MODE(static_0.previouscontdistrict_112M),categorical,70,VALUE::84,,,3319,180,3139,0.05423320277,0.004239627007,0.002532654463,0.5152073477,0.0008794447968,0.002588757973,804,0.003287308291,0.0001668772916,84
MODE(static_0.previouscontdistrict_112M),categorical,71,VALUE::157,,,3316,120,3196,0.03618817853,0.002830332711,0.002578636723,0.09313341317,2.344130645e-05,0.002586418029,732,0.002992922474,5.934005868e-05,157
MODE(static_0.previouscontdistrict_112M),categorical,72,VALUE::48,,,3309,169,3140,0.05107283167,0.003981256386,0.002533461169,0.4520110254,0.0006544194003,0.00258095816,777,0.00317691361,0.0001238094185,48
MODE(static_0.previouscontdistrict_112M),categorical,73,VALUE::141,,,3303,114,3189,0.03451407811,0.002689403281,0.002572989779,0.04425077975,5.151388268e-06,0.002576278272,956,0.003908789461,0.0005554997933,141
MODE(static_0.previouscontdistrict_112M),categorical,74,VALUE::16,,,3175,182,2993,0.05732283465,0.004286603483,0.002414875342,0.5738470231,0.001074085622,0.002476440664,661,0.002702625349,1.976884424e-05,16
MODE(static_0.previouscontdistrict_112M),categorical,75,VALUE::212,,,3004,124,2880,0.04127829561,0.002924285664,0.002323717529,0.2298819472,0.0001380597724,0.00234306386,740,0.00302563201,0.0001745057714,212
MODE(static_0.previouscontdistrict_112M),categorical,76,VALUE::95,,,2994,68,2926,0.02271209085,0.001608944321,0.002360826019,-0.383433303,0.0002882964828,0.002335264047,813,0.003324106519,0.0003491364998,95
MODE(static_0.previouscontdistrict_112M),categorical,77,VALUE::217,,,2842,103,2739,0.03624208304,0.00243103266,0.002209971939,0.09533631217,2.107511397e-05,0.002216706888,811,0.003315929135,0.0004426734584,217
MODE(static_0.previouscontdistrict_112M),categorical,78,VALUE::183,,,2771,69,2702,0.02490075785,0.001632432559,0.002180123805,-0.2893103965,0.0001584527715,0.002161328215,578,0.002363263921,1.803704552e-05,183
MODE(static_0.previouscontdistrict_112M),categorical,79,VALUE::42,,,2753,85,2668,0.03087540865,0.002008244372,0.002152695791,-0.06946001939,1.003359837e-05,0.002147288551,583,0.00238370738,2.469420478e-05,42
MODE(static_0.previouscontdistrict_112M),categorical,80,VALUE::202,,,2579,93,2486,0.03606048856,0.002196150278,0.002005875242,0.09062545858,1.724376237e-05,0.002011571803,488,0.00199528165,1.324583274e-07,202
MODE(static_0.previouscontdistrict_112M),categorical,81,VALUE::50,,,2579,92,2487,0.03567274137,0.002172662039,0.002006681948,0.07947057593,1.319053343e-05,0.002011571803,916,0.003745241785,0.00107759685,50
MODE(static_0.previouscontdistrict_112M),categorical,82,VALUE::215,,,2541,100,2441,0.03935458481,0.002360567946,0.001969573458,0.1810852444,7.080333235e-05,0.001981932513,697,0.002849818258,0.0003152012076,215
MODE(static_0.previouscontdistrict_112M),categorical,83,VALUE::170,,,2527,114,2413,0.04511278195,0.002689403281,0.001946985681,0.3230369683,0.0002398283307,0.001971012775,673,0.002751689652,0.0002604866054,170
MODE(static_0.previouscontdistrict_112M),categorical,84,VALUE::119,,,2509,67,2442,0.02670386608,0.001585456083,0.001970380164,-0.2173543856,8.366493724e-05,0.001956973111,503,0.002056612028,4.948171651e-06,119
MODE(static_0.previouscontdistrict_112M),categorical,85,VALUE::162,,,2458,43,2415,0.01749389748,0.001021738365,0.001948599094,-0.6456052455,0.0005983861488,0.001917194064,660,0.002698536657,0.0002670995864,162
MODE(static_0.previouscontdistrict_112M),categorical,86,VALUE::71,,,2438,111,2327,0.04552912223,0.002618938567,0.001877608939,0.3327699822,0.0002466922471,0.001901594438,622,0.002543166365,0.0001865159897,71
MODE(static_0.previouscontdistrict_112M),categorical,87,VALUE::26,,,2418,72,2346,0.02977667494,0.001702897274,0.001892936359,-0.1057981729,2.010578791e-05,0.001885994812,487,0.001991192958,5.709997797e-06,26
MODE(static_0.previouscontdistrict_112M),categorical,88,VALUE::112,,,2391,65,2326,0.02718527813,0.001538479606,0.001876802232,-0.1987747282,6.724998802e-05,0.001864935316,497,0.002032079877,1.434659743e-05,112
MODE(static_0.previouscontdistrict_112M),categorical,89,VALUE::152,,,2379,77,2302,0.03236654056,0.001820338466,0.001857441281,-0.02017743133,7.486395087e-07,0.00185557554,532,0.002175184093,5.079167643e-05,152
MODE(static_0.previouscontdistrict_112M),categorical,90,VALUE::150,,,2340,48,2292,0.02051282051,0.001139179556,0.001849374218,-0.4845390057,0.0003441170154,0.001825156269,560,0.002289667467,0.0001053237267,150
MODE(static_0.previouscontdistrict_112M),categorical,91,VALUE::85,,,2337,93,2244,0.03979460847,0.002196150278,0.001810652315,0.1930187785,7.440834592e-05,0.001822816325,547,0.002236514472,8.461611369e-05,85
MODE(static_0.previouscontdistrict_112M),categorical,92,VALUE::40,,,2257,67,2190,0.02968542313,0.001585456083,0.001767090174,-0.1084621089,1.970041658e-05,0.00176041782,403,0.001647742838,7.452864722e-06,40
MODE(static_0.previouscontdistrict_112M),categorical,93,VALUE::116,,,2236,91,2145,0.04069767442,0.002149173801,0.00173078839,0.2165064683,9.058314776e-05,0.001744038213,449,0.001835822665,4.70757534e-06,116
MODE(static_0.previouscontdistrict_112M),categorical,94,VALUE::121,,,2219,95,2124,0.04281207751,0.002243126754,0.001713847558,0.2691298884,0.0001424448511,0.001730778531,691,0.002825286106,0.0005363506438,121
MODE(static_0.previouscontdistrict_112M),categorical,95,VALUE::186,,,2213,89,2124,0.04021690014,0.002102197325,0.001713847558,0.2042422662,7.931743651e-05,0.001726098643,628,0.002567698516,0.0003342382225,186
MODE(static_0.previouscontdistrict_112M),categorical,96,VALUE::151,,,2201,74,2127,0.03362108133,0.001749873751,0.001716267676,0.01939166538,6.51677747e-07,0.001716738867,470,0.001921685195,2.311303192e-05,151
MODE(static_0.previouscontdistrict_112M),categorical,97,VALUE::76,,,2124,79,2045,0.03719397363,0.001867314942,0.001650117759,0.1236548847,2.685749264e-05,0.001656680306,440,0.001799024438,1.173324957e-05,76
MODE(static_0.previouscontdistrict_112M),categorical,98,VALUE::3,,,2123,79,2044,0.03721149317,0.001867314942,0.001649311053,0.1241438823,2.706384919e-05,0.001655900325,568,0.002322377002,0.000225433315,3
MODE(static_0.previouscontdistrict_112M),categorical,99,VALUE::62,,,2115,57,2058,0.02695035461,0.0013505737,0.001660604941,-0.206652493,6.40687288e-05,0.001649660474,424,0.001733605368,4.166501871e-06,62
MODE(static_0.previouscontdistrict_112M),categorical,100,VALUE::88,,,2087,63,2024,0.03018687111,0.00149150313,0.001633176926,-0.09074272913,1.285586695e-05,0.001627820997,581,0.002375529997,0.0002826177465,88
MODE(static_0.previouscontdistrict_112M),categorical,101,__OTHER__,,,117868,4328,113540,0.03671904164,0.1016688393,0.09159383789,0.1043568606,0.001051395521,0.09193483724,35305,0.1443512677,0.02364870274,__OTHER__
MODE(static_0.previouscontdistrict_112M),categorical,102,__UNSEEN__,,,0,0,0,,0,0,0,0,0,0,0,0,__UNSEEN__
MODE(static_0.typesuite_864L),categorical,0,__MISSING__,,,0,0,0,,0,0,0,0,0,0,0,0,__MISSING__
MODE(static_0.typesuite_864L),categorical,1,VALUE::0,,,918213,28594,889619,0.03114092264,0.6724162257,0.7176903237,-0.06516063968,0.002950089186,0.7161889801,203292,0.8311983547,0.0171277009,0
MODE(static_0.typesuite_864L),categorical,2,VALUE::1,,,363869,13930,349939,0.03828300845,0.3275837743,0.2823096763,0.1487392104,0.006734033586,0.2838110199,41285,0.1688016453,0.05975706133,1
MODE(static_0.typesuite_864L),categorical,3,__UNSEEN__,,,0,0,0,,0,0,0,0,0,0,0,0,__UNSEEN__
SUM(static_0.avgdbddpdlast24m_3658932P),numeric,0,__MISSING__,,,0,0,0,,0,0,0,0,0,0,0,0,__MISSING__
SUM(static_0.avgdbddpdlast24m_3658932P),numeric,1,BIN_00,-inf,-15,133250,2566,130684,0.01925703565,0.06034989536,0.1054280507,-0.5578695231,0.02514772904,0.1039325098,30657,0.1253470277,0.004011889341,BIN_00
SUM(static_0.avgdbddpdlast24m_3658932P),numeric,2,BIN_01,-15,-8,141455,2664,138791,0.01883284437,0.06265431373,0.1119682694,-0.5805829889,0.02863084379,0.1103322564,31807,0.1300490234,0.003241735324,BIN_01
SUM(static_0.avgdbddpdlast24m_3658932P),numeric,3,BIN_02,-8,-4,153887,3634,150253,0.02361473029,0.08546335269,0.1212150915,-0.3494789224,0.01249447914,0.1200289841,34610,0.1415096268,0.003536454896,BIN_02
SUM(static_0.avgdbddpdlast24m_3658932P),numeric,4,BIN_03,-4,-2,111591,3262,108329,0.02923174808,0.07671596868,0.0873934401,-0.1303103404,0.001391384936,0.08703889455,23509,0.09612105799,0.0009014350129,BIN_03
SUM(static_0.avgdbddpdlast24m_3658932P),numeric,5,BIN_04,-2,0,642114,21376,620738,0.03329003884,0.5026571355,0.5007728543,0.003755684882,7.07676644e-06,0.5008369199,102959,0.4209676298,0.01387526024,BIN_04
SUM(static_0.avgdbddpdlast24m_3658932P),numeric,6,BIN_05,0,inf,99785,9022,90763,0.09041439094,0.2121593341,0.07322229402,1.06383763,0.1478064515,0.07783043518,21035,0.08600563422,0.0008165409713,BIN_05
SUM(static_0.maxdpdlast12m_727P),numeric,0,__MISSING__,,,0,0,0,,0,0,0,0,0,0,0,0,__MISSING__
SUM(static_0.maxdpdlast12m_727P),numeric,1,BIN_00,-inf,0,1036306,27925,1008381,0.02694667405,0.6566765823,0.8134998764,-0.2141541418,0.03358435796,0.8082993131,187211,0.7654481002,0.002334148968,BIN_00
SUM(static_0.maxdpdlast12m_727P),numeric,2,BIN_01,0,3,126811,4663,122148,0.03677125801,0.1096636136,0.09854186104,0.1069361791,0.001189317723,0.09891021011,28606,0.1169611206,0.003025858015,BIN_01
SUM(static_0.maxdpdlast12m_727P),numeric,3,BIN_02,3,inf,118965,9936,109029,0.08352036313,0.2336598041,0.08795826259,0.9770038157,0.142350962,0.09279047674,28760,0.1175907792,0.005874363588,BIN_02
SUM(static_0.numinstlswithdpd10_728L),numeric,0,__MISSING__,,,0,0,0,,0,0,0,0,0,0,0,0,__MISSING__
SUM(static_0.numinstlswithdpd10_728L),numeric,1,BIN_00,-inf,0,1042028,27124,1014904,0.02603001071,0.6378408249,0.8187622296,-0.2497049623,0.04517697255,0.8127623662,185437,0.7581947608,0.003792365713,BIN_00
SUM(static_0.numinstlswithdpd10_728L),numeric,2,BIN_01,0,5,116281,5405,110876,0.0464822284,0.1271119681,0.08944830805,0.351407442,0.01323529044,0.0906970069,28845,0.117938318,0.007154587183,BIN_01
SUM(static_0.numinstlswithdpd10_728L),numeric,3,BIN_02,5,inf,123773,9995,113778,0.08075266819,0.235047207,0.0917894623,0.9402888734,0.1347036633,0.09654062689,30295,0.1238669213,0.006810910811,BIN_02
SUM(static_0.pmtnum_254L),numeric,0,__MISSING__,,,0,0,0,,0,0,0,0,0,0,0,0,__MISSING__
SUM(static_0.pmtnum_254L),numeric,1,BIN_00,-inf,6,206539,6509,200030,0.0315146292,0.1530656634,0.1613719852,-0.05284516504,0.0004389489453,0.1610965601,51973,0.2125015844,0.01423639048,BIN_00
SUM(static_0.pmtnum_254L),numeric,2,BIN_01,6,11,60936,1498,59438,0.02458316923,0.03523602375,0.04795123114,-0.3081155153,0.003917752677,0.04752894121,12993,0.05312437392,0.0006227550316,BIN_01
SUM(static_0.pmtnum_254L),numeric,3,BIN_02,11,12,442891,13037,429854,0.02943613666,0.3065663394,0.3467794861,-0.1232549175,0.004956468079,0.3454467031,87101,0.3561291536,0.0003253349378,BIN_02
SUM(static_0.pmtnum_254L),numeric,4,BIN_03,12,16,77160,1400,75760,0.01814411612,0.03293163247,0.0611187908,-0.6183856914,0.01743053539,0.06018335801,9661,0.03950085249,0.00870885737,BIN_03
SUM(static_0.pmtnum_254L),numeric,5,BIN_04,16,24,355577,13481,342096,0.03791302587,0.3170066428,0.2759818694,0.1385875558,0.005685523067,0.2773434149,55399,0.2265094428,0.01029234765,BIN_04
SUM(static_0.pmtnum_254L),numeric,6,BIN_05,24,30,25769,1097,24672,0.04257053048,0.02580683087,0.01990421613,0.2597076444,0.001532954172,0.02009933842,3497,0.01429815559,0.001975629654,BIN_05
SUM(static_0.pmtnum_254L),numeric,7,BIN_06,30,inf,113210,5502,107708,0.048599947,0.1293868673,0.08689242123,0.398136072,0.01691857185,0.08830168429,23953,0.0979364372,0.0009977700596,BIN_06
COUNT(person_2),numeric,0,__MISSING__,,,0,0,0,,0,0,0,0,0,0,0,0,__MISSING__
COUNT(person_2),numeric,1,BIN_00,-inf,1,1144191,37690,1106501,0.03294030455,0.886303512,0.8926570286,-0.007142984259,4.538306874e-05,0.892447597,238802,0.9763878042,0.007545557385,BIN_00
COUNT(person_2),numeric,2,BIN_01,1,2,121212,4244,116968,0.03501303501,0.09981070181,0.09436295716,0.05612681696,0.0003057645669,0.09454309475,3715,0.01518949043,0.1450942558,BIN_01
COUNT(person_2),numeric,3,BIN_02,2,inf,16679,590,16089,0.03537382337,0.01388578618,0.01298001427,0.06745492888,6.109877938e-05,0.0130093083,2060,0.008422705324,0.001993952487,BIN_02
MAX(static_cb_0.pmtscount_423L),numeric,0,__MISSING__,,,0,0,0,,0,0,0,0,0,0,0,0,__MISSING__
MAX(static_cb_0.pmtscount_423L),numeric,1,BIN_00,-inf,-9999,709444,24469,684975,0.03449038966,0.5753874009,0.5525952333,0.04041776819,0.0009212085478,0.5533530617,244577,1,0.2643073605,BIN_00
MAX(static_cb_0.pmtscount_423L),numeric,2,BIN_01,-9999,0,90373,3920,86453,0.04337578702,0.09218849202,0.06974525659,0.2789858949,0.00626134612,0.07048925108,0,0,0.7868755377,BIN_01
MAX(static_cb_0.pmtscount_423L),numeric,3,BIN_02,0,5,125414,5126,120288,0.04087262985,0.1205469466,0.09704121056,0.2169035364,0.005098477283,0.09782057622,0,0,1.124034012,BIN_02
MAX(static_cb_0.pmtscount_423L),numeric,4,BIN_03,5,6,179791,4711,175080,0.02620264641,0.1107884403,0.1412439565,-0.2428661442,0.007396613799,0.14023362,0,0,1.661905898,BIN_03
MAX(static_cb_0.pmtscount_423L),numeric,5,BIN_04,6,8,71535,1933,69602,0.02702173761,0.04546523385,0.05615092763,-0.2110952588,0.002255699293,0.05579596313,0,0,0.6098086392,BIN_04
MAX(static_cb_0.pmtscount_423L),numeric,6,BIN_05,8,inf,105525,2365,103160,0.02241175077,0.05562348626,0.08322341539,-0.4029232164,0.01112065222,0.08230752791,0,0,0.9315632135,BIN_05
MODE(static_cb_0.description_5085714M),categorical,0,__MISSING__,,,0,0,0,,0,0,0,0,0,0,0,0,__MISSING__
MODE(static_cb_0.description_5085714M),categorical,1,VALUE::2,,,1256205,41782,1214423,0.0332604949,0.9825396825,0.9797222238,0.002871645906,8.090743881e-06,0.9798164236,59920,0.2449944189,1.018558679,2
MODE(static_cb_0.description_5085714M),categorical,2,VALUE::1,,,25877,742,25135,0.02867411215,0.01746031746,0.02027777621,-0.1495947859,0.0004214771384,0.0201835764,306,0.001251139723,0.05264759084,1
MODE(static_cb_0.description_5085714M),categorical,3,__UNSEEN__,,,0,0,0,,0,0,0,0,0,184351,0.7537544413,10.20041109,__UNSEEN__
MODE(static_cb_0.education_1103M),categorical,0,__MISSING__,,,0,0,0,,0,0,0,0,0,0,0,0,__MISSING__
MODE(static_cb_0.education_1103M),categorical,1,VALUE::4,,,733563,25587,707976,0.03488043972,0.6016765819,0.5711509962,0.05206644526,0.001589358739,0.5721654309,126399,0.5168065681,0.005633290366,4
MODE(static_cb_0.education_1103M),categorical,2,VALUE::1,,,371568,9972,361596,0.02683761788,0.2344980836,0.2917133566,-0.2183242491,0.01249148152,0.289816096,80881,0.33069749,0.005394604895,1
MODE(static_cb_0.education_1103M),categorical,3,VALUE::2,,,109344,3862,105482,0.0353197249,0.09082465257,0.08509665922,0.06514297517,0.0003731385288,0.08528627654,25998,0.1062978121,0.00462739457,2
MODE(static_cb_0.education_1103M),categorical,4,VALUE::0,,,37487,2190,35297,0.05842025235,0.05150845345,0.02847580716,0.5926910837,0.01365124409,0.02923915943,9653,0.03946814296,0.003068541131,0
MODE(static_cb_0.education_1103M),categorical,5,VALUE::3,,,25877,742,25135,0.02867411215,0.01745949632,0.02027774349,-0.1496402025,0.0004217230775,0.0201835764,306,0.001251139723,0.05264759084,3
MODE(static_cb_0.education_1103M),categorical,6,VALUE::5,,,4243,171,4072,0.04030167334,0.004032732147,0.003285437344,0.2049443215,0.0001531538262,0.003309460705,1340,0.005478847152,0.001093608226,5
MODE(static_cb_0.education_1103M),categorical,7,__UNSEEN__,,,0,0,0,,0,0,0,0,0,0,0,0,__UNSEEN__
MODE(static_cb_0.education_88M),categorical,0,__MISSING__,,,0,0,0,,0,0,0,0,0,0,0,0,__MISSING__
MODE(static_cb_0.education_88M),categorical,1,VALUE::4,,,1244829,41193,1203636,0.03309129206,0.96864345,0.9710183686,-0.002448797744,5.815695204e-06,0.9709433562,240131,0.9818216758,0.0001212015367,4
MODE(static_cb_0.education_88M),categorical,2,VALUE::2,,,25877,742,25135,0.02867411215,0.01745949632,0.02027774349,-0.1496402025,0.0004217230775,0.0201835764,306,0.001251139723,0.05264759084,2
MODE(static_cb_0.education_88M),categorical,3,VALUE::0,,,8612,406,8206,0.04714352067,0.009558633339,0.006620489028,0.3672755221,0.001079108486,0.006717199056,3061,0.01251548592,0.00360824777,0
MODE(static_cb_0.education_88M),categorical,4,VALUE::1,,,2360,151,2209,0.06398305085,0.003562442683,0.001782485896,0.6924374957,0.00123250882,0.001840755895,920,0.003761596552,0.00137276178,1
MODE(static_cb_0.education_88M),categorical,5,VALUE::3,,,322,25,297,0.07763975155,0.0005996190655,0.0002400043241,0.9156376225,0.0003292767869,0.0002511539824,115,0.0004701995691,0.0001373615145,3
MODE(static_cb_0.education_88M),categorical,6,VALUE::5,,,82,7,75,0.08536585366,0.0001763585487,6.09086604e-05,1.06314376,0.0001227398283,6.395846756e-05,44,0.0001799024438,0.0001199070338,5
MODE(static_cb_0.education_88M),categorical,7,__UNSEEN__,,,0,0,0,,0,0,0,0,0,0,0,0,__UNSEEN__
MODE(static_cb_0.maritalst_385M),categorical,0,__MISSING__,,,0,0,0,,0,0,0,0,0,0,0,0,__MISSING__
MODE(static_cb_0.maritalst_385M),categorical,1,VALUE::3,,,575090,19842,555248,0.03450242571,0.4665804479,0.4479394528,0.04077238222,0.0007600377798,0.4485594525,86502,0.3536800271,0.02254796308,3
MODE(static_cb_0.maritalst_385M),categorical,2,VALUE::0,,,444931,13480,431451,0.03029683254,0.3169831286,0.348067845,-0.09354886729,0.002907940009,0.347037865,105405,0.4309685702,0.01817949731,0
MODE(static_cb_0.maritalst_385M),categorical,3,VALUE::4,,,167342,6290,161052,0.03758769466,0.1479160543,0.1299269943,0.1296722015,0.002332681011,0.1305236327,33708,0.1378216267,0.0003970545607,4
MODE(static_cb_0.maritalst_385M),categorical,4,VALUE::5,,,42843,1230,41613,0.02870947413,0.02893421903,0.03357114593,-0.1486420015,0.0006892420937,0.03341673933,13057,0.0533860502,0.00935547292,5
MODE(static_cb_0.maritalst_385M),categorical,5,VALUE::2,,,25877,742,25135,0.02867411215,0.01745929105,0.02027773531,-0.1496515563,0.0004217845706,0.0201835764,306,0.001251139723,0.05264759084,2
MODE(static_cb_0.maritalst_385M),categorical,6,VALUE::1,,,22193,744,21449,0.03352408417,0.01750631944,0.0173041031,0.01161827959,2.34940593e-06,0.01731012525,4658,0.01904512689,0.0001657267633,1
MODE(static_cb_0.maritalst_385M),categorical,7,VALUE::6,,,3806,196,3610,0.05149763531,0.004620539651,0.002912723572,0.4614229269,0.0007880254938,0.002968608872,941,0.003847459082,0.0002279029988,6
MODE(static_cb_0.maritalst_385M),categorical,8,__UNSEEN__,,,0,0,0,,0,0,0,0,0,0,0,0,__UNSEEN__
MODE(static_cb_0.requesttype_4525192L),categorical,0,__MISSING__,,,0,0,0,,0,0,0,0,0,0,0,0,__MISSING__
MODE(static_cb_0.requesttype_4525192L),categorical,1,VALUE::0,,,627284,17377,609907,0.02770196594,0.4086323661,0.4920354803,-0.185734937,0.01549087217,0.4892697971,226111,0.9244982153,0.276951968,0
MODE(static_cb_0.requesttype_4525192L),categorical,2,VALUE::1,,,535303,22044,513259,0.04118041558,0.5183769929,0.4140658782,0.2246776758,0.02343637881,0.4175263361,15084,0.06167382869,0.6805636331,1
MODE(static_cb_0.requesttype_4525192L),categorical,3,VALUE::2,,,113751,2882,110869,0.025336041,0.06778206274,0.0894426248,-0.2772997575,0.006006468608,0.08872365418,3296,0.01347632852,0.1418104949,2
MODE(static_cb_0.requesttype_4525192L),categorical,4,VALUE::3,,,5744,221,5523,0.03847493036,0.005208578282,0.004456016651,0.1560516965,0.0001174385192,0.004480212654,86,0.0003516275038,0.01050664397,3
MODE(static_cb_0.requesttype_4525192L),categorical,5,__UNSEEN__,,,0,0,0,,0,0,0,0,0,0,0,0,__UNSEEN__
SUM(static_cb_0.days120_123L),numeric,0,__MISSING__,,,0,0,0,,0,0,0,0,0,0,0,0,__MISSING__
SUM(static_cb_0.days120_123L),numeric,1,BIN_00,-inf,0,544684,14600,530084,0.02680453254,0.3433230653,0.427638898,-0.2196072578,0.01851636879,0.4248433408,114064,0.4663725534,0.003873192726,BIN_00
SUM(static_cb_0.days120_123L),numeric,2,BIN_01,0,1,283954,7931,276023,0.02793058031,0.1865050439,0.2226784321,-0.1772704388,0.006412472412,0.2214788134,63352,0.2590268096,0.005880190197,BIN_01
SUM(static_cb_0.days120_123L),numeric,3,BIN_02,1,2,177101,5678,171423,0.03206080146,0.1335269358,0.1382937185,-0.03507659428,0.0001672025018,0.1381354703,31452,0.1285975378,0.0006824124292,BIN_02
SUM(static_cb_0.days120_123L),numeric,4,BIN_03,2,3,104335,4082,100253,0.03912397566,0.09599783667,0.08087823028,0.1713809629,0.002591212702,0.08137935015,15502,0.06338290191,0.004497805844,BIN_03
SUM(static_cb_0.days120_123L),numeric,5,BIN_04,3,4,62871,2951,59920,0.04693737971,0.06940296753,0.04834009782,0.3616682274,0.007617770749,0.04903820504,8175,0.03342505632,0.00598442437,BIN_04
SUM(static_cb_0.days120_123L),numeric,6,BIN_05,4,inf,109137,7282,101855,0.066723476,0.1712441508,0.08217062331,0.734292463,0.06540601987,0.08512482041,12032,0.049195141,0.01970109821,BIN_05
SUM(static_cb_0.days30_165L),numeric,0,__MISSING__,,,0,0,0,,0,0,0,0,0,0,0,0,__MISSING__
SUM(static_cb_0.days30_165L),numeric,1,BIN_00,-inf,0,892198,24945,867253,0.02795904048,0.5865940836,0.6996462454,-0.176241773,0.01992451345,0.6958977663,166300,0.6799494638,0.0003697499847,BIN_00
SUM(static_cb_0.days30_165L),numeric,2,BIN_01,0,1,253386,9453,243933,0.03730671781,0.2222992993,0.1967903934,0.1218854995,0.003109165735,0.1976363446,53080,0.2170277663,0.001814971176,BIN_01
SUM(static_cb_0.days30_165L),numeric,3,BIN_02,1,2,88581,4467,84114,0.05042842144,0.1050533791,0.06785835296,0.4370461055,0.01625594132,0.06909152457,16633,0.06800721245,1.715197825e-05,BIN_02
SUM(static_cb_0.days30_165L),numeric,4,BIN_03,2,inf,47917,3659,44258,0.07636120792,0.08605323802,0.03570500823,0.879675186,0.04429008841,0.03737436451,8564,0.03501555747,0.0001537766848,BIN_03
MAX_MIN_DELTA(applprev_2.num_group2),numeric,0,__MISSING__,,,0,0,0,,0,0,0,0,0,0,0,0,__MISSING__
MAX_MIN_DELTA(applprev_2.num_group2),numeric,1,BIN_00,-inf,0,330511,8931,321580,0.02702179353,0.2100244556,0.2594311691,-0.2112674439,0.01043803007,0.2577924033,42690,0.1745462574,0.03246306918,BIN_00
MAX_MIN_DELTA(applprev_2.num_group2),numeric,2,BIN_01,0,1,345785,13090,332695,0.03785589311,0.3078234492,0.2683980606,0.1370552224,0.0054034554,0.2697058378,57977,0.2370500906,0.004214563945,BIN_01
MAX_MIN_DELTA(applprev_2.num_group2),numeric,3,BIN_02,1,2,485513,16724,468789,0.03444603955,0.393277054,0.3781902449,0.03911697313,0.0005901503067,0.3786910666,108573,0.4439215462,0.01036689123,BIN_02
MAX_MIN_DELTA(applprev_2.num_group2),numeric,4,BIN_03,2,inf,120273,3779,116494,0.03142018574,0.08887504115,0.09398052535,-0.05585623251,0.0002851731123,0.0938106923,35337,0.1444821058,0.0218838092,BIN_03
MONTH(date_decision),categorical,0,__MISSING__,,,0,0,0,,0,0,0,0,0,0,0,0,__MISSING__
MONTH(date_decision),categorical,1,VALUE::1,,,162279,5500,156779,0.0338922473,0.1293322361,0.1264795525,0.02230391222,6.362600419e-05,0.1265745873,0,0,1.487060807,1
MONTH(date_decision),categorical,2,VALUE::2,,,138247,5247,133000,0.03795380732,0.123383494,0.1072961945,0.1397041597,0.002247462663,0.1078300764,0,0,1.249556969,2
MONTH(date_decision),categorical,3,VALUE::12,,,126011,4352,121659,0.03453666743,0.102339525,0.09814700976,0.04182950819,0.0001753708525,0.09828622506,0,0,1.129851483,12
MONTH(date_decision),categorical,4,VALUE::3,,,118534,4269,114265,0.03601498304,0.1003879614,0.09218200916,0.085277311,0.0006997815447,0.09245430479,11361,0.04645162873,0.03166377955,3
MONTH(date_decision),categorical,5,VALUE::11,,,115845,4132,111713,0.03566834995,0.09716670585,0.09012322075,0.0752502671,0.0005300241358,0.09035693505,0,0,1.031098836,11
MONTH(date_decision),categorical,6,VALUE::8,,,98741,2639,96102,0.02672648646,0.06206207383,0.07752927642,-0.2225205503,0.003441770433,0.07701613469,50831,0.2078322982,0.1298633711,8
MONTH(date_decision),categorical,7,VALUE::9,,,98706,3359,95347,0.03403035276,0.07899130026,0.07692019129,0.02656931547,5.502794747e-05,0.07698883535,61905,0.2531104724,0.2096139186,9
MONTH(date_decision),categorical,8,VALUE::7,,,97566,2679,94887,0.0274583359,0.06300258641,0.07654909307,-0.1947564948,0.002638270153,0.07609965665,28912,0.1182122604,0.01854799398,7
MONTH(date_decision),categorical,9,VALUE::10,,,95149,3663,91486,0.03849751442,0.08613919586,0.07380538641,0.1545328288,0.001905978465,0.07421444182,8592,0.03513004085,0.02923130697,10
MONTH(date_decision),categorical,10,VALUE::6,,,94398,2431,91967,0.02575266425,0.05717140842,0.07419342608,-0.2606216283,0.004436305959,0.07362867586,45962,0.1879244573,0.1070957749,6
MONTH(date_decision),categorical,11,VALUE::4,,,72012,2121,69891,0.02945342443,0.04988243593,0.05638393822,-0.1225153793,0.0007965340198,0.05616801421,8289,0.0338911672,0.01125410777,4
MONTH(date_decision),categorical,12,VALUE::5,,,64594,2132,62462,0.03300616156,0.05014107689,0.05039070189,-0.004966101687,1.239663159e-06,0.05038211284,28725,0.117447675,0.05676138829,5
MONTH(date_decision),categorical,13,__UNSEEN__,,,0,0,0,,0,0,0,0,0,0,0,0,__UNSEEN__
SEASON(date_decision),categorical,0,__MISSING__,,,0,0,0,,0,0,0,0,0,0,0,0,__MISSING__
SEASON(date_decision),categorical,1,VALUE::3,,,440583,15920,424663,0.03613394071,0.3743709731,0.3425921295,0.08870659969,0.002818993156,0.3436465062,0,0,4.380576008,3
SEASON(date_decision),categorical,2,VALUE::0,,,310603,11431,299172,0.03680260654,0.2688120209,0.2413537868,0.107748476,0.002958582873,0.2422645353,22720,0.09289508008,0.1431795201,0
SEASON(date_decision),categorical,3,VALUE::2,,,297638,8460,289178,0.02842378997,0.1989488783,0.2332912485,-0.1592397676,0.005468671047,0.2321520776,138818,0.5675840328,0.2998748765,2
SEASON(date_decision),categorical,4,VALUE::1,,,233258,6713,226545,0.0287792916,0.1578681277,0.1827628352,-0.1464292799,0.003645314087,0.1819368808,83039,0.3395208871,0.09831282437,1
SEASON(date_decision),categorical,5,__UNSEEN__,,,0,0,0,,0,0,0,0,0,0,0,0,__UNSEEN__
WEEKDAY(date_decision),categorical,0,__MISSING__,,,0,0,0,,0,0,0,0,0,0,0,0,__MISSING__
WEEKDAY(date_decision),categorical,1,VALUE::5,,,214416,6252,208164,0.02915827177,0.1470225148,0.1679339831,-0.1329852072,0.00278091594,0.1672404729,22888,0.09358198032,0.04276574421,5
WEEKDAY(date_decision),categorical,2,VALUE::4,,,207883,6765,201118,0.03254234353,0.1590852977,0.1622497149,-0.01969607633,6.232660215e-05,0.162144855,40543,0.1657678359,8.006109562e-05,4
WEEKDAY(date_decision),categorical,3,VALUE::0,,,183776,6444,177332,0.03506442626,0.1515372406,0.1430606711,0.05756259397,0.0004879333317,0.1433418455,43705,0.1786962797,0.007794072306,0
WEEKDAY(date_decision),categorical,4,VALUE::6,,,175697,4627,171070,0.02633511101,0.1088119452,0.1380088846,-0.2376969453,0.006940023302,0.1370403765,15550,0.06357915912,0.05641747092,6
WEEKDAY(date_decision),categorical,5,VALUE::1,,,172982,6425,166557,0.03714259287,0.1510904709,0.134368081,0.1172958951,0.001961467692,0.1349227273,42992,0.1757810424,0.01080853281,1
WEEKDAY(date_decision),categorical,6,VALUE::2,,,165782,6157,159625,0.03713913453,0.1447886662,0.1287757808,0.1172024458,0.00187674933,0.1293068618,41007,0.1676649889,0.009964655924,2
WEEKDAY(date_decision),categorical,7,VALUE::3,,,161546,5854,155692,0.03623735654,0.1376638646,0.1256028846,0.09168972971,0.001105867995,0.126002861,37892,0.1549287137,0.005977830786,3
WEEKDAY(date_decision),categorical,8,__UNSEEN__,,,0,0,0,,0,0,0,0,0,0,0,0,__UNSEEN__
