model,fold_id,feature,importance_type,importance_raw,importance_normalized_within_fold
lightgbm,1,COUNT(person_1),gain,538.0931969,0.001186893858
lightgbm,1,MODE(person_1.contaddr_district_15M),gain,44439.08767,0.09802108727
lightgbm,1,MODE(person_1.contaddr_zipcode_807M),gain,56058.98988,0.123651574
lightgbm,1,MODE(person_1.education_927M),gain,523.3101034,0.001154286193
lightgbm,1,MODE(person_1.empladdr_district_926M),gain,1732.399497,0.003821223414
lightgbm,1,MODE(person_1.empladdr_zipcode_114M),gain,38.29949951,8.447875015e-05
lightgbm,1,MODE(person_1.incometype_1044T),gain,12711.14344,0.02803748155
lightgbm,1,MODE(person_1.language1_981M),gain,220.8248997,0.0004870823839
lightgbm,1,MODE(person_1.role_1084L),gain,401.6451006,0.000885924791
lightgbm,1,MODE(person_1.sex_738L),gain,6292.533822,0.01387969554
lightgbm,1,MODE(person_1.type_25L),gain,96.37300205,0.000212573816
lightgbm,1,COUNT(credit_bureau_a_1),gain,669.0366001,0.001475721002
lightgbm,1,MAX(credit_bureau_a_1.dpdmax_139P),gain,7304.439709,0.01611169715
lightgbm,1,MAX(credit_bureau_a_1.dpdmax_757P),gain,1459.275407,0.003218782597
lightgbm,1,MAX(credit_bureau_a_1.instlamount_768A),gain,7026.808938,0.01549931577
lightgbm,1,MAX(credit_bureau_a_1.nominalrate_281L),gain,3673.941598,0.0081037611
lightgbm,1,MAX(credit_bureau_a_1.nominalrate_498L),gain,430.3832006,0.0009493135769
lightgbm,1,MAX(credit_bureau_a_1.numberofcontrsvalue_358L),gain,14564.02884,0.03212446558
lightgbm,1,MAX(credit_bureau_a_1.numberofinstls_320L),gain,5836.550283,0.01287391427
lightgbm,1,MAX(credit_bureau_a_1.outstandingamount_354A),gain,30.4810009,6.723317255e-05
lightgbm,1,MAX(credit_bureau_a_1.overdueamount_31A),gain,0,0
lightgbm,1,MAX(credit_bureau_a_1.overdueamountmax2_398A),gain,215.2982016,0.0004748919231
lightgbm,1,MAX(credit_bureau_a_1.residualamount_488A),gain,73.52729893,0.0001621821276
lightgbm,1,MAX_MIN_DELTA(credit_bureau_a_1.dpdmax_757P),gain,360.7398014,0.0007956983235
lightgbm,1,MAX_MIN_DELTA(credit_bureau_a_1.dpdmaxdatemonth_442T),gain,81.7663002,0.0001803552248
lightgbm,1,MAX_MIN_DELTA(credit_bureau_a_1.dpdmaxdateyear_596T),gain,2908.601197,0.006415618923
lightgbm,1,MIN(credit_bureau_a_1.monthlyinstlamount_674A),gain,0,0
lightgbm,1,MIN(credit_bureau_a_1.overdueamountmax2_398A),gain,109.6406002,0.0002418386921
lightgbm,1,MODE(credit_bureau_a_1.classificationofcontr_400M),gain,228.6659069,0.0005043776097
lightgbm,1,MODE(credit_bureau_a_1.contractst_964M),gain,0,0
lightgbm,1,MODE(credit_bureau_a_1.financialinstitution_382M),gain,438.1137962,0.0009663652633
lightgbm,1,STD(credit_bureau_a_1.dpdmax_139P),gain,468.3107061,0.001032971805
lightgbm,1,STD(credit_bureau_a_1.nominalrate_498L),gain,67.01910114,0.0001478267333
lightgbm,1,SUM(credit_bureau_a_1.dpdmax_139P),gain,30839.08419,0.06802301129
lightgbm,1,SUM(credit_bureau_a_1.overdueamountmax2_398A),gain,43.89149952,9.681325001e-05
lightgbm,1,SUM(credit_bureau_a_1.periodicityofpmts_837L),gain,619.5920105,0.001366659077
lightgbm,1,MODE(tax_registry_a_1.name_4527232M),gain,0,0
lightgbm,1,ENTROPY(applprev_1.cancelreason_3545846M),gain,77.3190012,0.0001705456381
lightgbm,1,MAX(applprev_1.byoccupationinc_3656910L),gain,759.7297974,0.001675766643
lightgbm,1,MAX(applprev_1.childnum_21L),gain,1567.792304,0.003458142692
lightgbm,1,MAX(applprev_1.downpmt_134A),gain,229.5010023,0.0005062196133
lightgbm,1,MAX(applprev_1.maxdpdtolerance_577P),gain,8821.708963,0.01945839911
lightgbm,1,MEAN(applprev_1.currdebt_94A),gain,5371.167496,0.01184740069
lightgbm,1,MIN(applprev_1.credacc_credlmt_575A),gain,74.59229851,0.0001645312401
lightgbm,1,MIN(applprev_1.currdebt_94A),gain,72.25999928,0.0001593867936
lightgbm,1,MODE(applprev_1.postype_4733339M),gain,0,0
lightgbm,1,MODE(applprev_1.status_219L),gain,14310.93632,0.0315662092
lightgbm,1,SKEW(applprev_1.actualdpd_943P),gain,96.60420132,0.0002130837815
lightgbm,1,SKEW(applprev_1.currdebt_94A),gain,209.0259981,0.0004610570711
lightgbm,1,STD(applprev_1.actualdpd_943P),gain,306.794199,0.0006767083334
lightgbm,1,STD(applprev_1.childnum_21L),gain,166.0953007,0.000366363101
lightgbm,1,STD(applprev_1.maxdpdtolerance_577P),gain,2494.619396,0.005502482575
lightgbm,1,SUM(applprev_1.maxdpdtolerance_577P),gain,2016.143305,0.00444708857
lightgbm,1,MEAN(credit_bureau_a_2.pmts_overdue_1152A),gain,1703.554901,0.003757599726
lightgbm,1,MIN(credit_bureau_a_2.pmts_overdue_1152A),gain,160.9643002,0.0003550454463
lightgbm,1,MAX(static_0.avgdbddpdlast3m_4187120P),gain,3179.604596,0.007013382046
lightgbm,1,MAX(static_0.avgpmtlast12m_4525200A),gain,0,0
lightgbm,1,MAX(static_0.eir_270L),gain,3143.549599,0.006933854084
lightgbm,1,MAX(static_0.homephncnt_628L),gain,2505.205389,0.005525832526
lightgbm,1,MAX(static_0.lastrejectcredamount_222A),gain,215.2320976,0.000474746115
lightgbm,1,MAX(static_0.maininc_215A),gain,1016.339102,0.002241780131
lightgbm,1,MAX(static_0.maxdpdinstlnum_3546846P),gain,1621.42769,0.003576448424
lightgbm,1,MAX(static_0.maxinstallast24m_3658928A),gain,1559.329799,0.003439476603
lightgbm,1,MAX(static_0.maxlnamtstart6m_4525199A),gain,0,0
lightgbm,1,MAX(static_0.maxpmtlast3m_4525190A),gain,0,0
lightgbm,1,MAX(static_0.mobilephncnt_593L),gain,9107.494716,0.02008876827
lightgbm,1,MAX(static_0.numactivecreds_622L),gain,79.71859932,0.0001758385284
lightgbm,1,MAX(static_0.numactiverelcontr_750L),gain,254.5426998,0.0005614550951
lightgbm,1,MAX(static_0.numcontrs3months_479L),gain,1422.451088,0.003137557712
lightgbm,1,MAX(static_0.numrejects9m_859L),gain,4064.088978,0.008964324905
lightgbm,1,MODE(static_0.bankacctype_710L),gain,161.6738987,0.0003566106364
lightgbm,1,MODE(static_0.credtype_322L),gain,4642.712201,0.01024061748
lightgbm,1,MODE(static_0.disbursementtype_67L),gain,3602.900046,0.007947061886
lightgbm,1,MODE(static_0.lastapprcommoditycat_1041M),gain,2476.979485,0.00546357351
lightgbm,1,MODE(static_0.lastapprcommoditytypec_5251766M),gain,0,0
lightgbm,1,MODE(static_0.lastcancelreason_561M),gain,5427.45054,0.01197154647
lightgbm,1,MODE(static_0.lastrejectcommoditycat_161M),gain,887.4039536,0.001957382677
lightgbm,1,MODE(static_0.lastrejectcommodtypec_5251769M),gain,0,0
lightgbm,1,MODE(static_0.lastrejectreason_759M),gain,4214.938092,0.009297058879
lightgbm,1,MODE(static_0.lastrejectreasonclient_4145040M),gain,66.93910217,0.0001476502764
lightgbm,1,MODE(static_0.lastst_736L),gain,1469.44821,0.003241221158
lightgbm,1,MODE(static_0.previouscontdistrict_112M),gain,74818.74604,0.1650307245
lightgbm,1,MODE(static_0.typesuite_864L),gain,468.0806999,0.001032464471
lightgbm,1,SUM(static_0.avgdbddpdlast24m_3658932P),gain,11571.60809,0.02552396249
lightgbm,1,SUM(static_0.maxdpdlast12m_727P),gain,16120.33145,0.03555726498
lightgbm,1,SUM(static_0.numinstlswithdpd10_728L),gain,11490.53204,0.02534512977
lightgbm,1,SUM(static_0.pmtnum_254L),gain,12190.4451,0.02688895622
lightgbm,1,COUNT(person_2),gain,518.6594992,0.001144028167
lightgbm,1,MAX(static_cb_0.pmtscount_423L),gain,8846.585478,0.01951327025
lightgbm,1,MODE(static_cb_0.description_5085714M),gain,60.40929985,0.0001332472281
lightgbm,1,MODE(static_cb_0.education_1103M),gain,1963.252705,0.004330425641
lightgbm,1,MODE(static_cb_0.education_88M),gain,0,0
lightgbm,1,MODE(static_cb_0.maritalst_385M),gain,872.6943026,0.001924937007
lightgbm,1,MODE(static_cb_0.requesttype_4525192L),gain,0,0
lightgbm,1,SUM(static_cb_0.days120_123L),gain,14787.28301,0.03261690629
lightgbm,1,SUM(static_cb_0.days30_165L),gain,5588.573271,0.01232694137
lightgbm,1,MAX_MIN_DELTA(applprev_2.num_group2),gain,134.8050995,0.0002973450427
lightgbm,1,MONTH(date_decision),gain,2561.824691,0.005650720002
lightgbm,1,SEASON(date_decision),gain,22.59969997,4.984906936e-05
lightgbm,1,WEEKDAY(date_decision),gain,1285.960005,0.002836493827
lightgbm,1,COUNT(person_1),split,23,0.002366255144
lightgbm,1,MODE(person_1.contaddr_district_15M),split,1439,0.1480452675
lightgbm,1,MODE(person_1.contaddr_zipcode_807M),split,1784,0.1835390947
lightgbm,1,MODE(person_1.education_927M),split,27,0.002777777778
lightgbm,1,MODE(person_1.empladdr_district_926M),split,79,0.008127572016
lightgbm,1,MODE(person_1.empladdr_zipcode_114M),split,2,0.0002057613169
lightgbm,1,MODE(person_1.incometype_1044T),split,154,0.0158436214
lightgbm,1,MODE(person_1.language1_981M),split,13,0.00133744856
lightgbm,1,MODE(person_1.role_1084L),split,16,0.001646090535
lightgbm,1,MODE(person_1.sex_738L),split,88,0.009053497942
lightgbm,1,MODE(person_1.type_25L),split,5,0.0005144032922
lightgbm,1,COUNT(credit_bureau_a_1),split,19,0.00195473251
lightgbm,1,MAX(credit_bureau_a_1.dpdmax_139P),split,83,0.00853909465
lightgbm,1,MAX(credit_bureau_a_1.dpdmax_757P),split,43,0.004423868313
lightgbm,1,MAX(credit_bureau_a_1.instlamount_768A),split,138,0.01419753086
lightgbm,1,MAX(credit_bureau_a_1.nominalrate_281L),split,77,0.0079218107
lightgbm,1,MAX(credit_bureau_a_1.nominalrate_498L),split,20,0.002057613169
lightgbm,1,MAX(credit_bureau_a_1.numberofcontrsvalue_358L),split,167,0.01718106996
lightgbm,1,MAX(credit_bureau_a_1.numberofinstls_320L),split,106,0.01090534979
lightgbm,1,MAX(credit_bureau_a_1.outstandingamount_354A),split,2,0.0002057613169
lightgbm,1,MAX(credit_bureau_a_1.overdueamount_31A),split,0,0
lightgbm,1,MAX(credit_bureau_a_1.overdueamountmax2_398A),split,11,0.001131687243
lightgbm,1,MAX(credit_bureau_a_1.residualamount_488A),split,3,0.0003086419753
lightgbm,1,MAX_MIN_DELTA(credit_bureau_a_1.dpdmax_757P),split,7,0.0007201646091
lightgbm,1,MAX_MIN_DELTA(credit_bureau_a_1.dpdmaxdatemonth_442T),split,3,0.0003086419753
lightgbm,1,MAX_MIN_DELTA(credit_bureau_a_1.dpdmaxdateyear_596T),split,73,0.007510288066
lightgbm,1,MIN(credit_bureau_a_1.monthlyinstlamount_674A),split,0,0
lightgbm,1,MIN(credit_bureau_a_1.overdueamountmax2_398A),split,4,0.0004115226337
lightgbm,1,MODE(credit_bureau_a_1.classificationofcontr_400M),split,6,0.0006172839506
lightgbm,1,MODE(credit_bureau_a_1.contractst_964M),split,0,0
lightgbm,1,MODE(credit_bureau_a_1.financialinstitution_382M),split,16,0.001646090535
lightgbm,1,STD(credit_bureau_a_1.dpdmax_139P),split,14,0.001440329218
lightgbm,1,STD(credit_bureau_a_1.nominalrate_498L),split,4,0.0004115226337
lightgbm,1,SUM(credit_bureau_a_1.dpdmax_139P),split,151,0.01553497942
lightgbm,1,SUM(credit_bureau_a_1.overdueamountmax2_398A),split,3,0.0003086419753
lightgbm,1,SUM(credit_bureau_a_1.periodicityofpmts_837L),split,4,0.0004115226337
lightgbm,1,MODE(tax_registry_a_1.name_4527232M),split,0,0
lightgbm,1,ENTROPY(applprev_1.cancelreason_3545846M),split,5,0.0005144032922
lightgbm,1,MAX(applprev_1.byoccupationinc_3656910L),split,29,0.002983539095
lightgbm,1,MAX(applprev_1.childnum_21L),split,47,0.004835390947
lightgbm,1,MAX(applprev_1.downpmt_134A),split,14,0.001440329218
lightgbm,1,MAX(applprev_1.maxdpdtolerance_577P),split,60,0.006172839506
lightgbm,1,MEAN(applprev_1.currdebt_94A),split,157,0.01615226337
lightgbm,1,MIN(applprev_1.credacc_credlmt_575A),split,5,0.0005144032922
lightgbm,1,MIN(applprev_1.currdebt_94A),split,4,0.0004115226337
lightgbm,1,MODE(applprev_1.postype_4733339M),split,0,0
lightgbm,1,MODE(applprev_1.status_219L),split,52,0.005349794239
lightgbm,1,SKEW(applprev_1.actualdpd_943P),split,4,0.0004115226337
lightgbm,1,SKEW(applprev_1.currdebt_94A),split,9,0.0009259259259
lightgbm,1,STD(applprev_1.actualdpd_943P),split,12,0.001234567901
lightgbm,1,STD(applprev_1.childnum_21L),split,11,0.001131687243
lightgbm,1,STD(applprev_1.maxdpdtolerance_577P),split,45,0.00462962963
lightgbm,1,SUM(applprev_1.maxdpdtolerance_577P),split,44,0.004526748971
lightgbm,1,MEAN(credit_bureau_a_2.pmts_overdue_1152A),split,52,0.005349794239
lightgbm,1,MIN(credit_bureau_a_2.pmts_overdue_1152A),split,4,0.0004115226337
lightgbm,1,MAX(static_0.avgdbddpdlast3m_4187120P),split,45,0.00462962963
lightgbm,1,MAX(static_0.avgpmtlast12m_4525200A),split,0,0
lightgbm,1,MAX(static_0.eir_270L),split,77,0.0079218107
lightgbm,1,MAX(static_0.homephncnt_628L),split,51,0.00524691358
lightgbm,1,MAX(static_0.lastrejectcredamount_222A),split,9,0.0009259259259
lightgbm,1,MAX(static_0.maininc_215A),split,49,0.005041152263
lightgbm,1,MAX(static_0.maxdpdinstlnum_3546846P),split,64,0.00658436214
lightgbm,1,MAX(static_0.maxinstallast24m_3658928A),split,66,0.006790123457
lightgbm,1,MAX(static_0.maxlnamtstart6m_4525199A),split,0,0
lightgbm,1,MAX(static_0.maxpmtlast3m_4525190A),split,0,0
lightgbm,1,MAX(static_0.mobilephncnt_593L),split,156,0.01604938272
lightgbm,1,MAX(static_0.numactivecreds_622L),split,4,0.0004115226337
lightgbm,1,MAX(static_0.numactiverelcontr_750L),split,8,0.0008230452675
lightgbm,1,MAX(static_0.numcontrs3months_479L),split,29,0.002983539095
lightgbm,1,MAX(static_0.numrejects9m_859L),split,45,0.00462962963
lightgbm,1,MODE(static_0.bankacctype_710L),split,4,0.0004115226337
lightgbm,1,MODE(static_0.credtype_322L),split,85,0.008744855967
lightgbm,1,MODE(static_0.disbursementtype_67L),split,81,0.008333333333
lightgbm,1,MODE(static_0.lastapprcommoditycat_1041M),split,102,0.01049382716
lightgbm,1,MODE(static_0.lastapprcommoditytypec_5251766M),split,0,0
lightgbm,1,MODE(static_0.lastcancelreason_561M),split,91,0.009362139918
lightgbm,1,MODE(static_0.lastrejectcommoditycat_161M),split,46,0.004732510288
lightgbm,1,MODE(static_0.lastrejectcommodtypec_5251769M),split,0,0
lightgbm,1,MODE(static_0.lastrejectreason_759M),split,44,0.004526748971
lightgbm,1,MODE(static_0.lastrejectreasonclient_4145040M),split,4,0.0004115226337
lightgbm,1,MODE(static_0.lastst_736L),split,38,0.003909465021
lightgbm,1,MODE(static_0.previouscontdistrict_112M),split,2220,0.2283950617
lightgbm,1,MODE(static_0.typesuite_864L),split,18,0.001851851852
lightgbm,1,SUM(static_0.avgdbddpdlast24m_3658932P),split,107,0.01100823045
lightgbm,1,SUM(static_0.maxdpdlast12m_727P),split,116,0.01193415638
lightgbm,1,SUM(static_0.numinstlswithdpd10_728L),split,114,0.01172839506
lightgbm,1,SUM(static_0.pmtnum_254L),split,216,0.02222222222
lightgbm,1,COUNT(person_2),split,24,0.002469135802
lightgbm,1,MAX(static_cb_0.pmtscount_423L),split,142,0.0146090535
lightgbm,1,MODE(static_cb_0.description_5085714M),split,2,0.0002057613169
lightgbm,1,MODE(static_cb_0.education_1103M),split,49,0.005041152263
lightgbm,1,MODE(static_cb_0.education_88M),split,0,0
lightgbm,1,MODE(static_cb_0.maritalst_385M),split,36,0.003703703704
lightgbm,1,MODE(static_cb_0.requesttype_4525192L),split,0,0
lightgbm,1,SUM(static_cb_0.days120_123L),split,202,0.020781893
lightgbm,1,SUM(static_cb_0.days30_165L),split,97,0.009979423868
lightgbm,1,MAX_MIN_DELTA(applprev_2.num_group2),split,9,0.0009259259259
lightgbm,1,MONTH(date_decision),split,70,0.007201646091
lightgbm,1,SEASON(date_decision),split,2,0.0002057613169
lightgbm,1,WEEKDAY(date_decision),split,60,0.006172839506
xgboost,1,COUNT(person_1),gain,54.03117371,0.01395441788
xgboost,1,MODE(person_1.contaddr_district_15M),gain,37.47757339,0.009679184891
xgboost,1,MODE(person_1.contaddr_zipcode_807M),gain,47.35638046,0.01223054538
xgboost,1,MODE(person_1.education_927M),gain,23.38433647,0.006039380241
xgboost,1,MODE(person_1.empladdr_district_926M),gain,29.39578438,0.007591933154
xgboost,1,MODE(person_1.empladdr_zipcode_114M),gain,36.24783325,0.00936158476
xgboost,1,MODE(person_1.incometype_1044T),gain,77.51022339,0.02001825933
xgboost,1,MODE(person_1.language1_981M),gain,16.25730896,0.004198710989
xgboost,1,MODE(person_1.role_1084L),gain,14.95081329,0.003861287512
xgboost,1,MODE(person_1.sex_738L),gain,59.6387558,0.01540266596
xgboost,1,MODE(person_1.type_25L),gain,9.770742416,0.002523451062
xgboost,1,COUNT(credit_bureau_a_1),gain,56.19946289,0.01451441336
xgboost,1,MAX(credit_bureau_a_1.dpdmax_139P),gain,105.1304245,0.0271516196
xgboost,1,MAX(credit_bureau_a_1.dpdmax_757P),gain,41.98523331,0.01084336042
xgboost,1,MAX(credit_bureau_a_1.instlamount_768A),gain,61.09463882,0.01577867112
xgboost,1,MAX(credit_bureau_a_1.nominalrate_281L),gain,49.89068985,0.01288507146
xgboost,1,MAX(credit_bureau_a_1.nominalrate_498L),gain,27.26474571,0.007041558213
xgboost,1,MAX(credit_bureau_a_1.numberofcontrsvalue_358L),gain,83.70307159,0.02161766178
xgboost,1,MAX(credit_bureau_a_1.numberofinstls_320L),gain,67.31571198,0.01738536312
xgboost,1,MAX(credit_bureau_a_1.outstandingamount_354A),gain,17.69492149,0.004569997501
xgboost,1,MAX(credit_bureau_a_1.overdueamount_31A),gain,0,0
xgboost,1,MAX(credit_bureau_a_1.overdueamountmax2_398A),gain,54.00039673,0.01394646923
xgboost,1,MAX(credit_bureau_a_1.residualamount_488A),gain,20.28733826,0.005239530742
xgboost,1,MAX_MIN_DELTA(credit_bureau_a_1.dpdmax_757P),gain,35.9446106,0.009283272642
xgboost,1,MAX_MIN_DELTA(credit_bureau_a_1.dpdmaxdatemonth_442T),gain,17.41407394,0.004497464114
xgboost,1,MAX_MIN_DELTA(credit_bureau_a_1.dpdmaxdateyear_596T),gain,42.42593384,0.0109571784
xgboost,1,MIN(credit_bureau_a_1.monthlyinstlamount_674A),gain,3.234495163,0.0008353602935
xgboost,1,MIN(credit_bureau_a_1.overdueamountmax2_398A),gain,32.44416046,0.008379225208
xgboost,1,MODE(credit_bureau_a_1.classificationofcontr_400M),gain,2.161922455,0.0005583511755
xgboost,1,MODE(credit_bureau_a_1.contractst_964M),gain,0,0
xgboost,1,MODE(credit_bureau_a_1.financialinstitution_382M),gain,37.5366478,0.009694441803
xgboost,1,STD(credit_bureau_a_1.dpdmax_139P),gain,15.24085999,0.003936196726
xgboost,1,STD(credit_bureau_a_1.nominalrate_498L),gain,0,0
xgboost,1,SUM(credit_bureau_a_1.dpdmax_139P),gain,193.5088806,0.04997677448
xgboost,1,SUM(credit_bureau_a_1.overdueamountmax2_398A),gain,9.190711975,0.00237364889
xgboost,1,SUM(credit_bureau_a_1.periodicityofpmts_837L),gain,210.2345428,0.05429644522
xgboost,1,MODE(tax_registry_a_1.name_4527232M),gain,0,0
xgboost,1,ENTROPY(applprev_1.cancelreason_3545846M),gain,7.895127296,0.002039043351
xgboost,1,MAX(applprev_1.byoccupationinc_3656910L),gain,17.37553596,0.004487511062
xgboost,1,MAX(applprev_1.childnum_21L),gain,34.37926483,0.008878996973
xgboost,1,MAX(applprev_1.downpmt_134A),gain,13.30647469,0.003436610673
xgboost,1,MAX(applprev_1.maxdpdtolerance_577P),gain,119.4822159,0.03085820009
xgboost,1,MEAN(applprev_1.currdebt_94A),gain,32.15356827,0.00830417511
xgboost,1,MIN(applprev_1.credacc_credlmt_575A),gain,0,0
xgboost,1,MIN(applprev_1.currdebt_94A),gain,12.59504223,0.003252871822
xgboost,1,MODE(applprev_1.postype_4733339M),gain,0,0
xgboost,1,MODE(applprev_1.status_219L),gain,166.9228821,0.04311051362
xgboost,1,SKEW(applprev_1.actualdpd_943P),gain,8.044756889,0.002077687595
xgboost,1,SKEW(applprev_1.currdebt_94A),gain,24.72071075,0.00638452035
xgboost,1,STD(applprev_1.actualdpd_943P),gain,19.31080246,0.004987324698
xgboost,1,STD(applprev_1.childnum_21L),gain,7.786635399,0.002011023577
xgboost,1,STD(applprev_1.maxdpdtolerance_577P),gain,47.47675323,0.01226163358
xgboost,1,SUM(applprev_1.maxdpdtolerance_577P),gain,38.57258987,0.009961990473
xgboost,1,MEAN(credit_bureau_a_2.pmts_overdue_1152A),gain,52.28447723,0.01350330548
xgboost,1,MIN(credit_bureau_a_2.pmts_overdue_1152A),gain,0,0
xgboost,1,MAX(static_0.avgdbddpdlast3m_4187120P),gain,59.28292847,0.01531076784
xgboost,1,MAX(static_0.avgpmtlast12m_4525200A),gain,0,0
xgboost,1,MAX(static_0.eir_270L),gain,43.31846237,0.01118768822
xgboost,1,MAX(static_0.homephncnt_628L),gain,40.48105621,0.01045488254
xgboost,1,MAX(static_0.lastrejectcredamount_222A),gain,7.040531635,0.001818330304
xgboost,1,MAX(static_0.maininc_215A),gain,12.65770435,0.003269055321
xgboost,1,MAX(static_0.maxdpdinstlnum_3546846P),gain,21.60080719,0.005578755177
xgboost,1,MAX(static_0.maxinstallast24m_3658928A),gain,13.56856823,0.003504300538
xgboost,1,MAX(static_0.maxlnamtstart6m_4525199A),gain,0,0
xgboost,1,MAX(static_0.maxpmtlast3m_4525190A),gain,0,0
xgboost,1,MAX(static_0.mobilephncnt_593L),gain,58.90802002,0.01521394172
xgboost,1,MAX(static_0.numactivecreds_622L),gain,4.352517605,0.001124107535
xgboost,1,MAX(static_0.numactiverelcontr_750L),gain,28.78205872,0.007433428651
xgboost,1,MAX(static_0.numcontrs3months_479L),gain,49.70877457,0.01283808892
xgboost,1,MAX(static_0.numrejects9m_859L),gain,91.20664215,0.02355557932
xgboost,1,MODE(static_0.bankacctype_710L),gain,76.77266693,0.01982777353
xgboost,1,MODE(static_0.credtype_322L),gain,53.90999603,0.0139231218
xgboost,1,MODE(static_0.disbursementtype_67L),gain,39.06557846,0.01008931269
xgboost,1,MODE(static_0.lastapprcommoditycat_1041M),gain,21.10702324,0.005451227545
xgboost,1,MODE(static_0.lastapprcommoditytypec_5251766M),gain,0,0
xgboost,1,MODE(static_0.lastcancelreason_561M),gain,76.65272522,0.01979679666
xgboost,1,MODE(static_0.lastrejectcommoditycat_161M),gain,23.10089302,0.005966176421
xgboost,1,MODE(static_0.lastrejectcommodtypec_5251769M),gain,0,0
xgboost,1,MODE(static_0.lastrejectreason_759M),gain,69.56943512,0.0179674233
xgboost,1,MODE(static_0.lastrejectreasonclient_4145040M),gain,17.17819595,0.004436544836
xgboost,1,MODE(static_0.lastst_736L),gain,33.14553833,0.008560367301
xgboost,1,MODE(static_0.previouscontdistrict_112M),gain,40.24161148,0.01039304209
xgboost,1,MODE(static_0.typesuite_864L),gain,17.36837578,0.004485661829
xgboost,1,SUM(static_0.avgdbddpdlast24m_3658932P),gain,107.8073883,0.02784298847
xgboost,1,SUM(static_0.maxdpdlast12m_727P),gain,122.173378,0.0315532359
xgboost,1,SUM(static_0.numinstlswithdpd10_728L),gain,139.9407654,0.03614194888
xgboost,1,SUM(static_0.pmtnum_254L),gain,58.3049736,0.0150581953
xgboost,1,COUNT(person_2),gain,41.88087845,0.0108164091
xgboost,1,MAX(static_cb_0.pmtscount_423L),gain,65.92539215,0.01702629071
xgboost,1,MODE(static_cb_0.description_5085714M),gain,0,0
xgboost,1,MODE(static_cb_0.education_1103M),gain,34.51912689,0.008915118595
xgboost,1,MODE(static_cb_0.education_88M),gain,0,0
xgboost,1,MODE(static_cb_0.maritalst_385M),gain,19.58892441,0.005059154155
xgboost,1,MODE(static_cb_0.requesttype_4525192L),gain,0,0
xgboost,1,SUM(static_cb_0.days120_123L),gain,73.98323822,0.01910735879
xgboost,1,SUM(static_cb_0.days30_165L),gain,68.40023041,0.01766545741
xgboost,1,MAX_MIN_DELTA(applprev_2.num_group2),gain,8.99085331,0.002322032182
xgboost,1,MONTH(date_decision),gain,21.24302864,0.005486353123
xgboost,1,SEASON(date_decision),gain,6.966941833,0.001799324557
xgboost,1,WEEKDAY(date_decision),gain,10.99971771,0.002840853658
xgboost,1,COUNT(person_1),weight,12,0.001477104874
xgboost,1,MODE(person_1.contaddr_district_15M),weight,1134,0.1395864106
xgboost,1,MODE(person_1.contaddr_zipcode_807M),weight,1232,0.1516494338
xgboost,1,MODE(person_1.education_927M),weight,19,0.002338749385
xgboost,1,MODE(person_1.empladdr_district_926M),weight,69,0.008493353028
xgboost,1,MODE(person_1.empladdr_zipcode_114M),weight,55,0.006770064008
xgboost,1,MODE(person_1.incometype_1044T),weight,177,0.0217872969
xgboost,1,MODE(person_1.language1_981M),weight,4,0.0004923682915
xgboost,1,MODE(person_1.role_1084L),weight,6,0.0007385524372
xgboost,1,MODE(person_1.sex_738L),weight,103,0.01267848351
xgboost,1,MODE(person_1.type_25L),weight,5,0.0006154603644
xgboost,1,COUNT(credit_bureau_a_1),weight,20,0.002461841457
xgboost,1,MAX(credit_bureau_a_1.dpdmax_139P),weight,111,0.01366322009
xgboost,1,MAX(credit_bureau_a_1.dpdmax_757P),weight,28,0.00344657804
xgboost,1,MAX(credit_bureau_a_1.instlamount_768A),weight,91,0.01120137863
xgboost,1,MAX(credit_bureau_a_1.nominalrate_281L),weight,55,0.006770064008
xgboost,1,MAX(credit_bureau_a_1.nominalrate_498L),weight,10,0.001230920729
xgboost,1,MAX(credit_bureau_a_1.numberofcontrsvalue_358L),weight,169,0.02080256032
xgboost,1,MAX(credit_bureau_a_1.numberofinstls_320L),weight,79,0.009724273757
xgboost,1,MAX(credit_bureau_a_1.outstandingamount_354A),weight,4,0.0004923682915
xgboost,1,MAX(credit_bureau_a_1.overdueamount_31A),weight,0,0
xgboost,1,MAX(credit_bureau_a_1.overdueamountmax2_398A),weight,3,0.0003692762186
xgboost,1,MAX(credit_bureau_a_1.residualamount_488A),weight,2,0.0002461841457
xgboost,1,MAX_MIN_DELTA(credit_bureau_a_1.dpdmax_757P),weight,2,0.0002461841457
xgboost,1,MAX_MIN_DELTA(credit_bureau_a_1.dpdmaxdatemonth_442T),weight,1,0.0001230920729
xgboost,1,MAX_MIN_DELTA(credit_bureau_a_1.dpdmaxdateyear_596T),weight,63,0.007754800591
xgboost,1,MIN(credit_bureau_a_1.monthlyinstlamount_674A),weight,1,0.0001230920729
xgboost,1,MIN(credit_bureau_a_1.overdueamountmax2_398A),weight,4,0.0004923682915
xgboost,1,MODE(credit_bureau_a_1.classificationofcontr_400M),weight,1,0.0001230920729
xgboost,1,MODE(credit_bureau_a_1.contractst_964M),weight,0,0
xgboost,1,MODE(credit_bureau_a_1.financialinstitution_382M),weight,22,0.002708025603
xgboost,1,STD(credit_bureau_a_1.dpdmax_139P),weight,30,0.003692762186
xgboost,1,STD(credit_bureau_a_1.nominalrate_498L),weight,0,0
xgboost,1,SUM(credit_bureau_a_1.dpdmax_139P),weight,145,0.01784835057
xgboost,1,SUM(credit_bureau_a_1.overdueamountmax2_398A),weight,1,0.0001230920729
xgboost,1,SUM(credit_bureau_a_1.periodicityofpmts_837L),weight,3,0.0003692762186
xgboost,1,MODE(tax_registry_a_1.name_4527232M),weight,0,0
xgboost,1,ENTROPY(applprev_1.cancelreason_3545846M),weight,36,0.004431314623
xgboost,1,MAX(applprev_1.byoccupationinc_3656910L),weight,27,0.003323485968
xgboost,1,MAX(applprev_1.childnum_21L),weight,45,0.005539143279
xgboost,1,MAX(applprev_1.downpmt_134A),weight,7,0.0008616445101
xgboost,1,MAX(applprev_1.maxdpdtolerance_577P),weight,75,0.009231905465
xgboost,1,MEAN(applprev_1.currdebt_94A),weight,140,0.0172328902
xgboost,1,MIN(applprev_1.credacc_credlmt_575A),weight,0,0
xgboost,1,MIN(applprev_1.currdebt_94A),weight,3,0.0003692762186
xgboost,1,MODE(applprev_1.postype_4733339M),weight,0,0
xgboost,1,MODE(applprev_1.status_219L),weight,82,0.01009354998
xgboost,1,SKEW(applprev_1.actualdpd_943P),weight,3,0.0003692762186
xgboost,1,SKEW(applprev_1.currdebt_94A),weight,3,0.0003692762186
xgboost,1,STD(applprev_1.actualdpd_943P),weight,8,0.000984736583
xgboost,1,STD(applprev_1.childnum_21L),weight,14,0.00172328902
xgboost,1,STD(applprev_1.maxdpdtolerance_577P),weight,49,0.006031511571
xgboost,1,SUM(applprev_1.maxdpdtolerance_577P),weight,69,0.008493353028
xgboost,1,MEAN(credit_bureau_a_2.pmts_overdue_1152A),weight,37,0.004554406696
xgboost,1,MIN(credit_bureau_a_2.pmts_overdue_1152A),weight,0,0
xgboost,1,MAX(static_0.avgdbddpdlast3m_4187120P),weight,49,0.006031511571
xgboost,1,MAX(static_0.avgpmtlast12m_4525200A),weight,0,0
xgboost,1,MAX(static_0.eir_270L),weight,53,0.006523879862
xgboost,1,MAX(static_0.homephncnt_628L),weight,57,0.007016248154
xgboost,1,MAX(static_0.lastrejectcredamount_222A),weight,29,0.003569670113
xgboost,1,MAX(static_0.maininc_215A),weight,46,0.005662235352
xgboost,1,MAX(static_0.maxdpdinstlnum_3546846P),weight,52,0.006400787789
xgboost,1,MAX(static_0.maxinstallast24m_3658928A),weight,62,0.007631708518
xgboost,1,MAX(static_0.maxlnamtstart6m_4525199A),weight,0,0
xgboost,1,MAX(static_0.maxpmtlast3m_4525190A),weight,0,0
xgboost,1,MAX(static_0.mobilephncnt_593L),weight,138,0.01698670606
xgboost,1,MAX(static_0.numactivecreds_622L),weight,2,0.0002461841457
xgboost,1,MAX(static_0.numactiverelcontr_750L),weight,4,0.0004923682915
xgboost,1,MAX(static_0.numcontrs3months_479L),weight,24,0.002954209749
xgboost,1,MAX(static_0.numrejects9m_859L),weight,43,0.005292959133
xgboost,1,MODE(static_0.bankacctype_710L),weight,3,0.0003692762186
xgboost,1,MODE(static_0.credtype_322L),weight,76,0.009354997538
xgboost,1,MODE(static_0.disbursementtype_67L),weight,68,0.008370260955
xgboost,1,MODE(static_0.lastapprcommoditycat_1041M),weight,116,0.01427868045
xgboost,1,MODE(static_0.lastapprcommoditytypec_5251766M),weight,0,0
xgboost,1,MODE(static_0.lastcancelreason_561M),weight,72,0.008862629247
xgboost,1,MODE(static_0.lastrejectcommoditycat_161M),weight,30,0.003692762186
xgboost,1,MODE(static_0.lastrejectcommodtypec_5251769M),weight,0,0
xgboost,1,MODE(static_0.lastrejectreason_759M),weight,56,0.006893156081
xgboost,1,MODE(static_0.lastrejectreasonclient_4145040M),weight,18,0.002215657312
xgboost,1,MODE(static_0.lastst_736L),weight,48,0.005908419498
xgboost,1,MODE(static_0.previouscontdistrict_112M),weight,1582,0.1947316593
xgboost,1,MODE(static_0.typesuite_864L),weight,12,0.001477104874
xgboost,1,SUM(static_0.avgdbddpdlast24m_3658932P),weight,102,0.01255539143
xgboost,1,SUM(static_0.maxdpdlast12m_727P),weight,120,0.01477104874
xgboost,1,SUM(static_0.numinstlswithdpd10_728L),weight,86,0.01058591827
xgboost,1,SUM(static_0.pmtnum_254L),weight,192,0.02363367799
xgboost,1,COUNT(person_2),weight,5,0.0006154603644
xgboost,1,MAX(static_cb_0.pmtscount_423L),weight,129,0.0158788774
xgboost,1,MODE(static_cb_0.description_5085714M),weight,0,0
xgboost,1,MODE(static_cb_0.education_1103M),weight,47,0.005785327425
xgboost,1,MODE(static_cb_0.education_88M),weight,0,0
xgboost,1,MODE(static_cb_0.maritalst_385M),weight,55,0.006770064008
xgboost,1,MODE(static_cb_0.requesttype_4525192L),weight,0,0
xgboost,1,SUM(static_cb_0.days120_123L),weight,176,0.02166420483
xgboost,1,SUM(static_cb_0.days30_165L),weight,84,0.01033973412
xgboost,1,MAX_MIN_DELTA(applprev_2.num_group2),weight,12,0.001477104874
xgboost,1,MONTH(date_decision),weight,105,0.01292466765
xgboost,1,SEASON(date_decision),weight,10,0.001230920729
xgboost,1,WEEKDAY(date_decision),weight,102,0.01255539143
lightgbm,2,COUNT(person_1),gain,669.7778044,0.001233175795
lightgbm,2,MODE(person_1.contaddr_district_15M),gain,47995.0514,0.08836712007
lightgbm,2,MODE(person_1.contaddr_zipcode_807M),gain,73504.78394,0.1353349122
lightgbm,2,MODE(person_1.education_927M),gain,691.464695,0.00127310508
lightgbm,2,MODE(person_1.empladdr_district_926M),gain,2000.235703,0.00368277694
lightgbm,2,MODE(person_1.empladdr_zipcode_114M),gain,176.4034986,0.0003247890916
lightgbm,2,MODE(person_1.incometype_1044T),gain,15077.15064,0.02775961984
lightgbm,2,MODE(person_1.language1_981M),gain,256.735589,0.0004726942458
lightgbm,2,MODE(person_1.role_1084L),gain,522.1350088,0.0009613400898
lightgbm,2,MODE(person_1.sex_738L),gain,7639.824313,0.01406622668
lightgbm,2,MODE(person_1.type_25L),gain,135.7255993,0.0002498941033
lightgbm,2,COUNT(credit_bureau_a_1),gain,729.2470884,0.001342668945
lightgbm,2,MAX(credit_bureau_a_1.dpdmax_139P),gain,9097.117793,0.01674935388
lightgbm,2,MAX(credit_bureau_a_1.dpdmax_757P),gain,2402.278994,0.004423007583
lightgbm,2,MAX(credit_bureau_a_1.instlamount_768A),gain,8658.446426,0.01594168467
lightgbm,2,MAX(credit_bureau_a_1.nominalrate_281L),gain,4072.208779,0.007497634687
lightgbm,2,MAX(credit_bureau_a_1.nominalrate_498L),gain,521.9243956,0.0009609523146
lightgbm,2,MAX(credit_bureau_a_1.numberofcontrsvalue_358L),gain,16373.77632,0.03014693007
lightgbm,2,MAX(credit_bureau_a_1.numberofinstls_320L),gain,7196.955487,0.01325082922
lightgbm,2,MAX(credit_bureau_a_1.outstandingamount_354A),gain,96.13949776,0.0001770093019
lightgbm,2,MAX(credit_bureau_a_1.overdueamount_31A),gain,0,0
lightgbm,2,MAX(credit_bureau_a_1.overdueamountmax2_398A),gain,444.6754951,0.0008187238419
lightgbm,2,MAX(credit_bureau_a_1.residualamount_488A),gain,112.8596992,0.0002077940601
lightgbm,2,MAX_MIN_DELTA(credit_bureau_a_1.dpdmax_757P),gain,529.1611977,0.0009742765083
lightgbm,2,MAX_MIN_DELTA(credit_bureau_a_1.dpdmaxdatemonth_442T),gain,108.7179995,0.0002001684806
lightgbm,2,MAX_MIN_DELTA(credit_bureau_a_1.dpdmaxdateyear_596T),gain,4043.987183,0.007445673888
lightgbm,2,MIN(credit_bureau_a_1.monthlyinstlamount_674A),gain,52.86550045,9.733445199e-05
lightgbm,2,MIN(credit_bureau_a_1.overdueamountmax2_398A),gain,498.9344053,0.0009186238002
lightgbm,2,MODE(credit_bureau_a_1.classificationofcontr_400M),gain,194.702898,0.000358481424
lightgbm,2,MODE(credit_bureau_a_1.contractst_964M),gain,15.07129955,2.774884698e-05
lightgbm,2,MODE(credit_bureau_a_1.financialinstitution_382M),gain,1364.467006,0.002512217744
lightgbm,2,STD(credit_bureau_a_1.dpdmax_139P),gain,626.469717,0.001153438179
lightgbm,2,STD(credit_bureau_a_1.nominalrate_498L),gain,15.97389984,2.94106889e-05
lightgbm,2,SUM(credit_bureau_a_1.dpdmax_139P),gain,37260.94535,0.06860379009
lightgbm,2,SUM(credit_bureau_a_1.overdueamountmax2_398A),gain,88.42019939,0.0001627967499
lightgbm,2,SUM(credit_bureau_a_1.periodicityofpmts_837L),gain,131.0083961,0.0002412089233
lightgbm,2,MODE(tax_registry_a_1.name_4527232M),gain,0,0
lightgbm,2,ENTROPY(applprev_1.cancelreason_3545846M),gain,190.5492983,0.0003508339346
lightgbm,2,MAX(applprev_1.byoccupationinc_3656910L),gain,735.0887051,0.001353424363
lightgbm,2,MAX(applprev_1.childnum_21L),gain,1688.781712,0.003109336732
lightgbm,2,MAX(applprev_1.downpmt_134A),gain,325.8956985,0.0006000298674
lightgbm,2,MAX(applprev_1.maxdpdtolerance_577P),gain,11533.99414,0.02123606112
lightgbm,2,MEAN(applprev_1.currdebt_94A),gain,6705.738005,0.0123464136
lightgbm,2,MIN(applprev_1.credacc_credlmt_575A),gain,52.23820019,9.617948463e-05
lightgbm,2,MIN(applprev_1.currdebt_94A),gain,60.68700123,0.0001117351762
lightgbm,2,MODE(applprev_1.postype_4733339M),gain,0,0
lightgbm,2,MODE(applprev_1.status_219L),gain,17166.18806,0.03160589596
lightgbm,2,SKEW(applprev_1.actualdpd_943P),gain,16.06679916,2.958173248e-05
lightgbm,2,SKEW(applprev_1.currdebt_94A),gain,330.6352024,0.0006087561067
lightgbm,2,STD(applprev_1.actualdpd_943P),gain,378.587903,0.0006970452518
lightgbm,2,STD(applprev_1.childnum_21L),gain,286.9104004,0.0005282512481
lightgbm,2,STD(applprev_1.maxdpdtolerance_577P),gain,2378.956903,0.004380067616
lightgbm,2,SUM(applprev_1.maxdpdtolerance_577P),gain,1997.77109,0.003678239164
lightgbm,2,MEAN(credit_bureau_a_2.pmts_overdue_1152A),gain,3382.668312,0.006228072441
lightgbm,2,MIN(credit_bureau_a_2.pmts_overdue_1152A),gain,82.97530174,0.0001527717596
lightgbm,2,MAX(static_0.avgdbddpdlast3m_4187120P),gain,2953.082379,0.005437131071
lightgbm,2,MAX(static_0.avgpmtlast12m_4525200A),gain,0,0
lightgbm,2,MAX(static_0.eir_270L),gain,3584.571943,0.006599811649
lightgbm,2,MAX(static_0.homephncnt_628L),gain,2561.702792,0.004716534135
lightgbm,2,MAX(static_0.lastrejectcredamount_222A),gain,259.7665997,0.0004782748561
lightgbm,2,MAX(static_0.maininc_215A),gain,1096.287156,0.002018452652
lightgbm,2,MAX(static_0.maxdpdinstlnum_3546846P),gain,2099.3711,0.003865302207
lightgbm,2,MAX(static_0.maxinstallast24m_3658928A),gain,1712.89169,0.003153727338
lightgbm,2,MAX(static_0.maxlnamtstart6m_4525199A),gain,0,0
lightgbm,2,MAX(static_0.maxpmtlast3m_4525190A),gain,0,0
lightgbm,2,MAX(static_0.mobilephncnt_593L),gain,9841.33798,0.01811959087
lightgbm,2,MAX(static_0.numactivecreds_622L),gain,61.16240025,0.0001126104673
lightgbm,2,MAX(static_0.numactiverelcontr_750L),gain,360.7316055,0.000664168746
lightgbm,2,MAX(static_0.numcontrs3months_479L),gain,1801.242487,0.003316396305
lightgbm,2,MAX(static_0.numrejects9m_859L),gain,4483.529751,0.008254947131
lightgbm,2,MODE(static_0.bankacctype_710L),gain,424.524601,0.0007816225902
lightgbm,2,MODE(static_0.credtype_322L),gain,6308.920594,0.0116158047
lightgbm,2,MODE(static_0.disbursementtype_67L),gain,4081.817792,0.007515326527
lightgbm,2,MODE(static_0.lastapprcommoditycat_1041M),gain,2631.618663,0.004845261242
lightgbm,2,MODE(static_0.lastapprcommoditytypec_5251766M),gain,0,0
lightgbm,2,MODE(static_0.lastcancelreason_561M),gain,6443.78675,0.01186411642
lightgbm,2,MODE(static_0.lastrejectcommoditycat_161M),gain,1062.522499,0.001956286128
lightgbm,2,MODE(static_0.lastrejectcommodtypec_5251769M),gain,0,0
lightgbm,2,MODE(static_0.lastrejectreason_759M),gain,5229.767136,0.009628898125
lightgbm,2,MODE(static_0.lastrejectreasonclient_4145040M),gain,10.97739983,2.021127554e-05
lightgbm,2,MODE(static_0.lastst_736L),gain,1688.106045,0.003108092714
lightgbm,2,MODE(static_0.previouscontdistrict_112M),gain,89401.37374,0.1646032601
lightgbm,2,MODE(static_0.typesuite_864L),gain,743.2218037,0.001368398792
lightgbm,2,SUM(static_0.avgdbddpdlast24m_3658932P),gain,14267.98554,0.02626980812
lightgbm,2,SUM(static_0.maxdpdlast12m_727P),gain,19130.94278,0.03522334633
lightgbm,2,SUM(static_0.numinstlswithdpd10_728L),gain,13343.10422,0.02456694301
lightgbm,2,SUM(static_0.pmtnum_254L),gain,14165.10257,0.02608038294
lightgbm,2,COUNT(person_2),gain,632.0559101,0.001163723319
lightgbm,2,MAX(static_cb_0.pmtscount_423L),gain,11545.87529,0.02125793636
lightgbm,2,MODE(static_cb_0.description_5085714M),gain,41.96680069,7.726807676e-05
lightgbm,2,MODE(static_cb_0.education_1103M),gain,2122.221208,0.003907373173
lightgbm,2,MODE(static_cb_0.education_88M),gain,0,0
lightgbm,2,MODE(static_cb_0.maritalst_385M),gain,838.5337,0.001543884338
lightgbm,2,MODE(static_cb_0.requesttype_4525192L),gain,0,0
lightgbm,2,SUM(static_cb_0.days120_123L),gain,17756.92653,0.0326935468
lightgbm,2,SUM(static_cb_0.days30_165L),gain,5768.009382,0.0106198944
lightgbm,2,MAX_MIN_DELTA(applprev_2.num_group2),gain,61.80210114,0.0001137882663
lightgbm,2,MONTH(date_decision),gain,2486.528337,0.004578125073
lightgbm,2,SEASON(date_decision),gain,11.76360035,2.165880553e-05
lightgbm,2,WEEKDAY(date_decision),gain,1497.952199,0.002757986875
lightgbm,2,COUNT(person_1),split,22,0.001976639712
lightgbm,2,MODE(person_1.contaddr_district_15M),split,1535,0.1379155436
lightgbm,2,MODE(person_1.contaddr_zipcode_807M),split,2303,0.206918239
lightgbm,2,MODE(person_1.education_927M),split,33,0.002964959569
lightgbm,2,MODE(person_1.empladdr_district_926M),split,91,0.008176100629
lightgbm,2,MODE(person_1.empladdr_zipcode_114M),split,10,0.0008984725966
lightgbm,2,MODE(person_1.incometype_1044T),split,155,0.01392632525
lightgbm,2,MODE(person_1.language1_981M),split,15,0.001347708895
lightgbm,2,MODE(person_1.role_1084L),split,16,0.001437556155
lightgbm,2,MODE(person_1.sex_738L),split,95,0.008535489668
lightgbm,2,MODE(person_1.type_25L),split,7,0.0006289308176
lightgbm,2,COUNT(credit_bureau_a_1),split,20,0.001796945193
lightgbm,2,MAX(credit_bureau_a_1.dpdmax_139P),split,111,0.009973045822
lightgbm,2,MAX(credit_bureau_a_1.dpdmax_757P),split,59,0.00530098832
lightgbm,2,MAX(credit_bureau_a_1.instlamount_768A),split,147,0.01320754717
lightgbm,2,MAX(credit_bureau_a_1.nominalrate_281L),split,89,0.00799640611
lightgbm,2,MAX(credit_bureau_a_1.nominalrate_498L),split,22,0.001976639712
lightgbm,2,MAX(credit_bureau_a_1.numberofcontrsvalue_358L),split,172,0.01545372866
lightgbm,2,MAX(credit_bureau_a_1.numberofinstls_320L),split,106,0.009523809524
lightgbm,2,MAX(credit_bureau_a_1.outstandingamount_354A),split,4,0.0003593890386
lightgbm,2,MAX(credit_bureau_a_1.overdueamount_31A),split,0,0
lightgbm,2,MAX(credit_bureau_a_1.overdueamountmax2_398A),split,12,0.001078167116
lightgbm,2,MAX(credit_bureau_a_1.residualamount_488A),split,4,0.0003593890386
lightgbm,2,MAX_MIN_DELTA(credit_bureau_a_1.dpdmax_757P),split,16,0.001437556155
lightgbm,2,MAX_MIN_DELTA(credit_bureau_a_1.dpdmaxdatemonth_442T),split,4,0.0003593890386
lightgbm,2,MAX_MIN_DELTA(credit_bureau_a_1.dpdmaxdateyear_596T),split,76,0.006828391734
lightgbm,2,MIN(credit_bureau_a_1.monthlyinstlamount_674A),split,3,0.000269541779
lightgbm,2,MIN(credit_bureau_a_1.overdueamountmax2_398A),split,17,0.001527403414
lightgbm,2,MODE(credit_bureau_a_1.classificationofcontr_400M),split,8,0.0007187780773
lightgbm,2,MODE(credit_bureau_a_1.contractst_964M),split,1,8.984725966e-05
lightgbm,2,MODE(credit_bureau_a_1.financialinstitution_382M),split,48,0.004312668464
lightgbm,2,STD(credit_bureau_a_1.dpdmax_139P),split,18,0.001617250674
lightgbm,2,STD(credit_bureau_a_1.nominalrate_498L),split,1,8.984725966e-05
lightgbm,2,SUM(credit_bureau_a_1.dpdmax_139P),split,149,0.01338724169
lightgbm,2,SUM(credit_bureau_a_1.overdueamountmax2_398A),split,6,0.000539083558
lightgbm,2,SUM(credit_bureau_a_1.periodicityofpmts_837L),split,4,0.0003593890386
lightgbm,2,MODE(tax_registry_a_1.name_4527232M),split,0,0
lightgbm,2,ENTROPY(applprev_1.cancelreason_3545846M),split,14,0.001257861635
lightgbm,2,MAX(applprev_1.byoccupationinc_3656910L),split,23,0.002066486972
lightgbm,2,MAX(applprev_1.childnum_21L),split,50,0.004492362983
lightgbm,2,MAX(applprev_1.downpmt_134A),split,21,0.001886792453
lightgbm,2,MAX(applprev_1.maxdpdtolerance_577P),split,61,0.005480682839
lightgbm,2,MEAN(applprev_1.currdebt_94A),split,182,0.01635220126
lightgbm,2,MIN(applprev_1.credacc_credlmt_575A),split,3,0.000269541779
lightgbm,2,MIN(applprev_1.currdebt_94A),split,2,0.0001796945193
lightgbm,2,MODE(applprev_1.postype_4733339M),split,0,0
lightgbm,2,MODE(applprev_1.status_219L),split,52,0.004672057502
lightgbm,2,SKEW(applprev_1.actualdpd_943P),split,1,8.984725966e-05
lightgbm,2,SKEW(applprev_1.currdebt_94A),split,8,0.0007187780773
lightgbm,2,STD(applprev_1.actualdpd_943P),split,15,0.001347708895
lightgbm,2,STD(applprev_1.childnum_21L),split,13,0.001168014376
lightgbm,2,STD(applprev_1.maxdpdtolerance_577P),split,35,0.003144654088
lightgbm,2,SUM(applprev_1.maxdpdtolerance_577P),split,41,0.003683737646
lightgbm,2,MEAN(credit_bureau_a_2.pmts_overdue_1152A),split,75,0.006738544474
lightgbm,2,MIN(credit_bureau_a_2.pmts_overdue_1152A),split,2,0.0001796945193
lightgbm,2,MAX(static_0.avgdbddpdlast3m_4187120P),split,57,0.005121293801
lightgbm,2,MAX(static_0.avgpmtlast12m_4525200A),split,0,0
lightgbm,2,MAX(static_0.eir_270L),split,92,0.008265947889
lightgbm,2,MAX(static_0.homephncnt_628L),split,52,0.004672057502
lightgbm,2,MAX(static_0.lastrejectcredamount_222A),split,18,0.001617250674
lightgbm,2,MAX(static_0.maininc_215A),split,62,0.005570530099
lightgbm,2,MAX(static_0.maxdpdinstlnum_3546846P),split,71,0.006379155436
lightgbm,2,MAX(static_0.maxinstallast24m_3658928A),split,72,0.006469002695
lightgbm,2,MAX(static_0.maxlnamtstart6m_4525199A),split,0,0
lightgbm,2,MAX(static_0.maxpmtlast3m_4525190A),split,0,0
lightgbm,2,MAX(static_0.mobilephncnt_593L),split,163,0.01464510332
lightgbm,2,MAX(static_0.numactivecreds_622L),split,3,0.000269541779
lightgbm,2,MAX(static_0.numactiverelcontr_750L),split,8,0.0007187780773
lightgbm,2,MAX(static_0.numcontrs3months_479L),split,28,0.00251572327
lightgbm,2,MAX(static_0.numrejects9m_859L),split,43,0.003863432165
lightgbm,2,MODE(static_0.bankacctype_710L),split,9,0.0008086253369
lightgbm,2,MODE(static_0.credtype_322L),split,105,0.009433962264
lightgbm,2,MODE(static_0.disbursementtype_67L),split,87,0.00781671159
lightgbm,2,MODE(static_0.lastapprcommoditycat_1041M),split,106,0.009523809524
lightgbm,2,MODE(static_0.lastapprcommoditytypec_5251766M),split,0,0
lightgbm,2,MODE(static_0.lastcancelreason_561M),split,96,0.008625336927
lightgbm,2,MODE(static_0.lastrejectcommoditycat_161M),split,53,0.004761904762
lightgbm,2,MODE(static_0.lastrejectcommodtypec_5251769M),split,0,0
lightgbm,2,MODE(static_0.lastrejectreason_759M),split,52,0.004672057502
lightgbm,2,MODE(static_0.lastrejectreasonclient_4145040M),split,1,8.984725966e-05
lightgbm,2,MODE(static_0.lastst_736L),split,48,0.004312668464
lightgbm,2,MODE(static_0.previouscontdistrict_112M),split,2577,0.2315363881
lightgbm,2,MODE(static_0.typesuite_864L),split,25,0.002246181491
lightgbm,2,SUM(static_0.avgdbddpdlast24m_3658932P),split,107,0.009613656783
lightgbm,2,SUM(static_0.maxdpdlast12m_727P),split,131,0.01176999102
lightgbm,2,SUM(static_0.numinstlswithdpd10_728L),split,121,0.01087151842
lightgbm,2,SUM(static_0.pmtnum_254L),split,230,0.02066486972
lightgbm,2,COUNT(person_2),split,28,0.00251572327
lightgbm,2,MAX(static_cb_0.pmtscount_423L),split,169,0.01518418688
lightgbm,2,MODE(static_cb_0.description_5085714M),split,1,8.984725966e-05
lightgbm,2,MODE(static_cb_0.education_1103M),split,49,0.004402515723
lightgbm,2,MODE(static_cb_0.education_88M),split,0,0
lightgbm,2,MODE(static_cb_0.maritalst_385M),split,37,0.003324348607
lightgbm,2,MODE(static_cb_0.requesttype_4525192L),split,0,0
lightgbm,2,SUM(static_cb_0.days120_123L),split,204,0.01832884097
lightgbm,2,SUM(static_cb_0.days30_165L),split,97,0.008715184187
lightgbm,2,MAX_MIN_DELTA(applprev_2.num_group2),split,3,0.000269541779
lightgbm,2,MONTH(date_decision),split,79,0.007097933513
lightgbm,2,SEASON(date_decision),split,1,8.984725966e-05
lightgbm,2,WEEKDAY(date_decision),split,68,0.006109613657
xgboost,2,COUNT(person_1),gain,34.00585938,0.008592130668
xgboost,2,MODE(person_1.contaddr_district_15M),gain,37.13702393,0.009383270062
xgboost,2,MODE(person_1.contaddr_zipcode_807M),gain,48.98422241,0.01237665648
xgboost,2,MODE(person_1.education_927M),gain,26.69524574,0.006744985831
xgboost,2,MODE(person_1.empladdr_district_926M),gain,28.02697945,0.007081469902
xgboost,2,MODE(person_1.empladdr_zipcode_114M),gain,31.92411804,0.008066145033
xgboost,2,MODE(person_1.incometype_1044T),gain,78.05234528,0.01972118811
xgboost,2,MODE(person_1.language1_981M),gain,10.38410473,0.0026237121
xgboost,2,MODE(person_1.role_1084L),gain,23.84661484,0.006025233135
xgboost,2,MODE(person_1.sex_738L),gain,76.2201004,0.01925824179
xgboost,2,MODE(person_1.type_25L),gain,14.39761925,0.003637791491
xgboost,2,COUNT(credit_bureau_a_1),gain,42.34545135,0.01069926354
xgboost,2,MAX(credit_bureau_a_1.dpdmax_139P),gain,83.53876495,0.02110742083
xgboost,2,MAX(credit_bureau_a_1.dpdmax_757P),gain,44.34639359,0.01120483397
xgboost,2,MAX(credit_bureau_a_1.instlamount_768A),gain,61.4837265,0.01553485846
xgboost,2,MAX(credit_bureau_a_1.nominalrate_281L),gain,47.34614182,0.0119627689
xgboost,2,MAX(credit_bureau_a_1.nominalrate_498L),gain,23.65341377,0.005976417759
xgboost,2,MAX(credit_bureau_a_1.numberofcontrsvalue_358L),gain,102.2741699,0.02584122407
xgboost,2,MAX(credit_bureau_a_1.numberofinstls_320L),gain,84.35032654,0.02131247499
xgboost,2,MAX(credit_bureau_a_1.outstandingamount_354A),gain,16.25327873,0.004106653889
xgboost,2,MAX(credit_bureau_a_1.overdueamount_31A),gain,8.556518555,0.002161942878
xgboost,2,MAX(credit_bureau_a_1.overdueamountmax2_398A),gain,33.22410965,0.00839460895
xgboost,2,MAX(credit_bureau_a_1.residualamount_488A),gain,24.73219872,0.006248990232
xgboost,2,MAX_MIN_DELTA(credit_bureau_a_1.dpdmax_757P),gain,39.58277512,0.01000122868
xgboost,2,MAX_MIN_DELTA(credit_bureau_a_1.dpdmaxdatemonth_442T),gain,16.70314217,0.004220319166
xgboost,2,MAX_MIN_DELTA(credit_bureau_a_1.dpdmaxdateyear_596T),gain,53.54022598,0.01352780451
xgboost,2,MIN(credit_bureau_a_1.monthlyinstlamount_674A),gain,6.830619812,0.001725866631
xgboost,2,MIN(credit_bureau_a_1.overdueamountmax2_398A),gain,41.22238159,0.01041550179
xgboost,2,MODE(credit_bureau_a_1.classificationofcontr_400M),gain,10.95385551,0.002767668856
xgboost,2,MODE(credit_bureau_a_1.contractst_964M),gain,4.304077148,0.001087494742
xgboost,2,MODE(credit_bureau_a_1.financialinstitution_382M),gain,37.1110611,0.009376710133
xgboost,2,STD(credit_bureau_a_1.dpdmax_139P),gain,19.25966644,0.004866266395
xgboost,2,STD(credit_bureau_a_1.nominalrate_498L),gain,18.66303253,0.004715517182
xgboost,2,SUM(credit_bureau_a_1.dpdmax_139P),gain,227.810379,0.05755997879
xgboost,2,SUM(credit_bureau_a_1.overdueamountmax2_398A),gain,15.39537811,0.003889891415
xgboost,2,SUM(credit_bureau_a_1.periodicityofpmts_837L),gain,16.88306427,0.004265779397
xgboost,2,MODE(tax_registry_a_1.name_4527232M),gain,0,0
xgboost,2,ENTROPY(applprev_1.cancelreason_3545846M),gain,9.542263985,0.002411007413
xgboost,2,MAX(applprev_1.byoccupationinc_3656910L),gain,18.02578926,0.004554507358
xgboost,2,MAX(applprev_1.childnum_21L),gain,34.83876419,0.008802577548
xgboost,2,MAX(applprev_1.downpmt_134A),gain,14.31067181,0.003615822813
xgboost,2,MAX(applprev_1.maxdpdtolerance_577P),gain,127.6170731,0.03224451866
xgboost,2,MEAN(applprev_1.currdebt_94A),gain,32.83693695,0.008296783502
xgboost,2,MIN(applprev_1.credacc_credlmt_575A),gain,0,0
xgboost,2,MIN(applprev_1.currdebt_94A),gain,18.90367317,0.004776318934
xgboost,2,MODE(applprev_1.postype_4733339M),gain,0,0
xgboost,2,MODE(applprev_1.status_219L),gain,236.7774506,0.05982565452
xgboost,2,SKEW(applprev_1.actualdpd_943P),gain,15.28151608,0.003861122328
xgboost,2,SKEW(applprev_1.currdebt_94A),gain,18.48988152,0.004671767776
xgboost,2,STD(applprev_1.actualdpd_943P),gain,23.92205429,0.006044294133
xgboost,2,STD(applprev_1.childnum_21L),gain,20.78295708,0.005251150424
xgboost,2,STD(applprev_1.maxdpdtolerance_577P),gain,53.20783997,0.0134438218
xgboost,2,SUM(applprev_1.maxdpdtolerance_577P),gain,39.01901245,0.009858784918
xgboost,2,MEAN(credit_bureau_a_2.pmts_overdue_1152A),gain,52.56860352,0.01328230837
xgboost,2,MIN(credit_bureau_a_2.pmts_overdue_1152A),gain,79.6510849,0.02012513555
xgboost,2,MAX(static_0.avgdbddpdlast3m_4187120P),gain,39.39584351,0.009953997382
xgboost,2,MAX(static_0.avgpmtlast12m_4525200A),gain,0,0
xgboost,2,MAX(static_0.eir_270L),gain,34.79596329,0.008791763208
xgboost,2,MAX(static_0.homephncnt_628L),gain,43.37528229,0.01095946699
xgboost,2,MAX(static_0.lastrejectcredamount_222A),gain,9.935279846,0.00251030923
xgboost,2,MAX(static_0.maininc_215A),gain,12.06260109,0.003047811367
xgboost,2,MAX(static_0.maxdpdinstlnum_3546846P),gain,24.48851013,0.006187418368
xgboost,2,MAX(static_0.maxinstallast24m_3658928A),gain,13.86069679,0.003502129344
xgboost,2,MAX(static_0.maxlnamtstart6m_4525199A),gain,0,0
xgboost,2,MAX(static_0.maxpmtlast3m_4525190A),gain,0,0
xgboost,2,MAX(static_0.mobilephncnt_593L),gain,65.43947601,0.01653434258
xgboost,2,MAX(static_0.numactivecreds_622L),gain,5.120337486,0.001293736125
xgboost,2,MAX(static_0.numactiverelcontr_750L),gain,37.86881638,0.009568169267
xgboost,2,MAX(static_0.numcontrs3months_479L),gain,43.58831024,0.01101329195
xgboost,2,MAX(static_0.numrejects9m_859L),gain,119.8128586,0.03027265758
xgboost,2,MODE(static_0.bankacctype_710L),gain,27.84128761,0.007034551855
xgboost,2,MODE(static_0.credtype_322L),gain,54.543293,0.01378124562
xgboost,2,MODE(static_0.disbursementtype_67L),gain,42.76591873,0.01080550142
xgboost,2,MODE(static_0.lastapprcommoditycat_1041M),gain,18.30504227,0.004625065149
xgboost,2,MODE(static_0.lastapprcommoditytypec_5251766M),gain,0,0
xgboost,2,MODE(static_0.lastcancelreason_561M),gain,67.03321838,0.01693702738
xgboost,2,MODE(static_0.lastrejectcommoditycat_161M),gain,20.26552582,0.005120413043
xgboost,2,MODE(static_0.lastrejectcommodtypec_5251769M),gain,0,0
xgboost,2,MODE(static_0.lastrejectreason_759M),gain,77.60952759,0.01960930306
xgboost,2,MODE(static_0.lastrejectreasonclient_4145040M),gain,8.070027351,0.002039023003
xgboost,2,MODE(static_0.lastst_736L),gain,30.15362549,0.007618801438
xgboost,2,MODE(static_0.previouscontdistrict_112M),gain,41.25754929,0.01042438747
xgboost,2,MODE(static_0.typesuite_864L),gain,20.85754776,0.005269996967
xgboost,2,SUM(static_0.avgdbddpdlast24m_3658932P),gain,131.4117584,0.03320330733
xgboost,2,SUM(static_0.maxdpdlast12m_727P),gain,125.1085129,0.03161069034
xgboost,2,SUM(static_0.numinstlswithdpd10_728L),gain,121.7362366,0.03075863016
xgboost,2,SUM(static_0.pmtnum_254L),gain,63.66165924,0.01608514841
xgboost,2,COUNT(person_2),gain,43.90332413,0.0110928853
xgboost,2,MAX(static_cb_0.pmtscount_423L),gain,68.57404327,0.01732634173
xgboost,2,MODE(static_cb_0.description_5085714M),gain,0,0
xgboost,2,MODE(static_cb_0.education_1103M),gain,43.06679535,0.01088152277
xgboost,2,MODE(static_cb_0.education_88M),gain,0,0
xgboost,2,MODE(static_cb_0.maritalst_385M),gain,17.34555244,0.004382634518
xgboost,2,MODE(static_cb_0.requesttype_4525192L),gain,0,0
xgboost,2,SUM(static_cb_0.days120_123L),gain,83.38734436,0.02106916196
xgboost,2,SUM(static_cb_0.days30_165L),gain,67.36006165,0.01701960962
xgboost,2,MAX_MIN_DELTA(applprev_2.num_group2),gain,8.511192322,0.002150490472
xgboost,2,MONTH(date_decision),gain,15.00345802,0.003790866462
xgboost,2,SEASON(date_decision),gain,11.54958534,0.002918189637
xgboost,2,WEEKDAY(date_decision),gain,12.91120434,0.003262224711
xgboost,2,COUNT(person_1),weight,26,0.002729085756
xgboost,2,MODE(person_1.contaddr_district_15M),weight,1235,0.1296315734
xgboost,2,MODE(person_1.contaddr_zipcode_807M),weight,1624,0.1704628949
xgboost,2,MODE(person_1.education_927M),weight,17,0.001784402225
xgboost,2,MODE(person_1.empladdr_district_926M),weight,85,0.008922011126
xgboost,2,MODE(person_1.empladdr_zipcode_114M),weight,57,0.005982995696
xgboost,2,MODE(person_1.incometype_1044T),weight,220,0.02309226409
xgboost,2,MODE(person_1.language1_981M),weight,11,0.001154613205
xgboost,2,MODE(person_1.role_1084L),weight,8,0.0008397186942
xgboost,2,MODE(person_1.sex_738L),weight,100,0.01049648368
xgboost,2,MODE(person_1.type_25L),weight,10,0.001049648368
xgboost,2,COUNT(credit_bureau_a_1),weight,22,0.002309226409
xgboost,2,MAX(credit_bureau_a_1.dpdmax_139P),weight,119,0.01249081558
xgboost,2,MAX(credit_bureau_a_1.dpdmax_757P),weight,58,0.006087960533
xgboost,2,MAX(credit_bureau_a_1.instlamount_768A),weight,113,0.01186102656
xgboost,2,MAX(credit_bureau_a_1.nominalrate_281L),weight,62,0.00650781988
xgboost,2,MAX(credit_bureau_a_1.nominalrate_498L),weight,12,0.001259578041
xgboost,2,MAX(credit_bureau_a_1.numberofcontrsvalue_358L),weight,163,0.0171092684
xgboost,2,MAX(credit_bureau_a_1.numberofinstls_320L),weight,78,0.008187257269
xgboost,2,MAX(credit_bureau_a_1.outstandingamount_354A),weight,3,0.0003148945103
xgboost,2,MAX(credit_bureau_a_1.overdueamount_31A),weight,1,0.0001049648368
xgboost,2,MAX(credit_bureau_a_1.overdueamountmax2_398A),weight,6,0.0006297890207
xgboost,2,MAX(credit_bureau_a_1.residualamount_488A),weight,3,0.0003148945103
xgboost,2,MAX_MIN_DELTA(credit_bureau_a_1.dpdmax_757P),weight,12,0.001259578041
xgboost,2,MAX_MIN_DELTA(credit_bureau_a_1.dpdmaxdatemonth_442T),weight,6,0.0006297890207
xgboost,2,MAX_MIN_DELTA(credit_bureau_a_1.dpdmaxdateyear_596T),weight,78,0.008187257269
xgboost,2,MIN(credit_bureau_a_1.monthlyinstlamount_674A),weight,1,0.0001049648368
xgboost,2,MIN(credit_bureau_a_1.overdueamountmax2_398A),weight,16,0.001679437388
xgboost,2,MODE(credit_bureau_a_1.classificationofcontr_400M),weight,2,0.0002099296736
xgboost,2,MODE(credit_bureau_a_1.contractst_964M),weight,1,0.0001049648368
xgboost,2,MODE(credit_bureau_a_1.financialinstitution_382M),weight,51,0.005353206676
xgboost,2,STD(credit_bureau_a_1.dpdmax_139P),weight,13,0.001364542878
xgboost,2,STD(credit_bureau_a_1.nominalrate_498L),weight,1,0.0001049648368
xgboost,2,SUM(credit_bureau_a_1.dpdmax_139P),weight,170,0.01784402225
xgboost,2,SUM(credit_bureau_a_1.overdueamountmax2_398A),weight,6,0.0006297890207
xgboost,2,SUM(credit_bureau_a_1.periodicityofpmts_837L),weight,4,0.0004198593471
xgboost,2,MODE(tax_registry_a_1.name_4527232M),weight,0,0
xgboost,2,ENTROPY(applprev_1.cancelreason_3545846M),weight,31,0.00325390994
xgboost,2,MAX(applprev_1.byoccupationinc_3656910L),weight,39,0.004093628634
xgboost,2,MAX(applprev_1.childnum_21L),weight,43,0.004513487982
xgboost,2,MAX(applprev_1.downpmt_134A),weight,10,0.001049648368
xgboost,2,MAX(applprev_1.maxdpdtolerance_577P),weight,94,0.009866694657
xgboost,2,MEAN(applprev_1.currdebt_94A),weight,177,0.01857877611
xgboost,2,MIN(applprev_1.credacc_credlmt_575A),weight,0,0
xgboost,2,MIN(applprev_1.currdebt_94A),weight,2,0.0002099296736
xgboost,2,MODE(applprev_1.postype_4733339M),weight,0,0
xgboost,2,MODE(applprev_1.status_219L),weight,70,0.007347538575
xgboost,2,SKEW(applprev_1.actualdpd_943P),weight,6,0.0006297890207
xgboost,2,SKEW(applprev_1.currdebt_94A),weight,14,0.001469507715
xgboost,2,STD(applprev_1.actualdpd_943P),weight,16,0.001679437388
xgboost,2,STD(applprev_1.childnum_21L),weight,22,0.002309226409
xgboost,2,STD(applprev_1.maxdpdtolerance_577P),weight,49,0.005143277002
xgboost,2,SUM(applprev_1.maxdpdtolerance_577P),weight,57,0.005982995696
xgboost,2,MEAN(credit_bureau_a_2.pmts_overdue_1152A),weight,53,0.005563136349
xgboost,2,MIN(credit_bureau_a_2.pmts_overdue_1152A),weight,2,0.0002099296736
xgboost,2,MAX(static_0.avgdbddpdlast3m_4187120P),weight,68,0.007137608901
xgboost,2,MAX(static_0.avgpmtlast12m_4525200A),weight,0,0
xgboost,2,MAX(static_0.eir_270L),weight,85,0.008922011126
xgboost,2,MAX(static_0.homephncnt_628L),weight,53,0.005563136349
xgboost,2,MAX(static_0.lastrejectcredamount_222A),weight,31,0.00325390994
xgboost,2,MAX(static_0.maininc_215A),weight,68,0.007137608901
xgboost,2,MAX(static_0.maxdpdinstlnum_3546846P),weight,58,0.006087960533
xgboost,2,MAX(static_0.maxinstallast24m_3658928A),weight,81,0.008502151779
xgboost,2,MAX(static_0.maxlnamtstart6m_4525199A),weight,0,0
xgboost,2,MAX(static_0.maxpmtlast3m_4525190A),weight,0,0
xgboost,2,MAX(static_0.mobilephncnt_593L),weight,148,0.01553479584
xgboost,2,MAX(static_0.numactivecreds_622L),weight,2,0.0002099296736
xgboost,2,MAX(static_0.numactiverelcontr_750L),weight,9,0.000944683531
xgboost,2,MAX(static_0.numcontrs3months_479L),weight,33,0.003463839614
xgboost,2,MAX(static_0.numrejects9m_859L),weight,42,0.004408523145
xgboost,2,MODE(static_0.bankacctype_710L),weight,10,0.001049648368
xgboost,2,MODE(static_0.credtype_322L),weight,99,0.01039151884
xgboost,2,MODE(static_0.disbursementtype_67L),weight,78,0.008187257269
xgboost,2,MODE(static_0.lastapprcommoditycat_1041M),weight,151,0.01584969035
xgboost,2,MODE(static_0.lastapprcommoditytypec_5251766M),weight,0,0
xgboost,2,MODE(static_0.lastcancelreason_561M),weight,78,0.008187257269
xgboost,2,MODE(static_0.lastrejectcommoditycat_161M),weight,39,0.004093628634
xgboost,2,MODE(static_0.lastrejectcommodtypec_5251769M),weight,0,0
xgboost,2,MODE(static_0.lastrejectreason_759M),weight,72,0.007557468248
xgboost,2,MODE(static_0.lastrejectreasonclient_4145040M),weight,15,0.001574472552
xgboost,2,MODE(static_0.lastst_736L),weight,66,0.006927679227
xgboost,2,MODE(static_0.previouscontdistrict_112M),weight,1700,0.1784402225
xgboost,2,MODE(static_0.typesuite_864L),weight,17,0.001784402225
xgboost,2,SUM(static_0.avgdbddpdlast24m_3658932P),weight,108,0.01133620237
xgboost,2,SUM(static_0.maxdpdlast12m_727P),weight,140,0.01469507715
xgboost,2,SUM(static_0.numinstlswithdpd10_728L),weight,108,0.01133620237
xgboost,2,SUM(static_0.pmtnum_254L),weight,217,0.02277736958
xgboost,2,COUNT(person_2),weight,6,0.0006297890207
xgboost,2,MAX(static_cb_0.pmtscount_423L),weight,145,0.01521990133
xgboost,2,MODE(static_cb_0.description_5085714M),weight,0,0
xgboost,2,MODE(static_cb_0.education_1103M),weight,58,0.006087960533
xgboost,2,MODE(static_cb_0.education_88M),weight,0,0
xgboost,2,MODE(static_cb_0.maritalst_385M),weight,61,0.006402855044
xgboost,2,MODE(static_cb_0.requesttype_4525192L),weight,0,0
xgboost,2,SUM(static_cb_0.days120_123L),weight,200,0.02099296736
xgboost,2,SUM(static_cb_0.days30_165L),weight,85,0.008922011126
xgboost,2,MAX_MIN_DELTA(applprev_2.num_group2),weight,16,0.001679437388
xgboost,2,MONTH(date_decision),weight,190,0.01994331899
xgboost,2,SEASON(date_decision),weight,7,0.0007347538575
xgboost,2,WEEKDAY(date_decision),weight,104,0.01091634303
lightgbm,3,COUNT(person_1),gain,536.7429028,0.0009942821555
lightgbm,3,MODE(person_1.contaddr_district_15M),gain,40737.57353,0.075463769
lightgbm,3,MODE(person_1.contaddr_zipcode_807M),gain,59672.90063,0.1105402604
lightgbm,3,MODE(person_1.education_927M),gain,534.093399,0.0009893741181
lightgbm,3,MODE(person_1.empladdr_district_926M),gain,1503.7503,0.002785601975
lightgbm,3,MODE(person_1.empladdr_zipcode_114M),gain,94.42570114,0.0001749176173
lightgbm,3,MODE(person_1.incometype_1044T),gain,17821.97073,0.03301406946
lightgbm,3,MODE(person_1.language1_981M),gain,425.5914974,0.0007883812329
lightgbm,3,MODE(person_1.role_1084L),gain,492.4344978,0.000912203648
lightgbm,3,MODE(person_1.sex_738L),gain,9236.570541,0.0171101606
lightgbm,3,MODE(person_1.type_25L),gain,24.2826004,4.498197581e-05
lightgbm,3,COUNT(credit_bureau_a_1),gain,1320.897612,0.002446878976
lightgbm,3,MAX(credit_bureau_a_1.dpdmax_139P),gain,14659.63797,0.02715604877
lightgbm,3,MAX(credit_bureau_a_1.dpdmax_757P),gain,3344.980783,0.006196364566
lightgbm,3,MAX(credit_bureau_a_1.instlamount_768A),gain,7681.88133,0.01423019753
lightgbm,3,MAX(credit_bureau_a_1.nominalrate_281L),gain,4543.3456,0.008416259318
lightgbm,3,MAX(credit_bureau_a_1.nominalrate_498L),gain,427.8043022,0.0007924803133
lightgbm,3,MAX(credit_bureau_a_1.numberofcontrsvalue_358L),gain,19656.87191,0.03641310741
lightgbm,3,MAX(credit_bureau_a_1.numberofinstls_320L),gain,6889.954071,0.01276320255
lightgbm,3,MAX(credit_bureau_a_1.outstandingamount_354A),gain,117.0461998,0.0002168206552
lightgbm,3,MAX(credit_bureau_a_1.overdueamount_31A),gain,0,0
lightgbm,3,MAX(credit_bureau_a_1.overdueamountmax2_398A),gain,314.6644077,0.0005828958408
lightgbm,3,MAX(credit_bureau_a_1.residualamount_488A),gain,283.808403,0.0005257370507
lightgbm,3,MAX_MIN_DELTA(credit_bureau_a_1.dpdmax_757P),gain,871.3641949,0.001614146858
lightgbm,3,MAX_MIN_DELTA(credit_bureau_a_1.dpdmaxdatemonth_442T),gain,601.8010025,0.001114798155
lightgbm,3,MAX_MIN_DELTA(credit_bureau_a_1.dpdmaxdateyear_596T),gain,5494.2321,0.0101777162
lightgbm,3,MIN(credit_bureau_a_1.monthlyinstlamount_674A),gain,0,0
lightgbm,3,MIN(credit_bureau_a_1.overdueamountmax2_398A),gain,922.3764057,0.00170864374
lightgbm,3,MODE(credit_bureau_a_1.classificationofcontr_400M),gain,139.7241039,0.000258830033
lightgbm,3,MODE(credit_bureau_a_1.contractst_964M),gain,0,0
lightgbm,3,MODE(credit_bureau_a_1.financialinstitution_382M),gain,2364.7992,0.004380640403
lightgbm,3,STD(credit_bureau_a_1.dpdmax_139P),gain,283.4727974,0.0005251153626
lightgbm,3,STD(credit_bureau_a_1.nominalrate_498L),gain,28.26650047,5.23618978e-05
lightgbm,3,SUM(credit_bureau_a_1.dpdmax_139P),gain,37749.58492,0.06992870976
lightgbm,3,SUM(credit_bureau_a_1.overdueamountmax2_398A),gain,0,0
lightgbm,3,SUM(credit_bureau_a_1.periodicityofpmts_837L),gain,1107.622795,0.002051800917
lightgbm,3,MODE(tax_registry_a_1.name_4527232M),gain,0,0
lightgbm,3,ENTROPY(applprev_1.cancelreason_3545846M),gain,0,0
lightgbm,3,MAX(applprev_1.byoccupationinc_3656910L),gain,720.6959991,0.001335043589
lightgbm,3,MAX(applprev_1.childnum_21L),gain,1397.338305,0.002588480508
lightgbm,3,MAX(applprev_1.downpmt_134A),gain,129.6508007,0.0002401698782
lightgbm,3,MAX(applprev_1.maxdpdtolerance_577P),gain,12431.1912,0.02302799258
lightgbm,3,MEAN(applprev_1.currdebt_94A),gain,6492.269902,0.01202651787
lightgbm,3,MIN(applprev_1.credacc_credlmt_575A),gain,41.42350006,7.673440434e-05
lightgbm,3,MIN(applprev_1.currdebt_94A),gain,130.1463013,0.0002410877616
lightgbm,3,MODE(applprev_1.postype_4733339M),gain,0,0
lightgbm,3,MODE(applprev_1.status_219L),gain,19351.46681,0.03584736386
lightgbm,3,SKEW(applprev_1.actualdpd_943P),gain,0,0
lightgbm,3,SKEW(applprev_1.currdebt_94A),gain,348.8449955,0.0006462132099
lightgbm,3,STD(applprev_1.actualdpd_943P),gain,312.2287998,0.0005783840317
lightgbm,3,STD(applprev_1.childnum_21L),gain,87.93980026,0.0001629028977
lightgbm,3,STD(applprev_1.maxdpdtolerance_577P),gain,2102.151492,0.003894102197
lightgbm,3,SUM(applprev_1.maxdpdtolerance_577P),gain,3221.910877,0.005968385377
lightgbm,3,MEAN(credit_bureau_a_2.pmts_overdue_1152A),gain,5543.4301,0.01026885237
lightgbm,3,MIN(credit_bureau_a_2.pmts_overdue_1152A),gain,82.81220245,0.0001534043482
lightgbm,3,MAX(static_0.avgdbddpdlast3m_4187120P),gain,3087.259398,0.005718952058
lightgbm,3,MAX(static_0.avgpmtlast12m_4525200A),gain,0,0
lightgbm,3,MAX(static_0.eir_270L),gain,4906.259989,0.009088535185
lightgbm,3,MAX(static_0.homephncnt_628L),gain,2666.682804,0.004939860616
lightgbm,3,MAX(static_0.lastrejectcredamount_222A),gain,262.9008007,0.0004870070446
lightgbm,3,MAX(static_0.maininc_215A),gain,327.3435011,0.0006063830564
lightgbm,3,MAX(static_0.maxdpdinstlnum_3546846P),gain,1688.419206,0.003127689399
lightgbm,3,MAX(static_0.maxinstallast24m_3658928A),gain,1252.482093,0.002320143571
lightgbm,3,MAX(static_0.maxlnamtstart6m_4525199A),gain,0,0
lightgbm,3,MAX(static_0.maxpmtlast3m_4525190A),gain,0,0
lightgbm,3,MAX(static_0.mobilephncnt_593L),gain,10212.3874,0.01891779939
lightgbm,3,MAX(static_0.numactivecreds_622L),gain,0,0
lightgbm,3,MAX(static_0.numactiverelcontr_750L),gain,208.1148968,0.0003855196354
lightgbm,3,MAX(static_0.numcontrs3months_479L),gain,1784.755304,0.003306145907
lightgbm,3,MAX(static_0.numrejects9m_859L),gain,5634.993721,0.01043846816
lightgbm,3,MODE(static_0.bankacctype_710L),gain,629.0955944,0.001165359654
lightgbm,3,MODE(static_0.credtype_322L),gain,4760.852003,0.008819176122
lightgbm,3,MODE(static_0.disbursementtype_67L),gain,4616.322598,0.008551444574
lightgbm,3,MODE(static_0.lastapprcommoditycat_1041M),gain,2041.677814,0.003782078548
lightgbm,3,MODE(static_0.lastapprcommoditytypec_5251766M),gain,0,0
lightgbm,3,MODE(static_0.lastcancelreason_561M),gain,6492.860069,0.01202761112
lightgbm,3,MODE(static_0.lastrejectcommoditycat_161M),gain,554.9877996,0.001028079669
lightgbm,3,MODE(static_0.lastrejectcommodtypec_5251769M),gain,0,0
lightgbm,3,MODE(static_0.lastrejectreason_759M),gain,5020.357616,0.009299893798
lightgbm,3,MODE(static_0.lastrejectreasonclient_4145040M),gain,0,0
lightgbm,3,MODE(static_0.lastst_736L),gain,2104.66601,0.003898760181
lightgbm,3,MODE(static_0.previouscontdistrict_112M),gain,73925.62315,0.1369425242
lightgbm,3,MODE(static_0.typesuite_864L),gain,498.5100975,0.0009234583107
lightgbm,3,SUM(static_0.avgdbddpdlast24m_3658932P),gain,17706.94434,0.03280099036
lightgbm,3,SUM(static_0.maxdpdlast12m_727P),gain,21726.60198,0.04024715099
lightgbm,3,SUM(static_0.numinstlswithdpd10_728L),gain,16037.80153,0.02970900928
lightgbm,3,SUM(static_0.pmtnum_254L),gain,14304.27559,0.02649776251
lightgbm,3,COUNT(person_2),gain,527.9735966,0.0009780375725
lightgbm,3,MAX(static_cb_0.pmtscount_423L),gain,12579.75275,0.02330319342
lightgbm,3,MODE(static_cb_0.description_5085714M),gain,0,0
lightgbm,3,MODE(static_cb_0.education_1103M),gain,1574.695106,0.002917022723
lightgbm,3,MODE(static_cb_0.education_88M),gain,0,0
lightgbm,3,MODE(static_cb_0.maritalst_385M),gain,714.3109989,0.001323215782
lightgbm,3,MODE(static_cb_0.requesttype_4525192L),gain,0,0
lightgbm,3,SUM(static_cb_0.days120_123L),gain,19731.20243,0.03655079999
lightgbm,3,SUM(static_cb_0.days30_165L),gain,5820.301666,0.01078173937
lightgbm,3,MAX_MIN_DELTA(applprev_2.num_group2),gain,126.6237965,0.000234562545
lightgbm,3,MONTH(date_decision),gain,2147.10498,0.00397737568
lightgbm,3,SEASON(date_decision),gain,128.219101,0.0002375177453
lightgbm,3,WEEKDAY(date_decision),gain,1749.230493,0.003240338448
lightgbm,3,COUNT(person_1),split,17,0.002179487179
lightgbm,3,MODE(person_1.contaddr_district_15M),split,989,0.1267948718
lightgbm,3,MODE(person_1.contaddr_zipcode_807M),split,1404,0.18
lightgbm,3,MODE(person_1.education_927M),split,22,0.002820512821
lightgbm,3,MODE(person_1.empladdr_district_926M),split,51,0.006538461538
lightgbm,3,MODE(person_1.empladdr_zipcode_114M),split,4,0.0005128205128
lightgbm,3,MODE(person_1.incometype_1044T),split,169,0.02166666667
lightgbm,3,MODE(person_1.language1_981M),split,7,0.0008974358974
lightgbm,3,MODE(person_1.role_1084L),split,13,0.001666666667
lightgbm,3,MODE(person_1.sex_738L),split,87,0.01115384615
lightgbm,3,MODE(person_1.type_25L),split,1,0.0001282051282
lightgbm,3,COUNT(credit_bureau_a_1),split,20,0.002564102564
lightgbm,3,MAX(credit_bureau_a_1.dpdmax_139P),split,102,0.01307692308
lightgbm,3,MAX(credit_bureau_a_1.dpdmax_757P),split,52,0.006666666667
lightgbm,3,MAX(credit_bureau_a_1.instlamount_768A),split,97,0.01243589744
lightgbm,3,MAX(credit_bureau_a_1.nominalrate_281L),split,74,0.009487179487
lightgbm,3,MAX(credit_bureau_a_1.nominalrate_498L),split,14,0.001794871795
lightgbm,3,MAX(credit_bureau_a_1.numberofcontrsvalue_358L),split,163,0.0208974359
lightgbm,3,MAX(credit_bureau_a_1.numberofinstls_320L),split,77,0.009871794872
lightgbm,3,MAX(credit_bureau_a_1.outstandingamount_354A),split,3,0.0003846153846
lightgbm,3,MAX(credit_bureau_a_1.overdueamount_31A),split,0,0
lightgbm,3,MAX(credit_bureau_a_1.overdueamountmax2_398A),split,7,0.0008974358974
lightgbm,3,MAX(credit_bureau_a_1.residualamount_488A),split,4,0.0005128205128
lightgbm,3,MAX_MIN_DELTA(credit_bureau_a_1.dpdmax_757P),split,14,0.001794871795
lightgbm,3,MAX_MIN_DELTA(credit_bureau_a_1.dpdmaxdatemonth_442T),split,8,0.001025641026
lightgbm,3,MAX_MIN_DELTA(credit_bureau_a_1.dpdmaxdateyear_596T),split,84,0.01076923077
lightgbm,3,MIN(credit_bureau_a_1.monthlyinstlamount_674A),split,0,0
lightgbm,3,MIN(credit_bureau_a_1.overdueamountmax2_398A),split,18,0.002307692308
lightgbm,3,MODE(credit_bureau_a_1.classificationofcontr_400M),split,2,0.0002564102564
lightgbm,3,MODE(credit_bureau_a_1.contractst_964M),split,0,0
lightgbm,3,MODE(credit_bureau_a_1.financialinstitution_382M),split,44,0.005641025641
lightgbm,3,STD(credit_bureau_a_1.dpdmax_139P),split,8,0.001025641026
lightgbm,3,STD(credit_bureau_a_1.nominalrate_498L),split,1,0.0001282051282
lightgbm,3,SUM(credit_bureau_a_1.dpdmax_139P),split,134,0.01717948718
lightgbm,3,SUM(credit_bureau_a_1.overdueamountmax2_398A),split,0,0
lightgbm,3,SUM(credit_bureau_a_1.periodicityofpmts_837L),split,4,0.0005128205128
lightgbm,3,MODE(tax_registry_a_1.name_4527232M),split,0,0
lightgbm,3,ENTROPY(applprev_1.cancelreason_3545846M),split,0,0
lightgbm,3,MAX(applprev_1.byoccupationinc_3656910L),split,14,0.001794871795
lightgbm,3,MAX(applprev_1.childnum_21L),split,33,0.004230769231
lightgbm,3,MAX(applprev_1.downpmt_134A),split,6,0.0007692307692
lightgbm,3,MAX(applprev_1.maxdpdtolerance_577P),split,49,0.006282051282
lightgbm,3,MEAN(applprev_1.currdebt_94A),split,131,0.01679487179
lightgbm,3,MIN(applprev_1.credacc_credlmt_575A),split,2,0.0002564102564
lightgbm,3,MIN(applprev_1.currdebt_94A),split,5,0.000641025641
lightgbm,3,MODE(applprev_1.postype_4733339M),split,0,0
lightgbm,3,MODE(applprev_1.status_219L),split,50,0.00641025641
lightgbm,3,SKEW(applprev_1.actualdpd_943P),split,0,0
lightgbm,3,SKEW(applprev_1.currdebt_94A),split,5,0.000641025641
lightgbm,3,STD(applprev_1.actualdpd_943P),split,8,0.001025641026
lightgbm,3,STD(applprev_1.childnum_21L),split,4,0.0005128205128
lightgbm,3,STD(applprev_1.maxdpdtolerance_577P),split,33,0.004230769231
lightgbm,3,SUM(applprev_1.maxdpdtolerance_577P),split,36,0.004615384615
lightgbm,3,MEAN(credit_bureau_a_2.pmts_overdue_1152A),split,62,0.007948717949
lightgbm,3,MIN(credit_bureau_a_2.pmts_overdue_1152A),split,1,0.0001282051282
lightgbm,3,MAX(static_0.avgdbddpdlast3m_4187120P),split,33,0.004230769231
lightgbm,3,MAX(static_0.avgpmtlast12m_4525200A),split,0,0
lightgbm,3,MAX(static_0.eir_270L),split,83,0.01064102564
lightgbm,3,MAX(static_0.homephncnt_628L),split,41,0.005256410256
lightgbm,3,MAX(static_0.lastrejectcredamount_222A),split,6,0.0007692307692
lightgbm,3,MAX(static_0.maininc_215A),split,12,0.001538461538
lightgbm,3,MAX(static_0.maxdpdinstlnum_3546846P),split,36,0.004615384615
lightgbm,3,MAX(static_0.maxinstallast24m_3658928A),split,35,0.004487179487
lightgbm,3,MAX(static_0.maxlnamtstart6m_4525199A),split,0,0
lightgbm,3,MAX(static_0.maxpmtlast3m_4525190A),split,0,0
lightgbm,3,MAX(static_0.mobilephncnt_593L),split,139,0.01782051282
lightgbm,3,MAX(static_0.numactivecreds_622L),split,0,0
lightgbm,3,MAX(static_0.numactiverelcontr_750L),split,4,0.0005128205128
lightgbm,3,MAX(static_0.numcontrs3months_479L),split,24,0.003076923077
lightgbm,3,MAX(static_0.numrejects9m_859L),split,34,0.004358974359
lightgbm,3,MODE(static_0.bankacctype_710L),split,9,0.001153846154
lightgbm,3,MODE(static_0.credtype_322L),split,78,0.01
lightgbm,3,MODE(static_0.disbursementtype_67L),split,70,0.008974358974
lightgbm,3,MODE(static_0.lastapprcommoditycat_1041M),split,59,0.007564102564
lightgbm,3,MODE(static_0.lastapprcommoditytypec_5251766M),split,0,0
lightgbm,3,MODE(static_0.lastcancelreason_561M),split,42,0.005384615385
lightgbm,3,MODE(static_0.lastrejectcommoditycat_161M),split,24,0.003076923077
lightgbm,3,MODE(static_0.lastrejectcommodtypec_5251769M),split,0,0
lightgbm,3,MODE(static_0.lastrejectreason_759M),split,34,0.004358974359
lightgbm,3,MODE(static_0.lastrejectreasonclient_4145040M),split,0,0
lightgbm,3,MODE(static_0.lastst_736L),split,39,0.005
lightgbm,3,MODE(static_0.previouscontdistrict_112M),split,1782,0.2284615385
lightgbm,3,MODE(static_0.typesuite_864L),split,12,0.001538461538
lightgbm,3,SUM(static_0.avgdbddpdlast24m_3658932P),split,98,0.01256410256
lightgbm,3,SUM(static_0.maxdpdlast12m_727P),split,91,0.01166666667
lightgbm,3,SUM(static_0.numinstlswithdpd10_728L),split,85,0.0108974359
lightgbm,3,SUM(static_0.pmtnum_254L),split,192,0.02461538462
lightgbm,3,COUNT(person_2),split,18,0.002307692308
lightgbm,3,MAX(static_cb_0.pmtscount_423L),split,143,0.01833333333
lightgbm,3,MODE(static_cb_0.description_5085714M),split,0,0
lightgbm,3,MODE(static_cb_0.education_1103M),split,32,0.004102564103
lightgbm,3,MODE(static_cb_0.education_88M),split,0,0
lightgbm,3,MODE(static_cb_0.maritalst_385M),split,22,0.002820512821
lightgbm,3,MODE(static_cb_0.requesttype_4525192L),split,0,0
lightgbm,3,SUM(static_cb_0.days120_123L),split,203,0.02602564103
lightgbm,3,SUM(static_cb_0.days30_165L),split,81,0.01038461538
lightgbm,3,MAX_MIN_DELTA(applprev_2.num_group2),split,3,0.0003846153846
lightgbm,3,MONTH(date_decision),split,47,0.006025641026
lightgbm,3,SEASON(date_decision),split,3,0.0003846153846
lightgbm,3,WEEKDAY(date_decision),split,53,0.006794871795
xgboost,3,COUNT(person_1),gain,65.10842133,0.01332681841
xgboost,3,MODE(person_1.contaddr_district_15M),gain,41.37151337,0.008468192511
xgboost,3,MODE(person_1.contaddr_zipcode_807M),gain,58.39495468,0.01195266205
xgboost,3,MODE(person_1.education_927M),gain,33.06224823,0.006767397663
xgboost,3,MODE(person_1.empladdr_district_926M),gain,35.57743454,0.007282222482
xgboost,3,MODE(person_1.empladdr_zipcode_114M),gain,39.29680634,0.008043527878
xgboost,3,MODE(person_1.incometype_1044T),gain,97.83707428,0.0200259336
xgboost,3,MODE(person_1.language1_981M),gain,7.270380497,0.001488149131
xgboost,3,MODE(person_1.role_1084L),gain,37.08657837,0.007591123932
xgboost,3,MODE(person_1.sex_738L),gain,88.65150452,0.01814577098
xgboost,3,MODE(person_1.type_25L),gain,16.49300194,0.003375895734
xgboost,3,COUNT(credit_bureau_a_1),gain,42.2165184,0.00864115368
xgboost,3,MAX(credit_bureau_a_1.dpdmax_139P),gain,86.43238068,0.01769154617
xgboost,3,MAX(credit_bureau_a_1.dpdmax_757P),gain,65.20967102,0.01334754286
xgboost,3,MAX(credit_bureau_a_1.instlamount_768A),gain,78.43170166,0.01605391475
xgboost,3,MAX(credit_bureau_a_1.nominalrate_281L),gain,60.72228241,0.01242903475
xgboost,3,MAX(credit_bureau_a_1.nominalrate_498L),gain,29.21590233,0.005980102374
xgboost,3,MAX(credit_bureau_a_1.numberofcontrsvalue_358L),gain,119.4044571,0.02444048687
xgboost,3,MAX(credit_bureau_a_1.numberofinstls_320L),gain,102.9738083,0.02107735399
xgboost,3,MAX(credit_bureau_a_1.outstandingamount_354A),gain,22.83124733,0.004673249343
xgboost,3,MAX(credit_bureau_a_1.overdueamount_31A),gain,10.64267159,0.002178411774
xgboost,3,MAX(credit_bureau_a_1.overdueamountmax2_398A),gain,46.21792984,0.009460188799
xgboost,3,MAX(credit_bureau_a_1.residualamount_488A),gain,57.99417114,0.01187062705
xgboost,3,MAX_MIN_DELTA(credit_bureau_a_1.dpdmax_757P),gain,27.78570747,0.005687360718
xgboost,3,MAX_MIN_DELTA(credit_bureau_a_1.dpdmaxdatemonth_442T),gain,37.2700119,0.00762867031
xgboost,3,MAX_MIN_DELTA(credit_bureau_a_1.dpdmaxdateyear_596T),gain,66.21200562,0.01355270727
xgboost,3,MIN(credit_bureau_a_1.monthlyinstlamount_674A),gain,22.72362518,0.004651220537
xgboost,3,MIN(credit_bureau_a_1.overdueamountmax2_398A),gain,55.58615875,0.01137773929
xgboost,3,MODE(credit_bureau_a_1.classificationofcontr_400M),gain,38.30937195,0.007841413336
xgboost,3,MODE(credit_bureau_a_1.contractst_964M),gain,0,0
xgboost,3,MODE(credit_bureau_a_1.financialinstitution_382M),gain,55.76795959,0.01141495148
xgboost,3,STD(credit_bureau_a_1.dpdmax_139P),gain,13.57103729,0.00277780886
xgboost,3,STD(credit_bureau_a_1.nominalrate_498L),gain,12.8611927,0.002632513217
xgboost,3,SUM(credit_bureau_a_1.dpdmax_139P),gain,262.1629333,0.05366122745
xgboost,3,SUM(credit_bureau_a_1.overdueamountmax2_398A),gain,15.67130566,0.003207705554
xgboost,3,SUM(credit_bureau_a_1.periodicityofpmts_837L),gain,41.89055252,0.008574432847
xgboost,3,MODE(tax_registry_a_1.name_4527232M),gain,0,0
xgboost,3,ENTROPY(applprev_1.cancelreason_3545846M),gain,11.01747608,0.002255129215
xgboost,3,MAX(applprev_1.byoccupationinc_3656910L),gain,22.46752167,0.004598799591
xgboost,3,MAX(applprev_1.childnum_21L),gain,36.97193527,0.007567658031
xgboost,3,MAX(applprev_1.downpmt_134A),gain,7.84940958,0.001606668599
xgboost,3,MAX(applprev_1.maxdpdtolerance_577P),gain,156.3628235,0.03200536754
xgboost,3,MEAN(applprev_1.currdebt_94A),gain,40.18795776,0.008225934593
xgboost,3,MIN(applprev_1.credacc_credlmt_575A),gain,0,0
xgboost,3,MIN(applprev_1.currdebt_94A),gain,5.64793396,0.00115605614
xgboost,3,MODE(applprev_1.postype_4733339M),gain,0,0
xgboost,3,MODE(applprev_1.status_219L),gain,228.7894745,0.04683012916
xgboost,3,SKEW(applprev_1.actualdpd_943P),gain,5.681742668,0.001162976328
xgboost,3,SKEW(applprev_1.currdebt_94A),gain,19.85832024,0.00406473114
xgboost,3,STD(applprev_1.actualdpd_943P),gain,30.70781898,0.006285477654
xgboost,3,STD(applprev_1.childnum_21L),gain,13.79001522,0.002822630697
xgboost,3,STD(applprev_1.maxdpdtolerance_577P),gain,69.40666199,0.01420661048
xgboost,3,SUM(applprev_1.maxdpdtolerance_577P),gain,50.34796906,0.01030555229
xgboost,3,MEAN(credit_bureau_a_2.pmts_overdue_1152A),gain,85.38865662,0.01747790989
xgboost,3,MIN(credit_bureau_a_2.pmts_overdue_1152A),gain,111.4478607,0.02281187858
xgboost,3,MAX(static_0.avgdbddpdlast3m_4187120P),gain,57.82062531,0.01183510455
xgboost,3,MAX(static_0.avgpmtlast12m_4525200A),gain,0,0
xgboost,3,MAX(static_0.eir_270L),gain,54.66819763,0.011189845
xgboost,3,MAX(static_0.homephncnt_628L),gain,65.17671967,0.01334079816
xgboost,3,MAX(static_0.lastrejectcredamount_222A),gain,6.146502495,0.001258106416
xgboost,3,MAX(static_0.maininc_215A),gain,11.87278843,0.002430200152
xgboost,3,MAX(static_0.maxdpdinstlnum_3546846P),gain,29.92096138,0.006124418482
xgboost,3,MAX(static_0.maxinstallast24m_3658928A),gain,17.1820755,0.003516939827
xgboost,3,MAX(static_0.maxlnamtstart6m_4525199A),gain,0,0
xgboost,3,MAX(static_0.maxpmtlast3m_4525190A),gain,0,0
xgboost,3,MAX(static_0.mobilephncnt_593L),gain,72.19280243,0.01477689596
xgboost,3,MAX(static_0.numactivecreds_622L),gain,4.451423645,0.000911146567
xgboost,3,MAX(static_0.numactiverelcontr_750L),gain,16.39004707,0.003354822258
xgboost,3,MAX(static_0.numcontrs3months_479L),gain,43.38077927,0.008879462225
xgboost,3,MAX(static_0.numrejects9m_859L),gain,114.7170944,0.02348104676
xgboost,3,MODE(static_0.bankacctype_710L),gain,61.68262863,0.01262560471
xgboost,3,MODE(static_0.credtype_322L),gain,59.45733643,0.01217011731
xgboost,3,MODE(static_0.disbursementtype_67L),gain,54.53770828,0.01116313558
xgboost,3,MODE(static_0.lastapprcommoditycat_1041M),gain,24.6583786,0.005047238547
xgboost,3,MODE(static_0.lastapprcommoditytypec_5251766M),gain,0,0
xgboost,3,MODE(static_0.lastcancelreason_561M),gain,126.1332397,0.02581777821
xgboost,3,MODE(static_0.lastrejectcommoditycat_161M),gain,25.02186584,0.005121639498
xgboost,3,MODE(static_0.lastrejectcommodtypec_5251769M),gain,0,0
xgboost,3,MODE(static_0.lastrejectreason_759M),gain,102.8800278,0.02105815838
xgboost,3,MODE(static_0.lastrejectreasonclient_4145040M),gain,17.30851555,0.003542820405
xgboost,3,MODE(static_0.lastst_736L),gain,54.02507401,0.01105820624
xgboost,3,MODE(static_0.previouscontdistrict_112M),gain,45.19951248,0.009251732459
xgboost,3,MODE(static_0.typesuite_864L),gain,50.0318222,0.01024084129
xgboost,3,SUM(static_0.avgdbddpdlast24m_3658932P),gain,148.0200043,0.03029770462
xgboost,3,SUM(static_0.maxdpdlast12m_727P),gain,163.5872192,0.03348410421
xgboost,3,SUM(static_0.numinstlswithdpd10_728L),gain,170.7697754,0.03495427688
xgboost,3,SUM(static_0.pmtnum_254L),gain,66.45057678,0.01360153958
xgboost,3,COUNT(person_2),gain,37.55450058,0.007686901317
xgboost,3,MAX(static_cb_0.pmtscount_423L),gain,90.6879425,0.01856260245
xgboost,3,MODE(static_cb_0.description_5085714M),gain,0,0
xgboost,3,MODE(static_cb_0.education_1103M),gain,58.85274124,0.01204636481
xgboost,3,MODE(static_cb_0.education_88M),gain,0,0
xgboost,3,MODE(static_cb_0.maritalst_385M),gain,24.80220032,0.005076676918
xgboost,3,MODE(static_cb_0.requesttype_4525192L),gain,0,0
xgboost,3,SUM(static_cb_0.days120_123L),gain,102.9784927,0.02107831283
xgboost,3,SUM(static_cb_0.days30_165L),gain,74.14137268,0.01517574209
xgboost,3,MAX_MIN_DELTA(applprev_2.num_group2),gain,10.41234112,0.002131266224
xgboost,3,MONTH(date_decision),gain,15.86083794,0.003246500263
xgboost,3,SEASON(date_decision),gain,0,0
xgboost,3,WEEKDAY(date_decision),gain,18.36652756,0.003759381238
xgboost,3,COUNT(person_1),weight,13,0.001630502947
xgboost,3,MODE(person_1.contaddr_district_15M),weight,1016,0.1274300765
xgboost,3,MODE(person_1.contaddr_zipcode_807M),weight,1131,0.1418537564
xgboost,3,MODE(person_1.education_927M),weight,12,0.001505079644
xgboost,3,MODE(person_1.empladdr_district_926M),weight,47,0.005894895272
xgboost,3,MODE(person_1.empladdr_zipcode_114M),weight,46,0.005769471968
xgboost,3,MODE(person_1.incometype_1044T),weight,205,0.02571177725
xgboost,3,MODE(person_1.language1_981M),weight,6,0.0007525398219
xgboost,3,MODE(person_1.role_1084L),weight,3,0.0003762699109
xgboost,3,MODE(person_1.sex_738L),weight,102,0.01279317697
xgboost,3,MODE(person_1.type_25L),weight,4,0.0005016932146
xgboost,3,COUNT(credit_bureau_a_1),weight,15,0.001881349555
xgboost,3,MAX(credit_bureau_a_1.dpdmax_139P),weight,121,0.01517621974
xgboost,3,MAX(credit_bureau_a_1.dpdmax_757P),weight,55,0.006898281701
xgboost,3,MAX(credit_bureau_a_1.instlamount_768A),weight,100,0.01254233036
xgboost,3,MAX(credit_bureau_a_1.nominalrate_281L),weight,56,0.007023705004
xgboost,3,MAX(credit_bureau_a_1.nominalrate_498L),weight,13,0.001630502947
xgboost,3,MAX(credit_bureau_a_1.numberofcontrsvalue_358L),weight,159,0.01994230528
xgboost,3,MAX(credit_bureau_a_1.numberofinstls_320L),weight,78,0.009783017685
xgboost,3,MAX(credit_bureau_a_1.outstandingamount_354A),weight,3,0.0003762699109
xgboost,3,MAX(credit_bureau_a_1.overdueamount_31A),weight,1,0.0001254233036
xgboost,3,MAX(credit_bureau_a_1.overdueamountmax2_398A),weight,14,0.001755926251
xgboost,3,MAX(credit_bureau_a_1.residualamount_488A),weight,4,0.0005016932146
xgboost,3,MAX_MIN_DELTA(credit_bureau_a_1.dpdmax_757P),weight,12,0.001505079644
xgboost,3,MAX_MIN_DELTA(credit_bureau_a_1.dpdmaxdatemonth_442T),weight,19,0.002383042769
xgboost,3,MAX_MIN_DELTA(credit_bureau_a_1.dpdmaxdateyear_596T),weight,83,0.0104101342
xgboost,3,MIN(credit_bureau_a_1.monthlyinstlamount_674A),weight,2,0.0002508466073
xgboost,3,MIN(credit_bureau_a_1.overdueamountmax2_398A),weight,16,0.002006772858
xgboost,3,MODE(credit_bureau_a_1.classificationofcontr_400M),weight,9,0.001128809733
xgboost,3,MODE(credit_bureau_a_1.contractst_964M),weight,0,0
xgboost,3,MODE(credit_bureau_a_1.financialinstitution_382M),weight,62,0.007776244826
xgboost,3,STD(credit_bureau_a_1.dpdmax_139P),weight,17,0.002132196162
xgboost,3,STD(credit_bureau_a_1.nominalrate_498L),weight,2,0.0002508466073
xgboost,3,SUM(credit_bureau_a_1.dpdmax_139P),weight,162,0.02031857519
xgboost,3,SUM(credit_bureau_a_1.overdueamountmax2_398A),weight,9,0.001128809733
xgboost,3,SUM(credit_bureau_a_1.periodicityofpmts_837L),weight,5,0.0006271165182
xgboost,3,MODE(tax_registry_a_1.name_4527232M),weight,0,0
xgboost,3,ENTROPY(applprev_1.cancelreason_3545846M),weight,16,0.002006772858
xgboost,3,MAX(applprev_1.byoccupationinc_3656910L),weight,24,0.003010159288
xgboost,3,MAX(applprev_1.childnum_21L),weight,39,0.004891508842
xgboost,3,MAX(applprev_1.downpmt_134A),weight,6,0.0007525398219
xgboost,3,MAX(applprev_1.maxdpdtolerance_577P),weight,84,0.01053555751
xgboost,3,MEAN(applprev_1.currdebt_94A),weight,153,0.01918976546
xgboost,3,MIN(applprev_1.credacc_credlmt_575A),weight,0,0
xgboost,3,MIN(applprev_1.currdebt_94A),weight,1,0.0001254233036
xgboost,3,MODE(applprev_1.postype_4733339M),weight,0,0
xgboost,3,MODE(applprev_1.status_219L),weight,75,0.009406747774
xgboost,3,SKEW(applprev_1.actualdpd_943P),weight,2,0.0002508466073
xgboost,3,SKEW(applprev_1.currdebt_94A),weight,11,0.00137965634
xgboost,3,STD(applprev_1.actualdpd_943P),weight,8,0.001003386429
xgboost,3,STD(applprev_1.childnum_21L),weight,13,0.001630502947
xgboost,3,STD(applprev_1.maxdpdtolerance_577P),weight,43,0.005393202057
xgboost,3,SUM(applprev_1.maxdpdtolerance_577P),weight,61,0.007650821523
xgboost,3,MEAN(credit_bureau_a_2.pmts_overdue_1152A),weight,60,0.007525398219
xgboost,3,MIN(credit_bureau_a_2.pmts_overdue_1152A),weight,2,0.0002508466073
xgboost,3,MAX(static_0.avgdbddpdlast3m_4187120P),weight,61,0.007650821523
xgboost,3,MAX(static_0.avgpmtlast12m_4525200A),weight,0,0
xgboost,3,MAX(static_0.eir_270L),weight,75,0.009406747774
xgboost,3,MAX(static_0.homephncnt_628L),weight,40,0.005016932146
xgboost,3,MAX(static_0.lastrejectcredamount_222A),weight,17,0.002132196162
xgboost,3,MAX(static_0.maininc_215A),weight,38,0.004766085539
xgboost,3,MAX(static_0.maxdpdinstlnum_3546846P),weight,33,0.00413896902
xgboost,3,MAX(static_0.maxinstallast24m_3658928A),weight,79,0.009908440988
xgboost,3,MAX(static_0.maxlnamtstart6m_4525199A),weight,0,0
xgboost,3,MAX(static_0.maxpmtlast3m_4525190A),weight,0,0
xgboost,3,MAX(static_0.mobilephncnt_593L),weight,136,0.0170575693
xgboost,3,MAX(static_0.numactivecreds_622L),weight,4,0.0005016932146
xgboost,3,MAX(static_0.numactiverelcontr_750L),weight,5,0.0006271165182
xgboost,3,MAX(static_0.numcontrs3months_479L),weight,35,0.004389815628
xgboost,3,MAX(static_0.numrejects9m_859L),weight,43,0.005393202057
xgboost,3,MODE(static_0.bankacctype_710L),weight,10,0.001254233036
xgboost,3,MODE(static_0.credtype_322L),weight,80,0.01003386429
xgboost,3,MODE(static_0.disbursementtype_67L),weight,76,0.009532171077
xgboost,3,MODE(static_0.lastapprcommoditycat_1041M),weight,104,0.01304402358
xgboost,3,MODE(static_0.lastapprcommoditytypec_5251766M),weight,0,0
xgboost,3,MODE(static_0.lastcancelreason_561M),weight,51,0.006396588486
xgboost,3,MODE(static_0.lastrejectcommoditycat_161M),weight,20,0.002508466073
xgboost,3,MODE(static_0.lastrejectcommodtypec_5251769M),weight,0,0
xgboost,3,MODE(static_0.lastrejectreason_759M),weight,61,0.007650821523
xgboost,3,MODE(static_0.lastrejectreasonclient_4145040M),weight,11,0.00137965634
xgboost,3,MODE(static_0.lastst_736L),weight,51,0.006396588486
xgboost,3,MODE(static_0.previouscontdistrict_112M),weight,1479,0.1855010661
xgboost,3,MODE(static_0.typesuite_864L),weight,11,0.00137965634
xgboost,3,SUM(static_0.avgdbddpdlast24m_3658932P),weight,111,0.01392198671
xgboost,3,SUM(static_0.maxdpdlast12m_727P),weight,137,0.0171829926
xgboost,3,SUM(static_0.numinstlswithdpd10_728L),weight,96,0.01204063715
xgboost,3,SUM(static_0.pmtnum_254L),weight,203,0.02546093064
xgboost,3,COUNT(person_2),weight,5,0.0006271165182
xgboost,3,MAX(static_cb_0.pmtscount_423L),weight,125,0.01567791296
xgboost,3,MODE(static_cb_0.description_5085714M),weight,0,0
xgboost,3,MODE(static_cb_0.education_1103M),weight,34,0.004264392324
xgboost,3,MODE(static_cb_0.education_88M),weight,0,0
xgboost,3,MODE(static_cb_0.maritalst_385M),weight,41,0.00514235545
xgboost,3,MODE(static_cb_0.requesttype_4525192L),weight,0,0
xgboost,3,SUM(static_cb_0.days120_123L),weight,191,0.023955851
xgboost,3,SUM(static_cb_0.days30_165L),weight,76,0.009532171077
xgboost,3,MAX_MIN_DELTA(applprev_2.num_group2),weight,8,0.001003386429
xgboost,3,MONTH(date_decision),weight,144,0.01806095573
xgboost,3,SEASON(date_decision),weight,0,0
xgboost,3,WEEKDAY(date_decision),weight,82,0.0102847109
lightgbm,4,COUNT(person_1),gain,308.9997997,0.0004219292022
lightgbm,4,MODE(person_1.contaddr_district_15M),gain,55935.7222,0.07637841404
lightgbm,4,MODE(person_1.contaddr_zipcode_807M),gain,110254.4333,0.1505488519
lightgbm,4,MODE(person_1.education_927M),gain,790.3550005,0.001079204113
lightgbm,4,MODE(person_1.empladdr_district_926M),gain,3644.750997,0.004976789246
lightgbm,4,MODE(person_1.empladdr_zipcode_114M),gain,367.4825954,0.0005017855625
lightgbm,4,MODE(person_1.incometype_1044T),gain,20879.5498,0.02851034789
lightgbm,4,MODE(person_1.language1_981M),gain,767.2148037,0.001047606925
lightgbm,4,MODE(person_1.role_1084L),gain,522.9936037,0.0007141307993
lightgbm,4,MODE(person_1.sex_738L),gain,10649.02777,0.01454090196
lightgbm,4,MODE(person_1.type_25L),gain,31.41209984,4.289220328e-05
lightgbm,4,COUNT(credit_bureau_a_1),gain,2002.806996,0.00273476798
lightgbm,4,MAX(credit_bureau_a_1.dpdmax_139P),gain,14458.1053,0.01974207374
lightgbm,4,MAX(credit_bureau_a_1.dpdmax_757P),gain,5228.460801,0.007139293607
lightgbm,4,MAX(credit_bureau_a_1.instlamount_768A),gain,8768.814984,0.01197353239
lightgbm,4,MAX(credit_bureau_a_1.nominalrate_281L),gain,4552.421994,0.006216184547
lightgbm,4,MAX(credit_bureau_a_1.nominalrate_498L),gain,757.5432034,0.001034400669
lightgbm,4,MAX(credit_bureau_a_1.numberofcontrsvalue_358L),gain,23704.51147,0.03236774141
lightgbm,4,MAX(credit_bureau_a_1.numberofinstls_320L),gain,8950.363626,0.01222143117
lightgbm,4,MAX(credit_bureau_a_1.outstandingamount_354A),gain,265.2354994,0.0003621704699
lightgbm,4,MAX(credit_bureau_a_1.overdueamount_31A),gain,0,0
lightgbm,4,MAX(credit_bureau_a_1.overdueamountmax2_398A),gain,383.0221949,0.0005230043814
lightgbm,4,MAX(credit_bureau_a_1.residualamount_488A),gain,495.1398067,0.0006760973432
lightgbm,4,MAX_MIN_DELTA(credit_bureau_a_1.dpdmax_757P),gain,1019.310206,0.001391835019
lightgbm,4,MAX_MIN_DELTA(credit_bureau_a_1.dpdmaxdatemonth_442T),gain,1561.292911,0.002131894819
lightgbm,4,MAX_MIN_DELTA(credit_bureau_a_1.dpdmaxdateyear_596T),gain,7836.168178,0.01070003343
lightgbm,4,MIN(credit_bureau_a_1.monthlyinstlamount_674A),gain,107.5390015,0.0001468410178
lightgbm,4,MIN(credit_bureau_a_1.overdueamountmax2_398A),gain,1169.518204,0.001596939167
lightgbm,4,MODE(credit_bureau_a_1.classificationofcontr_400M),gain,103.787899,0.0001417190091
lightgbm,4,MODE(credit_bureau_a_1.contractst_964M),gain,0,0
lightgbm,4,MODE(credit_bureau_a_1.financialinstitution_382M),gain,4160.579807,0.005681136753
lightgbm,4,STD(credit_bureau_a_1.dpdmax_139P),gain,634.2244034,0.0008660128478
lightgbm,4,STD(credit_bureau_a_1.nominalrate_498L),gain,44.55959988,6.084468807e-05
lightgbm,4,SUM(credit_bureau_a_1.dpdmax_139P),gain,49063.16624,0.06699416184
lightgbm,4,SUM(credit_bureau_a_1.overdueamountmax2_398A),gain,137.0233021,0.0001871008738
lightgbm,4,SUM(credit_bureau_a_1.periodicityofpmts_837L),gain,1290.09848,0.001761587622
lightgbm,4,MODE(tax_registry_a_1.name_4527232M),gain,36.71920013,5.013887657e-05
lightgbm,4,ENTROPY(applprev_1.cancelreason_3545846M),gain,96.52010059,0.0001317950661
lightgbm,4,MAX(applprev_1.byoccupationinc_3656910L),gain,777.436902,0.001061564869
lightgbm,4,MAX(applprev_1.childnum_21L),gain,2426.147601,0.003312825842
lightgbm,4,MAX(applprev_1.downpmt_134A),gain,325.4667025,0.0004444142237
lightgbm,4,MAX(applprev_1.maxdpdtolerance_577P),gain,17970.31155,0.02453787744
lightgbm,4,MEAN(applprev_1.currdebt_94A),gain,7881.50589,0.01076194061
lightgbm,4,MIN(applprev_1.credacc_credlmt_575A),gain,341.2962999,0.0004660290255
lightgbm,4,MIN(applprev_1.currdebt_94A),gain,0,0
lightgbm,4,MODE(applprev_1.postype_4733339M),gain,0,0
lightgbm,4,MODE(applprev_1.status_219L),gain,21296.92423,0.02908025914
lightgbm,4,SKEW(applprev_1.actualdpd_943P),gain,13.21070004,1.803878233e-05
lightgbm,4,SKEW(applprev_1.currdebt_94A),gain,1039.048908,0.001418787576
lightgbm,4,STD(applprev_1.actualdpd_943P),gain,413.2624044,0.0005642964065
lightgbm,4,STD(applprev_1.childnum_21L),gain,310.7328987,0.0004242956927
lightgbm,4,STD(applprev_1.maxdpdtolerance_577P),gain,2429.987632,0.00331806928
lightgbm,4,SUM(applprev_1.maxdpdtolerance_577P),gain,2913.534988,0.003978337508
lightgbm,4,MEAN(credit_bureau_a_2.pmts_overdue_1152A),gain,8703.707749,0.01188463057
lightgbm,4,MIN(credit_bureau_a_2.pmts_overdue_1152A),gain,0,0
lightgbm,4,MAX(static_0.avgdbddpdlast3m_4187120P),gain,4847.549293,0.006619171299
lightgbm,4,MAX(static_0.avgpmtlast12m_4525200A),gain,0,0
lightgbm,4,MAX(static_0.eir_270L),gain,6332.378287,0.008646657122
lightgbm,4,MAX(static_0.homephncnt_628L),gain,2994.616191,0.00408905126
lightgbm,4,MAX(static_0.lastrejectcredamount_222A),gain,194.7566004,0.0002659338197
lightgbm,4,MAX(static_0.maininc_215A),gain,722.7718964,0.0009869215769
lightgbm,4,MAX(static_0.maxdpdinstlnum_3546846P),gain,2806.907195,0.003832740716
lightgbm,4,MAX(static_0.maxinstallast24m_3658928A),gain,2025.214094,0.002765364145
lightgbm,4,MAX(static_0.maxlnamtstart6m_4525199A),gain,33.82269859,4.618379768e-05
lightgbm,4,MAX(static_0.maxpmtlast3m_4525190A),gain,15.49110031,2.115259493e-05
lightgbm,4,MAX(static_0.mobilephncnt_593L),gain,12243.84679,0.01671857559
lightgbm,4,MAX(static_0.numactivecreds_622L),gain,180.4455996,0.0002463926123
lightgbm,4,MAX(static_0.numactiverelcontr_750L),gain,278.0066957,0.0003796091242
lightgbm,4,MAX(static_0.numcontrs3months_479L),gain,2816.731988,0.003846156151
lightgbm,4,MAX(static_0.numrejects9m_859L),gain,7841.278125,0.0107070109
lightgbm,4,MODE(static_0.bankacctype_710L),gain,1252.1359,0.00170975095
lightgbm,4,MODE(static_0.credtype_322L),gain,5406.765314,0.007382762635
lightgbm,4,MODE(static_0.disbursementtype_67L),gain,7203.698518,0.00983641663
lightgbm,4,MODE(static_0.lastapprcommoditycat_1041M),gain,3148.72379,0.004299480187
lightgbm,4,MODE(static_0.lastapprcommoditytypec_5251766M),gain,0,0
lightgbm,4,MODE(static_0.lastcancelreason_561M),gain,7065.522627,0.009647741933
lightgbm,4,MODE(static_0.lastrejectcommoditycat_161M),gain,1082.021892,0.001477465791
lightgbm,4,MODE(static_0.lastrejectcommodtypec_5251769M),gain,0,0
lightgbm,4,MODE(static_0.lastrejectreason_759M),gain,7167.729219,0.00978730172
lightgbm,4,MODE(static_0.lastrejectreasonclient_4145040M),gain,98.97810173,0.0001351513869
lightgbm,4,MODE(static_0.lastst_736L),gain,1817.367404,0.002481556233
lightgbm,4,MODE(static_0.previouscontdistrict_112M),gain,104871.5642,0.1431987187
lightgbm,4,MODE(static_0.typesuite_864L),gain,880.1070995,0.001201757693
lightgbm,4,SUM(static_0.avgdbddpdlast24m_3658932P),gain,22879.83836,0.03124167703
lightgbm,4,SUM(static_0.maxdpdlast12m_727P),gain,25222.50566,0.03444051324
lightgbm,4,SUM(static_0.numinstlswithdpd10_728L),gain,16984.86815,0.02319228645
lightgbm,4,SUM(static_0.pmtnum_254L),gain,16074.46337,0.02194915826
lightgbm,4,COUNT(person_2),gain,2337.306816,0.003191516632
lightgbm,4,MAX(static_cb_0.pmtscount_423L),gain,15480.80347,0.02113853492
lightgbm,4,MODE(static_cb_0.description_5085714M),gain,0,0
lightgbm,4,MODE(static_cb_0.education_1103M),gain,2101.467795,0.0028694861
lightgbm,4,MODE(static_cb_0.education_88M),gain,0,0
lightgbm,4,MODE(static_cb_0.maritalst_385M),gain,1295.7078,0.001769246966
lightgbm,4,MODE(static_cb_0.requesttype_4525192L),gain,825.048707,0.001126577244
lightgbm,4,SUM(static_cb_0.days120_123L),gain,23482.82784,0.03206503961
lightgbm,4,SUM(static_cb_0.days30_165L),gain,6320.011106,0.008629770137
lightgbm,4,MAX_MIN_DELTA(applprev_2.num_group2),gain,113.8992004,0.0001555256632
lightgbm,4,MONTH(date_decision),gain,4289.170201,0.005856722764
lightgbm,4,SEASON(date_decision),gain,798.1381941,0.001089831811
lightgbm,4,WEEKDAY(date_decision),gain,2993.940801,0.004088129036
lightgbm,4,COUNT(person_1),split,11,0.0008607198748
lightgbm,4,MODE(person_1.contaddr_district_15M),split,1625,0.1271517997
lightgbm,4,MODE(person_1.contaddr_zipcode_807M),split,3218,0.251799687
lightgbm,4,MODE(person_1.education_927M),split,31,0.002425665102
lightgbm,4,MODE(person_1.empladdr_district_926M),split,154,0.01205007825
lightgbm,4,MODE(person_1.empladdr_zipcode_114M),split,18,0.001408450704
lightgbm,4,MODE(person_1.incometype_1044T),split,188,0.01471048513
lightgbm,4,MODE(person_1.language1_981M),split,17,0.001330203443
lightgbm,4,MODE(person_1.role_1084L),split,16,0.001251956182
lightgbm,4,MODE(person_1.sex_738L),split,110,0.008607198748
lightgbm,4,MODE(person_1.type_25L),split,2,0.0001564945227
lightgbm,4,COUNT(credit_bureau_a_1),split,33,0.002582159624
lightgbm,4,MAX(credit_bureau_a_1.dpdmax_139P),split,107,0.008372456964
lightgbm,4,MAX(credit_bureau_a_1.dpdmax_757P),split,58,0.004538341158
lightgbm,4,MAX(credit_bureau_a_1.instlamount_768A),split,132,0.0103286385
lightgbm,4,MAX(credit_bureau_a_1.nominalrate_281L),split,82,0.00641627543
lightgbm,4,MAX(credit_bureau_a_1.nominalrate_498L),split,24,0.001877934272
lightgbm,4,MAX(credit_bureau_a_1.numberofcontrsvalue_358L),split,180,0.01408450704
lightgbm,4,MAX(credit_bureau_a_1.numberofinstls_320L),split,121,0.009467918623
lightgbm,4,MAX(credit_bureau_a_1.outstandingamount_354A),split,11,0.0008607198748
lightgbm,4,MAX(credit_bureau_a_1.overdueamount_31A),split,0,0
lightgbm,4,MAX(credit_bureau_a_1.overdueamountmax2_398A),split,14,0.001095461659
lightgbm,4,MAX(credit_bureau_a_1.residualamount_488A),split,8,0.0006259780908
lightgbm,4,MAX_MIN_DELTA(credit_bureau_a_1.dpdmax_757P),split,19,0.001486697966
lightgbm,4,MAX_MIN_DELTA(credit_bureau_a_1.dpdmaxdatemonth_442T),split,14,0.001095461659
lightgbm,4,MAX_MIN_DELTA(credit_bureau_a_1.dpdmaxdateyear_596T),split,102,0.007981220657
lightgbm,4,MIN(credit_bureau_a_1.monthlyinstlamount_674A),split,5,0.0003912363067
lightgbm,4,MIN(credit_bureau_a_1.overdueamountmax2_398A),split,16,0.001251956182
lightgbm,4,MODE(credit_bureau_a_1.classificationofcontr_400M),split,3,0.000234741784
lightgbm,4,MODE(credit_bureau_a_1.contractst_964M),split,0,0
lightgbm,4,MODE(credit_bureau_a_1.financialinstitution_382M),split,96,0.007511737089
lightgbm,4,STD(credit_bureau_a_1.dpdmax_139P),split,21,0.001643192488
lightgbm,4,STD(credit_bureau_a_1.nominalrate_498L),split,3,0.000234741784
lightgbm,4,SUM(credit_bureau_a_1.dpdmax_139P),split,158,0.01236306729
lightgbm,4,SUM(credit_bureau_a_1.overdueamountmax2_398A),split,6,0.0004694835681
lightgbm,4,SUM(credit_bureau_a_1.periodicityofpmts_837L),split,5,0.0003912363067
lightgbm,4,MODE(tax_registry_a_1.name_4527232M),split,1,7.824726135e-05
lightgbm,4,ENTROPY(applprev_1.cancelreason_3545846M),split,6,0.0004694835681
lightgbm,4,MAX(applprev_1.byoccupationinc_3656910L),split,31,0.002425665102
lightgbm,4,MAX(applprev_1.childnum_21L),split,54,0.004225352113
lightgbm,4,MAX(applprev_1.downpmt_134A),split,16,0.001251956182
lightgbm,4,MAX(applprev_1.maxdpdtolerance_577P),split,75,0.005868544601
lightgbm,4,MEAN(applprev_1.currdebt_94A),split,169,0.01322378717
lightgbm,4,MIN(applprev_1.credacc_credlmt_575A),split,19,0.001486697966
lightgbm,4,MIN(applprev_1.currdebt_94A),split,0,0
lightgbm,4,MODE(applprev_1.postype_4733339M),split,0,0
lightgbm,4,MODE(applprev_1.status_219L),split,48,0.003755868545
lightgbm,4,SKEW(applprev_1.actualdpd_943P),split,1,7.824726135e-05
lightgbm,4,SKEW(applprev_1.currdebt_94A),split,14,0.001095461659
lightgbm,4,STD(applprev_1.actualdpd_943P),split,16,0.001251956182
lightgbm,4,STD(applprev_1.childnum_21L),split,11,0.0008607198748
lightgbm,4,STD(applprev_1.maxdpdtolerance_577P),split,43,0.003364632238
lightgbm,4,SUM(applprev_1.maxdpdtolerance_577P),split,39,0.003051643192
lightgbm,4,MEAN(credit_bureau_a_2.pmts_overdue_1152A),split,80,0.006259780908
lightgbm,4,MIN(credit_bureau_a_2.pmts_overdue_1152A),split,0,0
lightgbm,4,MAX(static_0.avgdbddpdlast3m_4187120P),split,50,0.003912363067
lightgbm,4,MAX(static_0.avgpmtlast12m_4525200A),split,0,0
lightgbm,4,MAX(static_0.eir_270L),split,137,0.0107198748
lightgbm,4,MAX(static_0.homephncnt_628L),split,49,0.003834115806
lightgbm,4,MAX(static_0.lastrejectcredamount_222A),split,11,0.0008607198748
lightgbm,4,MAX(static_0.maininc_215A),split,35,0.002738654147
lightgbm,4,MAX(static_0.maxdpdinstlnum_3546846P),split,78,0.006103286385
lightgbm,4,MAX(static_0.maxinstallast24m_3658928A),split,83,0.006494522692
lightgbm,4,MAX(static_0.maxlnamtstart6m_4525199A),split,2,0.0001564945227
lightgbm,4,MAX(static_0.maxpmtlast3m_4525190A),split,1,7.824726135e-05
lightgbm,4,MAX(static_0.mobilephncnt_593L),split,174,0.01361502347
lightgbm,4,MAX(static_0.numactivecreds_622L),split,6,0.0004694835681
lightgbm,4,MAX(static_0.numactiverelcontr_750L),split,5,0.0003912363067
lightgbm,4,MAX(static_0.numcontrs3months_479L),split,39,0.003051643192
lightgbm,4,MAX(static_0.numrejects9m_859L),split,52,0.00406885759
lightgbm,4,MODE(static_0.bankacctype_710L),split,10,0.0007824726135
lightgbm,4,MODE(static_0.credtype_322L),split,92,0.007198748044
lightgbm,4,MODE(static_0.disbursementtype_67L),split,116,0.009076682316
lightgbm,4,MODE(static_0.lastapprcommoditycat_1041M),split,113,0.008841940532
lightgbm,4,MODE(static_0.lastapprcommoditytypec_5251766M),split,0,0
lightgbm,4,MODE(static_0.lastcancelreason_561M),split,90,0.007042253521
lightgbm,4,MODE(static_0.lastrejectcommoditycat_161M),split,52,0.00406885759
lightgbm,4,MODE(static_0.lastrejectcommodtypec_5251769M),split,0,0
lightgbm,4,MODE(static_0.lastrejectreason_759M),split,47,0.003677621283
lightgbm,4,MODE(static_0.lastrejectreasonclient_4145040M),split,3,0.000234741784
lightgbm,4,MODE(static_0.lastst_736L),split,52,0.00406885759
lightgbm,4,MODE(static_0.previouscontdistrict_112M),split,2801,0.219170579
lightgbm,4,MODE(static_0.typesuite_864L),split,23,0.001799687011
lightgbm,4,SUM(static_0.avgdbddpdlast24m_3658932P),split,119,0.0093114241
lightgbm,4,SUM(static_0.maxdpdlast12m_727P),split,127,0.009937402191
lightgbm,4,SUM(static_0.numinstlswithdpd10_728L),split,101,0.007902973396
lightgbm,4,SUM(static_0.pmtnum_254L),split,220,0.0172143975
lightgbm,4,COUNT(person_2),split,34,0.002660406886
lightgbm,4,MAX(static_cb_0.pmtscount_423L),split,185,0.01447574335
lightgbm,4,MODE(static_cb_0.description_5085714M),split,0,0
lightgbm,4,MODE(static_cb_0.education_1103M),split,49,0.003834115806
lightgbm,4,MODE(static_cb_0.education_88M),split,0,0
lightgbm,4,MODE(static_cb_0.maritalst_385M),split,40,0.003129890454
lightgbm,4,MODE(static_cb_0.requesttype_4525192L),split,15,0.00117370892
lightgbm,4,SUM(static_cb_0.days120_123L),split,233,0.01823161189
lightgbm,4,SUM(static_cb_0.days30_165L),split,84,0.006572769953
lightgbm,4,MAX_MIN_DELTA(applprev_2.num_group2),split,5,0.0003912363067
lightgbm,4,MONTH(date_decision),split,105,0.008215962441
lightgbm,4,SEASON(date_decision),split,26,0.002034428795
lightgbm,4,WEEKDAY(date_decision),split,85,0.006651017214
xgboost,4,COUNT(person_1),gain,45.43777084,0.007861502346
xgboost,4,MODE(person_1.contaddr_district_15M),gain,41.60721588,0.007198751593
xgboost,4,MODE(person_1.contaddr_zipcode_807M),gain,61.54715729,0.01064869848
xgboost,4,MODE(person_1.education_927M),gain,37.40484238,0.006471669949
xgboost,4,MODE(person_1.empladdr_district_926M),gain,39.68004608,0.006865318645
xgboost,4,MODE(person_1.empladdr_zipcode_114M),gain,41.31507874,0.007148206929
xgboost,4,MODE(person_1.incometype_1044T),gain,104.5356293,0.01808643073
xgboost,4,MODE(person_1.language1_981M),gain,20.02470207,0.003464611916
xgboost,4,MODE(person_1.role_1084L),gain,14.12607956,0.002444050523
xgboost,4,MODE(person_1.sex_738L),gain,93.82204437,0.01623279946
xgboost,4,MODE(person_1.type_25L),gain,16.41334724,0.002839786492
xgboost,4,COUNT(credit_bureau_a_1),gain,91.50738525,0.01583232431
xgboost,4,MAX(credit_bureau_a_1.dpdmax_139P),gain,114.6241455,0.01983191455
xgboost,4,MAX(credit_bureau_a_1.dpdmax_757P),gain,59.62988281,0.01031697759
xgboost,4,MAX(credit_bureau_a_1.instlamount_768A),gain,72.14802551,0.01248282786
xgboost,4,MAX(credit_bureau_a_1.nominalrate_281L),gain,67.0708313,0.01160438745
xgboost,4,MAX(credit_bureau_a_1.nominalrate_498L),gain,30.69950294,0.005311532893
xgboost,4,MAX(credit_bureau_a_1.numberofcontrsvalue_358L),gain,141.6899414,0.02451475471
xgboost,4,MAX(credit_bureau_a_1.numberofinstls_320L),gain,105.1829834,0.01819843393
xgboost,4,MAX(credit_bureau_a_1.outstandingamount_354A),gain,26.31344986,0.004552671576
xgboost,4,MAX(credit_bureau_a_1.overdueamount_31A),gain,0,0
xgboost,4,MAX(credit_bureau_a_1.overdueamountmax2_398A),gain,20.6812191,0.003578200459
xgboost,4,MAX(credit_bureau_a_1.residualamount_488A),gain,124.093483,0.02147026998
xgboost,4,MAX_MIN_DELTA(credit_bureau_a_1.dpdmax_757P),gain,51.70884323,0.008946503863
xgboost,4,MAX_MIN_DELTA(credit_bureau_a_1.dpdmaxdatemonth_442T),gain,78.18695068,0.01352766399
xgboost,4,MAX_MIN_DELTA(credit_bureau_a_1.dpdmaxdateyear_596T),gain,83.21060181,0.01439684054
xgboost,4,MIN(credit_bureau_a_1.monthlyinstlamount_674A),gain,14.33750916,0.002480631417
xgboost,4,MIN(credit_bureau_a_1.overdueamountmax2_398A),gain,69.69866943,0.01205904786
xgboost,4,MODE(credit_bureau_a_1.classificationofcontr_400M),gain,48.72351456,0.008429991544
xgboost,4,MODE(credit_bureau_a_1.contractst_964M),gain,0,0
xgboost,4,MODE(credit_bureau_a_1.financialinstitution_382M),gain,57.05501556,0.009871482037
xgboost,4,STD(credit_bureau_a_1.dpdmax_139P),gain,28.76447105,0.00497673967
xgboost,4,STD(credit_bureau_a_1.nominalrate_498L),gain,11.79898834,0.00204142441
xgboost,4,SUM(credit_bureau_a_1.dpdmax_139P),gain,273.5312195,0.0473255242
xgboost,4,SUM(credit_bureau_a_1.overdueamountmax2_398A),gain,15.78159332,0.002730482386
xgboost,4,SUM(credit_bureau_a_1.periodicityofpmts_837L),gain,188.9310455,0.03268826419
xgboost,4,MODE(tax_registry_a_1.name_4527232M),gain,11.02375793,0.001907296446
xgboost,4,ENTROPY(applprev_1.cancelreason_3545846M),gain,8.64842701,0.001496324049
xgboost,4,MAX(applprev_1.byoccupationinc_3656910L),gain,27.68638802,0.004790213083
xgboost,4,MAX(applprev_1.childnum_21L),gain,47.94166565,0.008294718468
xgboost,4,MAX(applprev_1.downpmt_134A),gain,10.76851654,0.001863135371
xgboost,4,MAX(applprev_1.maxdpdtolerance_577P),gain,207.6731262,0.03593096093
xgboost,4,MEAN(applprev_1.currdebt_94A),gain,41.62705994,0.00720218495
xgboost,4,MIN(applprev_1.credacc_credlmt_575A),gain,0,0
xgboost,4,MIN(applprev_1.currdebt_94A),gain,22.6685791,0.003922047329
xgboost,4,MODE(applprev_1.postype_4733339M),gain,0,0
xgboost,4,MODE(applprev_1.status_219L),gain,234.5264282,0.04057703605
xgboost,4,SKEW(applprev_1.actualdpd_943P),gain,12.37358284,0.00214083897
xgboost,4,SKEW(applprev_1.currdebt_94A),gain,22.85589409,0.003954455988
xgboost,4,STD(applprev_1.actualdpd_943P),gain,30.79125023,0.005327406724
xgboost,4,STD(applprev_1.childnum_21L),gain,17.11558342,0.00296128522
xgboost,4,STD(applprev_1.maxdpdtolerance_577P),gain,61.85945892,0.01070273194
xgboost,4,SUM(applprev_1.maxdpdtolerance_577P),gain,40.01477432,0.006923232288
xgboost,4,MEAN(credit_bureau_a_2.pmts_overdue_1152A),gain,127.2899246,0.02202330842
xgboost,4,MIN(credit_bureau_a_2.pmts_overdue_1152A),gain,0,0
xgboost,4,MAX(static_0.avgdbddpdlast3m_4187120P),gain,68.39415741,0.01183334523
xgboost,4,MAX(static_0.avgpmtlast12m_4525200A),gain,0,0
xgboost,4,MAX(static_0.eir_270L),gain,57.43323135,0.009936919762
xgboost,4,MAX(static_0.homephncnt_628L),gain,59.11628342,0.01022811622
xgboost,4,MAX(static_0.lastrejectcredamount_222A),gain,6.67527771,0.001154935869
xgboost,4,MAX(static_0.maininc_215A),gain,6.761294365,0.001169818205
xgboost,4,MAX(static_0.maxdpdinstlnum_3546846P),gain,28.10905457,0.00486334154
xgboost,4,MAX(static_0.maxinstallast24m_3658928A),gain,19.8797226,0.003439528016
xgboost,4,MAX(static_0.maxlnamtstart6m_4525199A),gain,0,0
xgboost,4,MAX(static_0.maxpmtlast3m_4525190A),gain,0,0
xgboost,4,MAX(static_0.mobilephncnt_593L),gain,74.04518127,0.01281106787
xgboost,4,MAX(static_0.numactivecreds_622L),gain,21.15320587,0.003659862148
xgboost,4,MAX(static_0.numactiverelcontr_750L),gain,18.77415276,0.003248245748
xgboost,4,MAX(static_0.numcontrs3months_479L),gain,62.82032776,0.01086897849
xgboost,4,MAX(static_0.numrejects9m_859L),gain,144.1556549,0.02494136482
xgboost,4,MODE(static_0.bankacctype_710L),gain,91.03593445,0.01575075535
xgboost,4,MODE(static_0.credtype_322L),gain,62.82337952,0.0108695065
xgboost,4,MODE(static_0.disbursementtype_67L),gain,59.64138412,0.01031896751
xgboost,4,MODE(static_0.lastapprcommoditycat_1041M),gain,21.64656067,0.003745220866
xgboost,4,MODE(static_0.lastapprcommoditytypec_5251766M),gain,0,0
xgboost,4,MODE(static_0.lastcancelreason_561M),gain,135.2071228,0.02339311752
xgboost,4,MODE(static_0.lastrejectcommoditycat_161M),gain,24.48913574,0.004237034399
xgboost,4,MODE(static_0.lastrejectcommodtypec_5251769M),gain,0,0
xgboost,4,MODE(static_0.lastrejectreason_759M),gain,131.4972229,0.02275124213
xgboost,4,MODE(static_0.lastrejectreasonclient_4145040M),gain,18.15790939,0.00314162523
xgboost,4,MODE(static_0.lastst_736L),gain,31.43984604,0.005439624762
xgboost,4,MODE(static_0.previouscontdistrict_112M),gain,46.80545807,0.008098135353
xgboost,4,MODE(static_0.typesuite_864L),gain,36.60225677,0.006332809074
xgboost,4,SUM(static_0.avgdbddpdlast24m_3658932P),gain,192.6698456,0.03333513979
xgboost,4,SUM(static_0.maxdpdlast12m_727P),gain,190.9671021,0.03304053638
xgboost,4,SUM(static_0.numinstlswithdpd10_728L),gain,203.3100281,0.03517607121
xgboost,4,SUM(static_0.pmtnum_254L),gain,71.09590149,0.01230079262
xgboost,4,COUNT(person_2),gain,98.82025146,0.01709757377
xgboost,4,MAX(static_cb_0.pmtscount_423L),gain,93.23731232,0.01613163093
xgboost,4,MODE(static_cb_0.description_5085714M),gain,0,0
xgboost,4,MODE(static_cb_0.education_1103M),gain,44.59995651,0.007716546306
xgboost,4,MODE(static_cb_0.education_88M),gain,93.90969849,0.0162479651
xgboost,4,MODE(static_cb_0.maritalst_385M),gain,31.10684586,0.005382010102
xgboost,4,MODE(static_cb_0.requesttype_4525192L),gain,29.62365913,0.00512539373
xgboost,4,SUM(static_cb_0.days120_123L),gain,112.3178101,0.01943287954
xgboost,4,SUM(static_cb_0.days30_165L),gain,74.4838028,0.01288695681
xgboost,4,MAX_MIN_DELTA(applprev_2.num_group2),gain,15.31418037,0.002649612045
xgboost,4,MONTH(date_decision),gain,20.61605644,0.003566926217
xgboost,4,SEASON(date_decision),gain,40.57693863,0.007020496215
xgboost,4,WEEKDAY(date_decision),gain,24.32139206,0.004208011907
xgboost,4,COUNT(person_1),weight,11,0.001236232861
xgboost,4,MODE(person_1.contaddr_district_15M),weight,1042,0.1171049674
xgboost,4,MODE(person_1.contaddr_zipcode_807M),weight,1418,0.1593616543
xgboost,4,MODE(person_1.education_927M),weight,16,0.001798156889
xgboost,4,MODE(person_1.empladdr_district_926M),weight,56,0.006293549112
xgboost,4,MODE(person_1.empladdr_zipcode_114M),weight,59,0.006630703529
xgboost,4,MODE(person_1.incometype_1044T),weight,222,0.02494942684
xgboost,4,MODE(person_1.language1_981M),weight,9,0.00101146325
xgboost,4,MODE(person_1.role_1084L),weight,4,0.0004495392223
xgboost,4,MODE(person_1.sex_738L),weight,109,0.01224994381
xgboost,4,MODE(person_1.type_25L),weight,6,0.0006743088334
xgboost,4,COUNT(credit_bureau_a_1),weight,24,0.002697235334
xgboost,4,MAX(credit_bureau_a_1.dpdmax_139P),weight,112,0.01258709822
xgboost,4,MAX(credit_bureau_a_1.dpdmax_757P),weight,72,0.008091706001
xgboost,4,MAX(credit_bureau_a_1.instlamount_768A),weight,110,0.01236232861
xgboost,4,MAX(credit_bureau_a_1.nominalrate_281L),weight,50,0.005619240279
xgboost,4,MAX(credit_bureau_a_1.nominalrate_498L),weight,20,0.002247696111
xgboost,4,MAX(credit_bureau_a_1.numberofcontrsvalue_358L),weight,166,0.01865587773
xgboost,4,MAX(credit_bureau_a_1.numberofinstls_320L),weight,82,0.009215554057
xgboost,4,MAX(credit_bureau_a_1.outstandingamount_354A),weight,4,0.0004495392223
xgboost,4,MAX(credit_bureau_a_1.overdueamount_31A),weight,0,0
xgboost,4,MAX(credit_bureau_a_1.overdueamountmax2_398A),weight,4,0.0004495392223
xgboost,4,MAX(credit_bureau_a_1.residualamount_488A),weight,7,0.000786693639
xgboost,4,MAX_MIN_DELTA(credit_bureau_a_1.dpdmax_757P),weight,19,0.002135311306
xgboost,4,MAX_MIN_DELTA(credit_bureau_a_1.dpdmaxdatemonth_442T),weight,14,0.001573387278
xgboost,4,MAX_MIN_DELTA(credit_bureau_a_1.dpdmaxdateyear_596T),weight,95,0.01067655653
xgboost,4,MIN(credit_bureau_a_1.monthlyinstlamount_674A),weight,2,0.0002247696111
xgboost,4,MIN(credit_bureau_a_1.overdueamountmax2_398A),weight,17,0.001910541695
xgboost,4,MODE(credit_bureau_a_1.classificationofcontr_400M),weight,4,0.0004495392223
xgboost,4,MODE(credit_bureau_a_1.contractst_964M),weight,0,0
xgboost,4,MODE(credit_bureau_a_1.financialinstitution_382M),weight,77,0.008653630029
xgboost,4,STD(credit_bureau_a_1.dpdmax_139P),weight,19,0.002135311306
xgboost,4,STD(credit_bureau_a_1.nominalrate_498L),weight,1,0.0001123848056
xgboost,4,SUM(credit_bureau_a_1.dpdmax_139P),weight,181,0.02034164981
xgboost,4,SUM(credit_bureau_a_1.overdueamountmax2_398A),weight,14,0.001573387278
xgboost,4,SUM(credit_bureau_a_1.periodicityofpmts_837L),weight,9,0.00101146325
xgboost,4,MODE(tax_registry_a_1.name_4527232M),weight,3,0.0003371544167
xgboost,4,ENTROPY(applprev_1.cancelreason_3545846M),weight,20,0.002247696111
xgboost,4,MAX(applprev_1.byoccupationinc_3656910L),weight,34,0.00382108339
xgboost,4,MAX(applprev_1.childnum_21L),weight,44,0.004944931445
xgboost,4,MAX(applprev_1.downpmt_134A),weight,6,0.0006743088334
xgboost,4,MAX(applprev_1.maxdpdtolerance_577P),weight,83,0.009327938863
xgboost,4,MEAN(applprev_1.currdebt_94A),weight,176,0.01977972578
xgboost,4,MIN(applprev_1.credacc_credlmt_575A),weight,0,0
xgboost,4,MIN(applprev_1.currdebt_94A),weight,1,0.0001123848056
xgboost,4,MODE(applprev_1.postype_4733339M),weight,0,0
xgboost,4,MODE(applprev_1.status_219L),weight,96,0.01078894134
xgboost,4,SKEW(applprev_1.actualdpd_943P),weight,4,0.0004495392223
xgboost,4,SKEW(applprev_1.currdebt_94A),weight,8,0.0008990784446
xgboost,4,STD(applprev_1.actualdpd_943P),weight,3,0.0003371544167
xgboost,4,STD(applprev_1.childnum_21L),weight,12,0.001348617667
xgboost,4,STD(applprev_1.maxdpdtolerance_577P),weight,41,0.004607777029
xgboost,4,SUM(applprev_1.maxdpdtolerance_577P),weight,54,0.006068779501
xgboost,4,MEAN(credit_bureau_a_2.pmts_overdue_1152A),weight,70,0.00786693639
xgboost,4,MIN(credit_bureau_a_2.pmts_overdue_1152A),weight,0,0
xgboost,4,MAX(static_0.avgdbddpdlast3m_4187120P),weight,62,0.006967857946
xgboost,4,MAX(static_0.avgpmtlast12m_4525200A),weight,0,0
xgboost,4,MAX(static_0.eir_270L),weight,101,0.01135086536
xgboost,4,MAX(static_0.homephncnt_628L),weight,51,0.005731625084
xgboost,4,MAX(static_0.lastrejectcredamount_222A),weight,23,0.002584850528
xgboost,4,MAX(static_0.maininc_215A),weight,41,0.004607777029
xgboost,4,MAX(static_0.maxdpdinstlnum_3546846P),weight,56,0.006293549112
xgboost,4,MAX(static_0.maxinstallast24m_3658928A),weight,59,0.006630703529
xgboost,4,MAX(static_0.maxlnamtstart6m_4525199A),weight,0,0
xgboost,4,MAX(static_0.maxpmtlast3m_4525190A),weight,0,0
xgboost,4,MAX(static_0.mobilephncnt_593L),weight,149,0.01674533603
xgboost,4,MAX(static_0.numactivecreds_622L),weight,1,0.0001123848056
xgboost,4,MAX(static_0.numactiverelcontr_750L),weight,2,0.0002247696111
xgboost,4,MAX(static_0.numcontrs3months_479L),weight,35,0.003933468195
xgboost,4,MAX(static_0.numrejects9m_859L),weight,44,0.004944931445
xgboost,4,MODE(static_0.bankacctype_710L),weight,11,0.001236232861
xgboost,4,MODE(static_0.credtype_322L),weight,81,0.009103169252
xgboost,4,MODE(static_0.disbursementtype_67L),weight,90,0.0101146325
xgboost,4,MODE(static_0.lastapprcommoditycat_1041M),weight,112,0.01258709822
xgboost,4,MODE(static_0.lastapprcommoditytypec_5251766M),weight,0,0
xgboost,4,MODE(static_0.lastcancelreason_561M),weight,50,0.005619240279
xgboost,4,MODE(static_0.lastrejectcommoditycat_161M),weight,20,0.002247696111
xgboost,4,MODE(static_0.lastrejectcommodtypec_5251769M),weight,0,0
xgboost,4,MODE(static_0.lastrejectreason_759M),weight,52,0.00584400989
xgboost,4,MODE(static_0.lastrejectreasonclient_4145040M),weight,14,0.001573387278
xgboost,4,MODE(static_0.lastst_736L),weight,41,0.004607777029
xgboost,4,MODE(static_0.previouscontdistrict_112M),weight,1605,0.1803776129
xgboost,4,MODE(static_0.typesuite_864L),weight,15,0.001685772084
xgboost,4,SUM(static_0.avgdbddpdlast24m_3658932P),weight,104,0.01168801978
xgboost,4,SUM(static_0.maxdpdlast12m_727P),weight,145,0.01629579681
xgboost,4,SUM(static_0.numinstlswithdpd10_728L),weight,90,0.0101146325
xgboost,4,SUM(static_0.pmtnum_254L),weight,201,0.02258934592
xgboost,4,COUNT(person_2),weight,14,0.001573387278
xgboost,4,MAX(static_cb_0.pmtscount_423L),weight,146,0.01640818161
xgboost,4,MODE(static_cb_0.description_5085714M),weight,0,0
xgboost,4,MODE(static_cb_0.education_1103M),weight,52,0.00584400989
xgboost,4,MODE(static_cb_0.education_88M),weight,1,0.0001123848056
xgboost,4,MODE(static_cb_0.maritalst_385M),weight,43,0.00483254664
xgboost,4,MODE(static_cb_0.requesttype_4525192L),weight,2,0.0002247696111
xgboost,4,SUM(static_cb_0.days120_123L),weight,205,0.02303888514
xgboost,4,SUM(static_cb_0.days30_165L),weight,77,0.008653630029
xgboost,4,MAX_MIN_DELTA(applprev_2.num_group2),weight,7,0.000786693639
xgboost,4,MONTH(date_decision),weight,254,0.02854574062
xgboost,4,SEASON(date_decision),weight,19,0.002135311306
xgboost,4,WEEKDAY(date_decision),weight,113,0.01269948303
lightgbm,5,COUNT(person_1),gain,587.1629992,0.000642143858
lightgbm,5,MODE(person_1.contaddr_district_15M),gain,71501.40863,0.07819666848
lightgbm,5,MODE(person_1.contaddr_zipcode_807M),gain,158066.4866,0.1728675405
lightgbm,5,MODE(person_1.education_927M),gain,878.7682629,0.0009610545
lightgbm,5,MODE(person_1.empladdr_district_926M),gain,6040.119908,0.006605705581
lightgbm,5,MODE(person_1.empladdr_zipcode_114M),gain,1189.421148,0.001300796348
lightgbm,5,MODE(person_1.incometype_1044T),gain,24405.90286,0.02669122653
lightgbm,5,MODE(person_1.language1_981M),gain,884.280592,0.0009670829934
lightgbm,5,MODE(person_1.role_1084L),gain,466.8985004,0.0005106180137
lightgbm,5,MODE(person_1.sex_738L),gain,12641.88426,0.01382564696
lightgbm,5,MODE(person_1.type_25L),gain,202.0584602,0.0002209788413
lightgbm,5,COUNT(credit_bureau_a_1),gain,3040.113356,0.003324783956
lightgbm,5,MAX(credit_bureau_a_1.dpdmax_139P),gain,16717.5441,0.01828294406
lightgbm,5,MAX(credit_bureau_a_1.dpdmax_757P),gain,5731.622804,0.006268321377
lightgbm,5,MAX(credit_bureau_a_1.instlamount_768A),gain,11366.2017,0.01243051183
lightgbm,5,MAX(credit_bureau_a_1.nominalrate_281L),gain,5446.634105,0.005956646863
lightgbm,5,MAX(credit_bureau_a_1.nominalrate_498L),gain,1169.585487,0.001279103312
lightgbm,5,MAX(credit_bureau_a_1.numberofcontrsvalue_358L),gain,27111.94584,0.02965065837
lightgbm,5,MAX(credit_bureau_a_1.numberofinstls_320L),gain,10395.15317,0.01136853612
lightgbm,5,MAX(credit_bureau_a_1.outstandingamount_354A),gain,271.7589006,0.0002972059022
lightgbm,5,MAX(credit_bureau_a_1.overdueamount_31A),gain,0,0
lightgbm,5,MAX(credit_bureau_a_1.overdueamountmax2_398A),gain,1159.404171,0.001267968636
lightgbm,5,MAX(credit_bureau_a_1.residualamount_488A),gain,906.9831018,0.0009919113244
lightgbm,5,MAX_MIN_DELTA(credit_bureau_a_1.dpdmax_757P),gain,1360.876696,0.001488306676
lightgbm,5,MAX_MIN_DELTA(credit_bureau_a_1.dpdmaxdatemonth_442T),gain,1530.637181,0.00167396322
lightgbm,5,MAX_MIN_DELTA(credit_bureau_a_1.dpdmaxdateyear_596T),gain,10415.06516,0.01139031263
lightgbm,5,MIN(credit_bureau_a_1.monthlyinstlamount_674A),gain,299.9121876,0.0003279954109
lightgbm,5,MIN(credit_bureau_a_1.overdueamountmax2_398A),gain,2384.084392,0.002607325651
lightgbm,5,MODE(credit_bureau_a_1.classificationofcontr_400M),gain,436.7122355,0.0004776051626
lightgbm,5,MODE(credit_bureau_a_1.contractst_964M),gain,15.73330021,1.720653738e-05
lightgbm,5,MODE(credit_bureau_a_1.financialinstitution_382M),gain,5454.60463,0.005965363734
lightgbm,5,STD(credit_bureau_a_1.dpdmax_139P),gain,611.8921404,0.0006691885903
lightgbm,5,STD(credit_bureau_a_1.nominalrate_498L),gain,170.049161,0.0001859722503
lightgbm,5,SUM(credit_bureau_a_1.dpdmax_139P),gain,48916.70998,0.05349718036
lightgbm,5,SUM(credit_bureau_a_1.overdueamountmax2_398A),gain,562.847105,0.0006155510684
lightgbm,5,SUM(credit_bureau_a_1.periodicityofpmts_837L),gain,1912.736473,0.002091841584
lightgbm,5,MODE(tax_registry_a_1.name_4527232M),gain,864.3084993,0.0009452407509
lightgbm,5,ENTROPY(applprev_1.cancelreason_3545846M),gain,300.8318119,0.0003290011472
lightgbm,5,MAX(applprev_1.byoccupationinc_3656910L),gain,1233.842276,0.001349376988
lightgbm,5,MAX(applprev_1.childnum_21L),gain,2407.065751,0.002632458942
lightgbm,5,MAX(applprev_1.downpmt_134A),gain,560.7756014,0.000613285593
lightgbm,5,MAX(applprev_1.maxdpdtolerance_577P),gain,22280.70583,0.02436702998
lightgbm,5,MEAN(applprev_1.currdebt_94A),gain,9419.420463,0.0103014376
lightgbm,5,MIN(applprev_1.credacc_credlmt_575A),gain,528.3879957,0.0005778652718
lightgbm,5,MIN(applprev_1.currdebt_94A),gain,36.61159992,4.003984252e-05
lightgbm,5,MODE(applprev_1.postype_4733339M),gain,0,0
lightgbm,5,MODE(applprev_1.status_219L),gain,26857.81969,0.02937273632
lightgbm,5,SKEW(applprev_1.actualdpd_943P),gain,48.1824007,5.269411172e-05
lightgbm,5,SKEW(applprev_1.currdebt_94A),gain,1195.570297,0.001307521292
lightgbm,5,STD(applprev_1.actualdpd_943P),gain,659.829792,0.0007216150351
lightgbm,5,STD(applprev_1.childnum_21L),gain,547.5246572,0.0005987938549
lightgbm,5,STD(applprev_1.maxdpdtolerance_577P),gain,3056.358402,0.003342550158
lightgbm,5,SUM(applprev_1.maxdpdtolerance_577P),gain,4108.844524,0.004493589137
lightgbm,5,MEAN(credit_bureau_a_2.pmts_overdue_1152A),gain,12587.29542,0.01376594652
lightgbm,5,MIN(credit_bureau_a_2.pmts_overdue_1152A),gain,0,0
lightgbm,5,MAX(static_0.avgdbddpdlast3m_4187120P),gain,6678.354514,0.007303703297
lightgbm,5,MAX(static_0.avgpmtlast12m_4525200A),gain,265.603241,0.0002904738379
lightgbm,5,MAX(static_0.eir_270L),gain,9510.133627,0.01040064498
lightgbm,5,MAX(static_0.homephncnt_628L),gain,3655.520885,0.003997817109
lightgbm,5,MAX(static_0.lastrejectcredamount_222A),gain,377.7153921,0.0004130839638
lightgbm,5,MAX(static_0.maininc_215A),gain,1115.727394,0.001220202047
lightgbm,5,MAX(static_0.maxdpdinstlnum_3546846P),gain,3727.960196,0.004077039504
lightgbm,5,MAX(static_0.maxinstallast24m_3658928A),gain,2417.263445,0.00264361153
lightgbm,5,MAX(static_0.maxlnamtstart6m_4525199A),gain,51.84630013,5.670109192e-05
lightgbm,5,MAX(static_0.maxpmtlast3m_4525190A),gain,0,0
lightgbm,5,MAX(static_0.mobilephncnt_593L),gain,14951.54282,0.01635157768
lightgbm,5,MAX(static_0.numactivecreds_622L),gain,321.9296179,0.0003520745127
lightgbm,5,MAX(static_0.numactiverelcontr_750L),gain,173.5396957,0.0001897896323
lightgbm,5,MAX(static_0.numcontrs3months_479L),gain,2781.227846,0.003041656885
lightgbm,5,MAX(static_0.numrejects9m_859L),gain,10037.91098,0.01097784243
lightgbm,5,MODE(static_0.bankacctype_710L),gain,1350.254429,0.00147668976
lightgbm,5,MODE(static_0.credtype_322L),gain,6442.035543,0.007045255854
lightgbm,5,MODE(static_0.disbursementtype_67L),gain,7595.709816,0.008306958055
lightgbm,5,MODE(static_0.lastapprcommoditycat_1041M),gain,4042.523087,0.004421057482
lightgbm,5,MODE(static_0.lastapprcommoditytypec_5251766M),gain,0,0
lightgbm,5,MODE(static_0.lastcancelreason_561M),gain,8548.180689,0.009348616541
lightgbm,5,MODE(static_0.lastrejectcommoditycat_161M),gain,1864.527384,0.002039118284
lightgbm,5,MODE(static_0.lastrejectcommodtypec_5251769M),gain,0,0
lightgbm,5,MODE(static_0.lastrejectreason_759M),gain,8983.856682,0.009825088429
lightgbm,5,MODE(static_0.lastrejectreasonclient_4145040M),gain,70.98643017,7.763346839e-05
lightgbm,5,MODE(static_0.lastst_736L),gain,2071.054283,0.002264983981
lightgbm,5,MODE(static_0.previouscontdistrict_112M),gain,130022.0895,0.1421971178
lightgbm,5,MODE(static_0.typesuite_864L),gain,542.8569031,0.0005936890209
lightgbm,5,SUM(static_0.avgdbddpdlast24m_3658932P),gain,27416.99108,0.02998426749
lightgbm,5,SUM(static_0.maxdpdlast12m_727P),gain,33023.87268,0.03611616713
lightgbm,5,SUM(static_0.numinstlswithdpd10_728L),gain,20551.60471,0.02247601902
lightgbm,5,SUM(static_0.pmtnum_254L),gain,17037.48731,0.01863284616
lightgbm,5,COUNT(person_2),gain,2312.411189,0.002528941102
lightgbm,5,MAX(static_cb_0.pmtscount_423L),gain,15995.80421,0.01749362177
lightgbm,5,MODE(static_cb_0.description_5085714M),gain,0,0
lightgbm,5,MODE(static_cb_0.education_1103M),gain,2606.142985,0.002850177401
lightgbm,5,MODE(static_cb_0.education_88M),gain,159.6170959,0.000174563346
lightgbm,5,MODE(static_cb_0.maritalst_385M),gain,1601.114998,0.001751040449
lightgbm,5,MODE(static_cb_0.requesttype_4525192L),gain,1695.616095,0.001854390454
lightgbm,5,SUM(static_cb_0.days120_123L),gain,25522.38842,0.02791225773
lightgbm,5,SUM(static_cb_0.days30_165L),gain,7666.686029,0.00838458035
lightgbm,5,MAX_MIN_DELTA(applprev_2.num_group2),gain,140.5480604,0.0001537087212
lightgbm,5,MONTH(date_decision),gain,5747.37593,0.006285549597
lightgbm,5,SEASON(date_decision),gain,695.2926941,0.0007603986179
lightgbm,5,WEEKDAY(date_decision),gain,3659.339856,0.004001993682
lightgbm,5,COUNT(person_1),split,28,0.001507808293
lightgbm,5,MODE(person_1.contaddr_district_15M),split,2293,0.1234787291
lightgbm,5,MODE(person_1.contaddr_zipcode_807M),split,5345,0.2878298331
lightgbm,5,MODE(person_1.education_927M),split,37,0.001992460959
lightgbm,5,MODE(person_1.empladdr_district_926M),split,314,0.016908993
lightgbm,5,MODE(person_1.empladdr_zipcode_114M),split,82,0.004415724286
lightgbm,5,MODE(person_1.incometype_1044T),split,221,0.01190091546
lightgbm,5,MODE(person_1.language1_981M),split,28,0.001507808293
lightgbm,5,MODE(person_1.role_1084L),split,15,0.0008077544426
lightgbm,5,MODE(person_1.sex_738L),split,121,0.006515885837
lightgbm,5,MODE(person_1.type_25L),split,14,0.0007539041465
lightgbm,5,COUNT(credit_bureau_a_1),split,55,0.00296176629
lightgbm,5,MAX(credit_bureau_a_1.dpdmax_139P),split,140,0.007539041465
lightgbm,5,MAX(credit_bureau_a_1.dpdmax_757P),split,85,0.004577275175
lightgbm,5,MAX(credit_bureau_a_1.instlamount_768A),split,203,0.01093161012
lightgbm,5,MAX(credit_bureau_a_1.nominalrate_281L),split,101,0.005438879914
lightgbm,5,MAX(credit_bureau_a_1.nominalrate_498L),split,45,0.002423263328
lightgbm,5,MAX(credit_bureau_a_1.numberofcontrsvalue_358L),split,205,0.01103931072
lightgbm,5,MAX(credit_bureau_a_1.numberofinstls_320L),split,179,0.009639203016
lightgbm,5,MAX(credit_bureau_a_1.outstandingamount_354A),split,11,0.0005923532579
lightgbm,5,MAX(credit_bureau_a_1.overdueamount_31A),split,0,0
lightgbm,5,MAX(credit_bureau_a_1.overdueamountmax2_398A),split,40,0.002154011847
lightgbm,5,MAX(credit_bureau_a_1.residualamount_488A),split,17,0.000915455035
lightgbm,5,MAX_MIN_DELTA(credit_bureau_a_1.dpdmax_757P),split,24,0.001292407108
lightgbm,5,MAX_MIN_DELTA(credit_bureau_a_1.dpdmaxdatemonth_442T),split,27,0.001453957997
lightgbm,5,MAX_MIN_DELTA(credit_bureau_a_1.dpdmaxdateyear_596T),split,114,0.006138933764
lightgbm,5,MIN(credit_bureau_a_1.monthlyinstlamount_674A),split,17,0.000915455035
lightgbm,5,MIN(credit_bureau_a_1.overdueamountmax2_398A),split,35,0.001884760366
lightgbm,5,MODE(credit_bureau_a_1.classificationofcontr_400M),split,12,0.0006462035541
lightgbm,5,MODE(credit_bureau_a_1.contractst_964M),split,1,5.385029618e-05
lightgbm,5,MODE(credit_bureau_a_1.financialinstitution_382M),split,165,0.008885298869
lightgbm,5,STD(credit_bureau_a_1.dpdmax_139P),split,34,0.00183091007
lightgbm,5,STD(credit_bureau_a_1.nominalrate_498L),split,12,0.0006462035541
lightgbm,5,SUM(credit_bureau_a_1.dpdmax_139P),split,187,0.01007000539
lightgbm,5,SUM(credit_bureau_a_1.overdueamountmax2_398A),split,29,0.001561658589
lightgbm,5,SUM(credit_bureau_a_1.periodicityofpmts_837L),split,8,0.0004308023694
lightgbm,5,MODE(tax_registry_a_1.name_4527232M),split,37,0.001992460959
lightgbm,5,ENTROPY(applprev_1.cancelreason_3545846M),split,22,0.001184706516
lightgbm,5,MAX(applprev_1.byoccupationinc_3656910L),split,51,0.002746365105
lightgbm,5,MAX(applprev_1.childnum_21L),split,67,0.003607969844
lightgbm,5,MAX(applprev_1.downpmt_134A),split,39,0.002100161551
lightgbm,5,MAX(applprev_1.maxdpdtolerance_577P),split,75,0.004038772213
lightgbm,5,MEAN(applprev_1.currdebt_94A),split,216,0.01163166397
lightgbm,5,MIN(applprev_1.credacc_credlmt_575A),split,29,0.001561658589
lightgbm,5,MIN(applprev_1.currdebt_94A),split,3,0.0001615508885
lightgbm,5,MODE(applprev_1.postype_4733339M),split,0,0
lightgbm,5,MODE(applprev_1.status_219L),split,63,0.003392568659
lightgbm,5,SKEW(applprev_1.actualdpd_943P),split,4,0.0002154011847
lightgbm,5,SKEW(applprev_1.currdebt_94A),split,29,0.001561658589
lightgbm,5,STD(applprev_1.actualdpd_943P),split,28,0.001507808293
lightgbm,5,STD(applprev_1.childnum_21L),split,27,0.001453957997
lightgbm,5,STD(applprev_1.maxdpdtolerance_577P),split,60,0.003231017771
lightgbm,5,SUM(applprev_1.maxdpdtolerance_577P),split,70,0.003769520732
lightgbm,5,MEAN(credit_bureau_a_2.pmts_overdue_1152A),split,102,0.00549273021
lightgbm,5,MIN(credit_bureau_a_2.pmts_overdue_1152A),split,0,0
lightgbm,5,MAX(static_0.avgdbddpdlast3m_4187120P),split,93,0.005008077544
lightgbm,5,MAX(static_0.avgpmtlast12m_4525200A),split,9,0.0004846526656
lightgbm,5,MAX(static_0.eir_270L),split,193,0.01039310716
lightgbm,5,MAX(static_0.homephncnt_628L),split,56,0.003015616586
lightgbm,5,MAX(static_0.lastrejectcredamount_222A),split,26,0.001400107701
lightgbm,5,MAX(static_0.maininc_215A),split,60,0.003231017771
lightgbm,5,MAX(static_0.maxdpdinstlnum_3546846P),split,117,0.006300484653
lightgbm,5,MAX(static_0.maxinstallast24m_3658928A),split,107,0.005761981691
lightgbm,5,MAX(static_0.maxlnamtstart6m_4525199A),split,4,0.0002154011847
lightgbm,5,MAX(static_0.maxpmtlast3m_4525190A),split,0,0
lightgbm,5,MAX(static_0.mobilephncnt_593L),split,210,0.0113085622
lightgbm,5,MAX(static_0.numactivecreds_622L),split,11,0.0005923532579
lightgbm,5,MAX(static_0.numactiverelcontr_750L),split,2,0.0001077005924
lightgbm,5,MAX(static_0.numcontrs3months_479L),split,53,0.002854065697
lightgbm,5,MAX(static_0.numrejects9m_859L),split,81,0.00436187399
lightgbm,5,MODE(static_0.bankacctype_710L),split,10,0.0005385029618
lightgbm,5,MODE(static_0.credtype_322L),split,115,0.00619278406
lightgbm,5,MODE(static_0.disbursementtype_67L),split,138,0.007431340872
lightgbm,5,MODE(static_0.lastapprcommoditycat_1041M),split,158,0.008508346796
lightgbm,5,MODE(static_0.lastapprcommoditytypec_5251766M),split,0,0
lightgbm,5,MODE(static_0.lastcancelreason_561M),split,167,0.008992999461
lightgbm,5,MODE(static_0.lastrejectcommoditycat_161M),split,104,0.005600430802
lightgbm,5,MODE(static_0.lastrejectcommodtypec_5251769M),split,0,0
lightgbm,5,MODE(static_0.lastrejectreason_759M),split,60,0.003231017771
lightgbm,5,MODE(static_0.lastrejectreasonclient_4145040M),split,5,0.0002692514809
lightgbm,5,MODE(static_0.lastst_736L),split,58,0.003123317178
lightgbm,5,MODE(static_0.previouscontdistrict_112M),split,3791,0.2041464728
lightgbm,5,MODE(static_0.typesuite_864L),split,19,0.001023155627
lightgbm,5,SUM(static_0.avgdbddpdlast24m_3658932P),split,140,0.007539041465
lightgbm,5,SUM(static_0.maxdpdlast12m_727P),split,158,0.008508346796
lightgbm,5,SUM(static_0.numinstlswithdpd10_728L),split,116,0.006246634356
lightgbm,5,SUM(static_0.pmtnum_254L),split,252,0.01357027464
lightgbm,5,COUNT(person_2),split,39,0.002100161551
lightgbm,5,MAX(static_cb_0.pmtscount_423L),split,215,0.01157781368
lightgbm,5,MODE(static_cb_0.description_5085714M),split,0,0
lightgbm,5,MODE(static_cb_0.education_1103M),split,58,0.003123317178
lightgbm,5,MODE(static_cb_0.education_88M),split,2,0.0001077005924
lightgbm,5,MODE(static_cb_0.maritalst_385M),split,56,0.003015616586
lightgbm,5,MODE(static_cb_0.requesttype_4525192L),split,26,0.001400107701
lightgbm,5,SUM(static_cb_0.days120_123L),split,272,0.01464728056
lightgbm,5,SUM(static_cb_0.days30_165L),split,101,0.005438879914
lightgbm,5,MAX_MIN_DELTA(applprev_2.num_group2),split,10,0.0005385029618
lightgbm,5,MONTH(date_decision),split,165,0.008885298869
lightgbm,5,SEASON(date_decision),split,27,0.001453957997
lightgbm,5,WEEKDAY(date_decision),split,120,0.006462035541
xgboost,5,COUNT(person_1),gain,34.14415741,0.006191050329
xgboost,5,MODE(person_1.contaddr_district_15M),gain,36.11176682,0.006547819093
xgboost,5,MODE(person_1.contaddr_zipcode_807M),gain,50.46047974,0.009149541045
xgboost,5,MODE(person_1.education_927M),gain,34.54506683,0.006263743598
xgboost,5,MODE(person_1.empladdr_district_926M),gain,28.3490963,0.005140284467
xgboost,5,MODE(person_1.empladdr_zipcode_114M),gain,34.67755508,0.006287766491
xgboost,5,MODE(person_1.incometype_1044T),gain,99.78921509,0.01809387315
xgboost,5,MODE(person_1.language1_981M),gain,22.47714424,0.004075576667
xgboost,5,MODE(person_1.role_1084L),gain,42.86404037,0.007772147606
xgboost,5,MODE(person_1.sex_738L),gain,98.84885406,0.01792336601
xgboost,5,MODE(person_1.type_25L),gain,14.20709324,0.002576043339
xgboost,5,COUNT(credit_bureau_a_1),gain,69.07835388,0.01252535127
xgboost,5,MAX(credit_bureau_a_1.dpdmax_139P),gain,92.65190887,0.01679973016
xgboost,5,MAX(credit_bureau_a_1.dpdmax_757P),gain,72.87078094,0.01321299767
xgboost,5,MAX(credit_bureau_a_1.instlamount_768A),gain,52.99848938,0.00960973531
xgboost,5,MAX(credit_bureau_a_1.nominalrate_281L),gain,53.52595139,0.009705375211
xgboost,5,MAX(credit_bureau_a_1.nominalrate_498L),gain,25.0837822,0.004548214681
xgboost,5,MAX(credit_bureau_a_1.numberofcontrsvalue_358L),gain,109.9425812,0.01993489092
xgboost,5,MAX(credit_bureau_a_1.numberofinstls_320L),gain,87.03801727,0.01578181412
xgboost,5,MAX(credit_bureau_a_1.outstandingamount_354A),gain,23.37112427,0.004237673955
xgboost,5,MAX(credit_bureau_a_1.overdueamount_31A),gain,16.88695145,0.003061957718
xgboost,5,MAX(credit_bureau_a_1.overdueamountmax2_398A),gain,9.949591637,0.001804069195
xgboost,5,MAX(credit_bureau_a_1.residualamount_488A),gain,146.3133698,0.02652967607
xgboost,5,MAX_MIN_DELTA(credit_bureau_a_1.dpdmax_757P),gain,34.42287827,0.006241588253
xgboost,5,MAX_MIN_DELTA(credit_bureau_a_1.dpdmaxdatemonth_442T),gain,47.22739029,0.008563314264
xgboost,5,MAX_MIN_DELTA(credit_bureau_a_1.dpdmaxdateyear_596T),gain,88.89650726,0.01611879725
xgboost,5,MIN(credit_bureau_a_1.monthlyinstlamount_674A),gain,23.34674263,0.004233253054
xgboost,5,MIN(credit_bureau_a_1.overdueamountmax2_398A),gain,92.49723053,0.01677168374
xgboost,5,MODE(credit_bureau_a_1.classificationofcontr_400M),gain,32.18289566,0.005835432527
xgboost,5,MODE(credit_bureau_a_1.contractst_964M),gain,7.26082468,0.001316539474
xgboost,5,MODE(credit_bureau_a_1.financialinstitution_382M),gain,49.47721863,0.008971255228
xgboost,5,STD(credit_bureau_a_1.dpdmax_139P),gain,14.75374889,0.00267516345
xgboost,5,STD(credit_bureau_a_1.nominalrate_498L),gain,8.995704651,0.001631109521
xgboost,5,SUM(credit_bureau_a_1.dpdmax_139P),gain,271.4331055,0.04921650275
xgboost,5,SUM(credit_bureau_a_1.overdueamountmax2_398A),gain,12.50614738,0.002267626257
xgboost,5,SUM(credit_bureau_a_1.periodicityofpmts_837L),gain,195.1078339,0.03537713362
xgboost,5,MODE(tax_registry_a_1.name_4527232M),gain,35.38797379,0.006416580269
xgboost,5,ENTROPY(applprev_1.cancelreason_3545846M),gain,7.525304317,0.001364495167
xgboost,5,MAX(applprev_1.byoccupationinc_3656910L),gain,20.28317451,0.003677764039
xgboost,5,MAX(applprev_1.childnum_21L),gain,37.72828293,0.006840927296
xgboost,5,MAX(applprev_1.downpmt_134A),gain,15.11147308,0.002740026333
xgboost,5,MAX(applprev_1.maxdpdtolerance_577P),gain,246.2556152,0.04465129684
xgboost,5,MEAN(applprev_1.currdebt_94A),gain,40.44864655,0.007334186154
xgboost,5,MIN(applprev_1.credacc_credlmt_575A),gain,23.79979706,0.004315401304
xgboost,5,MIN(applprev_1.currdebt_94A),gain,19.39488983,0.003516699435
xgboost,5,MODE(applprev_1.postype_4733339M),gain,0,0
xgboost,5,MODE(applprev_1.status_219L),gain,263.5954895,0.04779537894
xgboost,5,SKEW(applprev_1.actualdpd_943P),gain,3.210516691,0.0005821338678
xgboost,5,SKEW(applprev_1.currdebt_94A),gain,57.58061981,0.01044057146
xgboost,5,STD(applprev_1.actualdpd_943P),gain,25.68796921,0.004657766431
xgboost,5,STD(applprev_1.childnum_21L),gain,11.84566498,0.002147866974
xgboost,5,STD(applprev_1.maxdpdtolerance_577P),gain,59.18125153,0.01073079948
xgboost,5,SUM(applprev_1.maxdpdtolerance_577P),gain,72.52604675,0.01315049015
xgboost,5,MEAN(credit_bureau_a_2.pmts_overdue_1152A),gain,127.2419205,0.02307162318
xgboost,5,MIN(credit_bureau_a_2.pmts_overdue_1152A),gain,0,0
xgboost,5,MAX(static_0.avgdbddpdlast3m_4187120P),gain,64.37282562,0.01167214052
xgboost,5,MAX(static_0.avgpmtlast12m_4525200A),gain,8.682444572,0.001574308913
xgboost,5,MAX(static_0.eir_270L),gain,42.55912781,0.007716860576
xgboost,5,MAX(static_0.homephncnt_628L),gain,53.88372803,0.009770247604
xgboost,5,MAX(static_0.lastrejectcredamount_222A),gain,7.398743629,0.001341547066
xgboost,5,MAX(static_0.maininc_215A),gain,11.86458206,0.002151297037
xgboost,5,MAX(static_0.maxdpdinstlnum_3546846P),gain,31.75443268,0.005757743221
xgboost,5,MAX(static_0.maxinstallast24m_3658928A),gain,18.06921959,0.003276327676
xgboost,5,MAX(static_0.maxlnamtstart6m_4525199A),gain,4.169075012,0.0007559405528
xgboost,5,MAX(static_0.maxpmtlast3m_4525190A),gain,9.853363037,0.001786620936
xgboost,5,MAX(static_0.mobilephncnt_593L),gain,73.04712677,0.01324497286
xgboost,5,MAX(static_0.numactivecreds_622L),gain,33.69397736,0.006109423264
xgboost,5,MAX(static_0.numactiverelcontr_750L),gain,26.15631485,0.004742687298
xgboost,5,MAX(static_0.numcontrs3months_479L),gain,53.48841095,0.009698568344
xgboost,5,MAX(static_0.numrejects9m_859L),gain,162.8052368,0.02951999673
xgboost,5,MODE(static_0.bankacctype_710L),gain,118.830162,0.02154639533
xgboost,5,MODE(static_0.credtype_322L),gain,62.30506134,0.01129721158
xgboost,5,MODE(static_0.disbursementtype_67L),gain,57.54075623,0.01043334335
xgboost,5,MODE(static_0.lastapprcommoditycat_1041M),gain,21.14099312,0.003833304504
xgboost,5,MODE(static_0.lastapprcommoditytypec_5251766M),gain,0,0
xgboost,5,MODE(static_0.lastcancelreason_561M),gain,69.47341156,0.0125969835
xgboost,5,MODE(static_0.lastrejectcommoditycat_161M),gain,19.50940704,0.003537463802
xgboost,5,MODE(static_0.lastrejectcommodtypec_5251769M),gain,0,0
xgboost,5,MODE(static_0.lastrejectreason_759M),gain,101.7714233,0.01845328899
xgboost,5,MODE(static_0.lastrejectreasonclient_4145040M),gain,23.94839096,0.004342344488
xgboost,5,MODE(static_0.lastst_736L),gain,34.12546158,0.006187660383
xgboost,5,MODE(static_0.previouscontdistrict_112M),gain,42.2557869,0.00766185852
xgboost,5,MODE(static_0.typesuite_864L),gain,23.38793755,0.004240722555
xgboost,5,SUM(static_0.avgdbddpdlast24m_3658932P),gain,194.7016602,0.03530348583
xgboost,5,SUM(static_0.maxdpdlast12m_727P),gain,197.9172516,0.03588653985
xgboost,5,SUM(static_0.numinstlswithdpd10_728L),gain,161.6888123,0.02931756559
xgboost,5,SUM(static_0.pmtnum_254L),gain,66.3780365,0.01203572722
xgboost,5,COUNT(person_2),gain,83.67976379,0.01517289248
xgboost,5,MAX(static_cb_0.pmtscount_423L),gain,88.0082016,0.01595772884
xgboost,5,MODE(static_cb_0.description_5085714M),gain,0,0
xgboost,5,MODE(static_cb_0.education_1103M),gain,43.14127731,0.007822416465
xgboost,5,MODE(static_cb_0.education_88M),gain,0,0
xgboost,5,MODE(static_cb_0.maritalst_385M),gain,22.03774452,0.003995904302
xgboost,5,MODE(static_cb_0.requesttype_4525192L),gain,53.41085052,0.009684505016
xgboost,5,SUM(static_cb_0.days120_123L),gain,98.71700287,0.01789945863
xgboost,5,SUM(static_cb_0.days30_165L),gain,69.99421692,0.01269141641
xgboost,5,MAX_MIN_DELTA(applprev_2.num_group2),gain,5.762588024,0.001044877812
xgboost,5,MONTH(date_decision),gain,15.30310059,0.002774772409
xgboost,5,SEASON(date_decision),gain,18.24673271,0.00330851452
xgboost,5,WEEKDAY(date_decision),gain,18.91028404,0.003428830263
xgboost,5,COUNT(person_1),weight,19,0.001354433989
xgboost,5,MODE(person_1.contaddr_district_15M),weight,1582,0.1127744511
xgboost,5,MODE(person_1.contaddr_zipcode_807M),weight,2979,0.2123609923
xgboost,5,MODE(person_1.education_927M),weight,22,0.001568291987
xgboost,5,MODE(person_1.empladdr_district_926M),weight,155,0.01104932991
xgboost,5,MODE(person_1.empladdr_zipcode_114M),weight,125,0.008910749929
xgboost,5,MODE(person_1.incometype_1044T),weight,255,0.01817792985
xgboost,5,MODE(person_1.language1_981M),weight,20,0.001425719989
xgboost,5,MODE(person_1.role_1084L),weight,3,0.0002138579983
xgboost,5,MODE(person_1.sex_738L),weight,125,0.008910749929
xgboost,5,MODE(person_1.type_25L),weight,11,0.0007841459937
xgboost,5,COUNT(credit_bureau_a_1),weight,54,0.003849443969
xgboost,5,MAX(credit_bureau_a_1.dpdmax_139P),weight,143,0.01019389792
xgboost,5,MAX(credit_bureau_a_1.dpdmax_757P),weight,80,0.005702879954
xgboost,5,MAX(credit_bureau_a_1.instlamount_768A),weight,178,0.0126889079
xgboost,5,MAX(credit_bureau_a_1.nominalrate_281L),weight,72,0.005132591959
xgboost,5,MAX(credit_bureau_a_1.nominalrate_498L),weight,33,0.002352437981
xgboost,5,MAX(credit_bureau_a_1.numberofcontrsvalue_358L),weight,230,0.01639577987
xgboost,5,MAX(credit_bureau_a_1.numberofinstls_320L),weight,120,0.008554319932
xgboost,5,MAX(credit_bureau_a_1.outstandingamount_354A),weight,11,0.0007841459937
xgboost,5,MAX(credit_bureau_a_1.overdueamount_31A),weight,2,0.0001425719989
xgboost,5,MAX(credit_bureau_a_1.overdueamountmax2_398A),weight,23,0.001639577987
xgboost,5,MAX(credit_bureau_a_1.residualamount_488A),weight,6,0.0004277159966
xgboost,5,MAX_MIN_DELTA(credit_bureau_a_1.dpdmax_757P),weight,23,0.001639577987
xgboost,5,MAX_MIN_DELTA(credit_bureau_a_1.dpdmaxdatemonth_442T),weight,33,0.002352437981
xgboost,5,MAX_MIN_DELTA(credit_bureau_a_1.dpdmaxdateyear_596T),weight,121,0.008625605931
xgboost,5,MIN(credit_bureau_a_1.monthlyinstlamount_674A),weight,6,0.0004277159966
xgboost,5,MIN(credit_bureau_a_1.overdueamountmax2_398A),weight,24,0.001710863986
xgboost,5,MODE(credit_bureau_a_1.classificationofcontr_400M),weight,8,0.0005702879954
xgboost,5,MODE(credit_bureau_a_1.contractst_964M),weight,3,0.0002138579983
xgboost,5,MODE(credit_bureau_a_1.financialinstitution_382M),weight,132,0.009409751925
xgboost,5,STD(credit_bureau_a_1.dpdmax_139P),weight,41,0.002922725977
xgboost,5,STD(credit_bureau_a_1.nominalrate_498L),weight,4,0.0002851439977
xgboost,5,SUM(credit_bureau_a_1.dpdmax_139P),weight,196,0.01397205589
xgboost,5,SUM(credit_bureau_a_1.overdueamountmax2_398A),weight,32,0.002281151982
xgboost,5,SUM(credit_bureau_a_1.periodicityofpmts_837L),weight,8,0.0005702879954
xgboost,5,MODE(tax_registry_a_1.name_4527232M),weight,11,0.0007841459937
xgboost,5,ENTROPY(applprev_1.cancelreason_3545846M),weight,45,0.003207869974
xgboost,5,MAX(applprev_1.byoccupationinc_3656910L),weight,62,0.004419731965
xgboost,5,MAX(applprev_1.childnum_21L),weight,61,0.004348445965
xgboost,5,MAX(applprev_1.downpmt_134A),weight,19,0.001354433989
xgboost,5,MAX(applprev_1.maxdpdtolerance_577P),weight,98,0.006986027944
xgboost,5,MEAN(applprev_1.currdebt_94A),weight,219,0.01561163388
xgboost,5,MIN(applprev_1.credacc_credlmt_575A),weight,11,0.0007841459937
xgboost,5,MIN(applprev_1.currdebt_94A),weight,4,0.0002851439977
xgboost,5,MODE(applprev_1.postype_4733339M),weight,0,0
xgboost,5,MODE(applprev_1.status_219L),weight,103,0.007342457941
xgboost,5,SKEW(applprev_1.actualdpd_943P),weight,3,0.0002138579983
xgboost,5,SKEW(applprev_1.currdebt_94A),weight,20,0.001425719989
xgboost,5,STD(applprev_1.actualdpd_943P),weight,19,0.001354433989
xgboost,5,STD(applprev_1.childnum_21L),weight,29,0.002067293983
xgboost,5,STD(applprev_1.maxdpdtolerance_577P),weight,44,0.003136583975
xgboost,5,SUM(applprev_1.maxdpdtolerance_577P),weight,75,0.005346449957
xgboost,5,MEAN(credit_bureau_a_2.pmts_overdue_1152A),weight,105,0.00748502994
xgboost,5,MIN(credit_bureau_a_2.pmts_overdue_1152A),weight,0,0
xgboost,5,MAX(static_0.avgdbddpdlast3m_4187120P),weight,97,0.006914741945
xgboost,5,MAX(static_0.avgpmtlast12m_4525200A),weight,3,0.0002138579983
xgboost,5,MAX(static_0.eir_270L),weight,181,0.0129027659
xgboost,5,MAX(static_0.homephncnt_628L),weight,68,0.004847447961
xgboost,5,MAX(static_0.lastrejectcredamount_222A),weight,55,0.003920729969
xgboost,5,MAX(static_0.maininc_215A),weight,69,0.004918733961
xgboost,5,MAX(static_0.maxdpdinstlnum_3546846P),weight,107,0.007627601939
xgboost,5,MAX(static_0.maxinstallast24m_3658928A),weight,116,0.008269175934
xgboost,5,MAX(static_0.maxlnamtstart6m_4525199A),weight,1,7.128599943e-05
xgboost,5,MAX(static_0.maxpmtlast3m_4525190A),weight,1,7.128599943e-05
xgboost,5,MAX(static_0.mobilephncnt_593L),weight,196,0.01397205589
xgboost,5,MAX(static_0.numactivecreds_622L),weight,6,0.0004277159966
xgboost,5,MAX(static_0.numactiverelcontr_750L),weight,7,0.000499001996
xgboost,5,MAX(static_0.numcontrs3months_479L),weight,43,0.003065297975
xgboost,5,MAX(static_0.numrejects9m_859L),weight,57,0.004063301967
xgboost,5,MODE(static_0.bankacctype_710L),weight,20,0.001425719989
xgboost,5,MODE(static_0.credtype_322L),weight,85,0.006059309952
xgboost,5,MODE(static_0.disbursementtype_67L),weight,106,0.00755631594
xgboost,5,MODE(static_0.lastapprcommoditycat_1041M),weight,202,0.01439977188
xgboost,5,MODE(static_0.lastapprcommoditytypec_5251766M),weight,0,0
xgboost,5,MODE(static_0.lastcancelreason_561M),weight,109,0.007770173938
xgboost,5,MODE(static_0.lastrejectcommoditycat_161M),weight,67,0.004776161962
xgboost,5,MODE(static_0.lastrejectcommodtypec_5251769M),weight,0,0
xgboost,5,MODE(static_0.lastrejectreason_759M),weight,91,0.006487025948
xgboost,5,MODE(static_0.lastrejectreasonclient_4145040M),weight,14,0.000998003992
xgboost,5,MODE(static_0.lastst_736L),weight,71,0.00506130596
xgboost,5,MODE(static_0.previouscontdistrict_112M),weight,2312,0.1648132307
xgboost,5,MODE(static_0.typesuite_864L),weight,15,0.001069289991
xgboost,5,SUM(static_0.avgdbddpdlast24m_3658932P),weight,125,0.008910749929
xgboost,5,SUM(static_0.maxdpdlast12m_727P),weight,158,0.01126318791
xgboost,5,SUM(static_0.numinstlswithdpd10_728L),weight,117,0.008340461933
xgboost,5,SUM(static_0.pmtnum_254L),weight,248,0.01767892786
xgboost,5,COUNT(person_2),weight,21,0.001497005988
xgboost,5,MAX(static_cb_0.pmtscount_423L),weight,174,0.0124037639
xgboost,5,MODE(static_cb_0.description_5085714M),weight,0,0
xgboost,5,MODE(static_cb_0.education_1103M),weight,64,0.004562303964
xgboost,5,MODE(static_cb_0.education_88M),weight,0,0
xgboost,5,MODE(static_cb_0.maritalst_385M),weight,87,0.00620188195
xgboost,5,MODE(static_cb_0.requesttype_4525192L),weight,13,0.0009267179926
xgboost,5,SUM(static_cb_0.days120_123L),weight,247,0.01760764186
xgboost,5,SUM(static_cb_0.days30_165L),weight,107,0.007627601939
xgboost,5,MAX_MIN_DELTA(applprev_2.num_group2),weight,9,0.0006415739949
xgboost,5,MONTH(date_decision),weight,525,0.0374251497
xgboost,5,SEASON(date_decision),weight,43,0.003065297975
xgboost,5,WEEKDAY(date_decision),weight,184,0.0131166239
lightgbm,6,COUNT(person_1),gain,169.744997,0.0002151111928
lightgbm,6,MODE(person_1.contaddr_district_15M),gain,44850.91159,0.05683780529
lightgbm,6,MODE(person_1.contaddr_zipcode_807M),gain,87741.49146,0.1111913589
lightgbm,6,MODE(person_1.education_927M),gain,552.7519016,0.0007004808564
lightgbm,6,MODE(person_1.empladdr_district_926M),gain,1935.647005,0.00245296971
lightgbm,6,MODE(person_1.empladdr_zipcode_114M),gain,104.8710022,0.0001328989176
lightgbm,6,MODE(person_1.incometype_1044T),gain,25562.40831,0.03239423983
lightgbm,6,MODE(person_1.language1_981M),gain,169.9324017,0.0002153486834
lightgbm,6,MODE(person_1.role_1084L),gain,256.3892002,0.0003249120012
lightgbm,6,MODE(person_1.sex_738L),gain,14733.38794,0.01867104603
lightgbm,6,MODE(person_1.type_25L),gain,0,0
lightgbm,6,COUNT(credit_bureau_a_1),gain,3617.233274,0.004583978191
lightgbm,6,MAX(credit_bureau_a_1.dpdmax_139P),gain,20585.21811,0.02608684144
lightgbm,6,MAX(credit_bureau_a_1.dpdmax_757P),gain,7059.948534,0.00894679653
lightgbm,6,MAX(credit_bureau_a_1.instlamount_768A),gain,10227.29203,0.01296064701
lightgbm,6,MAX(credit_bureau_a_1.nominalrate_281L),gain,4832.624817,0.006124196336
lightgbm,6,MAX(credit_bureau_a_1.nominalrate_498L),gain,1235.537104,0.001565747826
lightgbm,6,MAX(credit_bureau_a_1.numberofcontrsvalue_358L),gain,29244.03807,0.03705982516
lightgbm,6,MAX(credit_bureau_a_1.numberofinstls_320L),gain,10256.69477,0.01299790796
lightgbm,6,MAX(credit_bureau_a_1.outstandingamount_354A),gain,148.4450989,0.0001881186653
lightgbm,6,MAX(credit_bureau_a_1.overdueamount_31A),gain,0,0
lightgbm,6,MAX(credit_bureau_a_1.overdueamountmax2_398A),gain,189.780201,0.0002405010228
lightgbm,6,MAX(credit_bureau_a_1.residualamount_488A),gain,675.0745964,0.0008554956212
lightgbm,6,MAX_MIN_DELTA(credit_bureau_a_1.dpdmax_757P),gain,1487.731003,0.001885343287
lightgbm,6,MAX_MIN_DELTA(credit_bureau_a_1.dpdmaxdatemonth_442T),gain,862.1995068,0.001092631698
lightgbm,6,MAX_MIN_DELTA(credit_bureau_a_1.dpdmaxdateyear_596T),gain,11462.70534,0.01452623796
lightgbm,6,MIN(credit_bureau_a_1.monthlyinstlamount_674A),gain,173.3037987,0.0002196211229
lightgbm,6,MIN(credit_bureau_a_1.overdueamountmax2_398A),gain,3143.33766,0.003983428821
lightgbm,6,MODE(credit_bureau_a_1.classificationofcontr_400M),gain,553.1067066,0.0007009304869
lightgbm,6,MODE(credit_bureau_a_1.contractst_964M),gain,39.84320068,5.049172921e-05
lightgbm,6,MODE(credit_bureau_a_1.financialinstitution_382M),gain,4984.951216,0.006317233621
lightgbm,6,STD(credit_bureau_a_1.dpdmax_139P),gain,432.7843018,0.0005484506113
lightgbm,6,STD(credit_bureau_a_1.nominalrate_498L),gain,0,0
lightgbm,6,SUM(credit_bureau_a_1.dpdmax_139P),gain,54706.20309,0.06932703059
lightgbm,6,SUM(credit_bureau_a_1.overdueamountmax2_398A),gain,215.6105976,0.0002732348738
lightgbm,6,SUM(credit_bureau_a_1.periodicityofpmts_837L),gain,2220.797894,0.002814330273
lightgbm,6,MODE(tax_registry_a_1.name_4527232M),gain,965.7343979,0.001223837414
lightgbm,6,ENTROPY(applprev_1.cancelreason_3545846M),gain,0,0
lightgbm,6,MAX(applprev_1.byoccupationinc_3656910L),gain,889.8617973,0.001127687037
lightgbm,6,MAX(applprev_1.childnum_21L),gain,2128.696594,0.002697613901
lightgbm,6,MAX(applprev_1.downpmt_134A),gain,48.42350006,6.136520688e-05
lightgbm,6,MAX(applprev_1.maxdpdtolerance_577P),gain,27549.8131,0.03491280016
lightgbm,6,MEAN(applprev_1.currdebt_94A),gain,9461.113878,0.01198969942
lightgbm,6,MIN(applprev_1.credacc_credlmt_575A),gain,212.4069977,0.0002691750769
lightgbm,6,MIN(applprev_1.currdebt_94A),gain,0,0
lightgbm,6,MODE(applprev_1.postype_4733339M),gain,0,0
lightgbm,6,MODE(applprev_1.status_219L),gain,30853.58952,0.03909954674
lightgbm,6,SKEW(applprev_1.actualdpd_943P),gain,22.09740067,2.800317122e-05
lightgbm,6,SKEW(applprev_1.currdebt_94A),gain,500.4385986,0.0006341862545
lightgbm,6,STD(applprev_1.actualdpd_943P),gain,457.985508,0.0005803871138
lightgbm,6,STD(applprev_1.childnum_21L),gain,596.3318996,0.0007557080827
lightgbm,6,STD(applprev_1.maxdpdtolerance_577P),gain,3218.658985,0.00407888059
lightgbm,6,SUM(applprev_1.maxdpdtolerance_577P),gain,4399.793797,0.00557568652
lightgbm,6,MEAN(credit_bureau_a_2.pmts_overdue_1152A),gain,17135.58226,0.0217152529
lightgbm,6,MIN(credit_bureau_a_2.pmts_overdue_1152A),gain,135.0450974,0.0001711373677
lightgbm,6,MAX(static_0.avgdbddpdlast3m_4187120P),gain,6331.317991,0.008023431554
lightgbm,6,MAX(static_0.avgpmtlast12m_4525200A),gain,89.17669678,0.0001130101385
lightgbm,6,MAX(static_0.eir_270L),gain,8932.172306,0.01131939246
lightgbm,6,MAX(static_0.homephncnt_628L),gain,4554.042408,0.00577115975
lightgbm,6,MAX(static_0.lastrejectcredamount_222A),gain,0,0
lightgbm,6,MAX(static_0.maininc_215A),gain,413.7709961,0.000524355793
lightgbm,6,MAX(static_0.maxdpdinstlnum_3546846P),gain,2843.289991,0.003603190152
lightgbm,6,MAX(static_0.maxinstallast24m_3658928A),gain,1231.531404,0.001560671561
lightgbm,6,MAX(static_0.maxlnamtstart6m_4525199A),gain,37.98839951,4.814121225e-05
lightgbm,6,MAX(static_0.maxpmtlast3m_4525190A),gain,0,0
lightgbm,6,MAX(static_0.mobilephncnt_593L),gain,16255.71043,0.02060022576
lightgbm,6,MAX(static_0.numactivecreds_622L),gain,30.68390083,3.88845069e-05
lightgbm,6,MAX(static_0.numactiverelcontr_750L),gain,497.5811081,0.0006305650686
lightgbm,6,MAX(static_0.numcontrs3months_479L),gain,2927.85099,0.003710350997
lightgbm,6,MAX(static_0.numrejects9m_859L),gain,12264.62094,0.01554247421
lightgbm,6,MODE(static_0.bankacctype_710L),gain,2499.506367,0.003167526616
lightgbm,6,MODE(static_0.credtype_322L),gain,5849.408785,0.007412726873
lightgbm,6,MODE(static_0.disbursementtype_67L),gain,8760.141708,0.01110138481
lightgbm,6,MODE(static_0.lastapprcommoditycat_1041M),gain,2118.521595,0.002684719522
lightgbm,6,MODE(static_0.lastapprcommoditytypec_5251766M),gain,0,0
lightgbm,6,MODE(static_0.lastcancelreason_561M),gain,6920.327744,0.008769860565
lightgbm,6,MODE(static_0.lastrejectcommoditycat_161M),gain,861.4531956,0.001091685927
lightgbm,6,MODE(static_0.lastrejectcommodtypec_5251769M),gain,0,0
lightgbm,6,MODE(static_0.lastrejectreason_759M),gain,10391.66391,0.01316894906
lightgbm,6,MODE(static_0.lastrejectreasonclient_4145040M),gain,100.9000015,0.0001278666238
lightgbm,6,MODE(static_0.lastst_736L),gain,2146.394123,0.002720041286
lightgbm,6,MODE(static_0.previouscontdistrict_112M),gain,82395.34169,0.1044163925
lightgbm,6,MODE(static_0.typesuite_864L),gain,450.6250019,0.0005710594325
lightgbm,6,SUM(static_0.avgdbddpdlast24m_3658932P),gain,30630.60031,0.03881696124
lightgbm,6,SUM(static_0.maxdpdlast12m_727P),gain,35485.5902,0.04496949996
lightgbm,6,SUM(static_0.numinstlswithdpd10_728L),gain,17150.19049,0.02173376535
lightgbm,6,SUM(static_0.pmtnum_254L),gain,16007.38846,0.02028553705
lightgbm,6,COUNT(person_2),gain,1918.057486,0.0024306792
lightgbm,6,MAX(static_cb_0.pmtscount_423L),gain,14503.56281,0.01837979765
lightgbm,6,MODE(static_cb_0.description_5085714M),gain,0,0
lightgbm,6,MODE(static_cb_0.education_1103M),gain,3085.113096,0.00390964311
lightgbm,6,MODE(static_cb_0.education_88M),gain,0,0
lightgbm,6,MODE(static_cb_0.maritalst_385M),gain,1007.614901,0.001276910937
lightgbm,6,MODE(static_cb_0.requesttype_4525192L),gain,2027.092203,0.002568854631
lightgbm,6,SUM(static_cb_0.days120_123L),gain,27236.60888,0.0345158887
lightgbm,6,SUM(static_cb_0.days30_165L),gain,9133.729258,0.0115748177
lightgbm,6,MAX_MIN_DELTA(applprev_2.num_group2),gain,34.99900055,4.435286393e-05
lightgbm,6,MONTH(date_decision),gain,5047.636206,0.006396671856
lightgbm,6,SEASON(date_decision),gain,479.6956921,0.0006078995806
lightgbm,6,WEEKDAY(date_decision),gain,3444.038004,0.004364494601
lightgbm,6,COUNT(person_1),split,6,0.0007117437722
lightgbm,6,MODE(person_1.contaddr_district_15M),split,955,0.1132858837
lightgbm,6,MODE(person_1.contaddr_zipcode_807M),split,1721,0.2041518387
lightgbm,6,MODE(person_1.education_927M),split,15,0.001779359431
lightgbm,6,MODE(person_1.empladdr_district_926M),split,56,0.006642941874
lightgbm,6,MODE(person_1.empladdr_zipcode_114M),split,4,0.0004744958482
lightgbm,6,MODE(person_1.incometype_1044T),split,184,0.02182680902
lightgbm,6,MODE(person_1.language1_981M),split,6,0.0007117437722
lightgbm,6,MODE(person_1.role_1084L),split,8,0.0009489916963
lightgbm,6,MODE(person_1.sex_738L),split,107,0.01269276394
lightgbm,6,MODE(person_1.type_25L),split,0,0
lightgbm,6,COUNT(credit_bureau_a_1),split,39,0.00462633452
lightgbm,6,MAX(credit_bureau_a_1.dpdmax_139P),split,100,0.0118623962
lightgbm,6,MAX(credit_bureau_a_1.dpdmax_757P),split,58,0.006880189798
lightgbm,6,MAX(credit_bureau_a_1.instlamount_768A),split,107,0.01269276394
lightgbm,6,MAX(credit_bureau_a_1.nominalrate_281L),split,66,0.007829181495
lightgbm,6,MAX(credit_bureau_a_1.nominalrate_498L),split,27,0.003202846975
lightgbm,6,MAX(credit_bureau_a_1.numberofcontrsvalue_358L),split,160,0.01897983393
lightgbm,6,MAX(credit_bureau_a_1.numberofinstls_320L),split,90,0.01067615658
lightgbm,6,MAX(credit_bureau_a_1.outstandingamount_354A),split,5,0.0005931198102
lightgbm,6,MAX(credit_bureau_a_1.overdueamount_31A),split,0,0
lightgbm,6,MAX(credit_bureau_a_1.overdueamountmax2_398A),split,7,0.0008303677343
lightgbm,6,MAX(credit_bureau_a_1.residualamount_488A),split,9,0.001067615658
lightgbm,6,MAX_MIN_DELTA(credit_bureau_a_1.dpdmax_757P),split,14,0.001660735469
lightgbm,6,MAX_MIN_DELTA(credit_bureau_a_1.dpdmaxdatemonth_442T),split,9,0.001067615658
lightgbm,6,MAX_MIN_DELTA(credit_bureau_a_1.dpdmaxdateyear_596T),split,89,0.01055753262
lightgbm,6,MIN(credit_bureau_a_1.monthlyinstlamount_674A),split,3,0.0003558718861
lightgbm,6,MIN(credit_bureau_a_1.overdueamountmax2_398A),split,19,0.002253855279
lightgbm,6,MODE(credit_bureau_a_1.classificationofcontr_400M),split,6,0.0007117437722
lightgbm,6,MODE(credit_bureau_a_1.contractst_964M),split,1,0.000118623962
lightgbm,6,MODE(credit_bureau_a_1.financialinstitution_382M),split,70,0.008303677343
lightgbm,6,STD(credit_bureau_a_1.dpdmax_139P),split,11,0.001304863582
lightgbm,6,STD(credit_bureau_a_1.nominalrate_498L),split,0,0
lightgbm,6,SUM(credit_bureau_a_1.dpdmax_139P),split,128,0.01518386714
lightgbm,6,SUM(credit_bureau_a_1.overdueamountmax2_398A),split,6,0.0007117437722
lightgbm,6,SUM(credit_bureau_a_1.periodicityofpmts_837L),split,7,0.0008303677343
lightgbm,6,MODE(tax_registry_a_1.name_4527232M),split,22,0.002609727165
lightgbm,6,ENTROPY(applprev_1.cancelreason_3545846M),split,0,0
lightgbm,6,MAX(applprev_1.byoccupationinc_3656910L),split,19,0.002253855279
lightgbm,6,MAX(applprev_1.childnum_21L),split,36,0.004270462633
lightgbm,6,MAX(applprev_1.downpmt_134A),split,2,0.0002372479241
lightgbm,6,MAX(applprev_1.maxdpdtolerance_577P),split,55,0.006524317912
lightgbm,6,MEAN(applprev_1.currdebt_94A),split,141,0.01672597865
lightgbm,6,MIN(applprev_1.credacc_credlmt_575A),split,7,0.0008303677343
lightgbm,6,MIN(applprev_1.currdebt_94A),split,0,0
lightgbm,6,MODE(applprev_1.postype_4733339M),split,0,0
lightgbm,6,MODE(applprev_1.status_219L),split,57,0.006761565836
lightgbm,6,SKEW(applprev_1.actualdpd_943P),split,1,0.000118623962
lightgbm,6,SKEW(applprev_1.currdebt_94A),split,10,0.00118623962
lightgbm,6,STD(applprev_1.actualdpd_943P),split,11,0.001304863582
lightgbm,6,STD(applprev_1.childnum_21L),split,10,0.00118623962
lightgbm,6,STD(applprev_1.maxdpdtolerance_577P),split,33,0.003914590747
lightgbm,6,SUM(applprev_1.maxdpdtolerance_577P),split,31,0.003677342823
lightgbm,6,MEAN(credit_bureau_a_2.pmts_overdue_1152A),split,74,0.008778173191
lightgbm,6,MIN(credit_bureau_a_2.pmts_overdue_1152A),split,2,0.0002372479241
lightgbm,6,MAX(static_0.avgdbddpdlast3m_4187120P),split,44,0.00521945433
lightgbm,6,MAX(static_0.avgpmtlast12m_4525200A),split,1,0.000118623962
lightgbm,6,MAX(static_0.eir_270L),split,112,0.01328588375
lightgbm,6,MAX(static_0.homephncnt_628L),split,49,0.00581257414
lightgbm,6,MAX(static_0.lastrejectcredamount_222A),split,0,0
lightgbm,6,MAX(static_0.maininc_215A),split,13,0.001542111507
lightgbm,6,MAX(static_0.maxdpdinstlnum_3546846P),split,43,0.005100830368
lightgbm,6,MAX(static_0.maxinstallast24m_3658928A),split,33,0.003914590747
lightgbm,6,MAX(static_0.maxlnamtstart6m_4525199A),split,2,0.0002372479241
lightgbm,6,MAX(static_0.maxpmtlast3m_4525190A),split,0,0
lightgbm,6,MAX(static_0.mobilephncnt_593L),split,154,0.01826809015
lightgbm,6,MAX(static_0.numactivecreds_622L),split,1,0.000118623962
lightgbm,6,MAX(static_0.numactiverelcontr_750L),split,5,0.0005931198102
lightgbm,6,MAX(static_0.numcontrs3months_479L),split,33,0.003914590747
lightgbm,6,MAX(static_0.numrejects9m_859L),split,45,0.005338078292
lightgbm,6,MODE(static_0.bankacctype_710L),split,11,0.001304863582
lightgbm,6,MODE(static_0.credtype_322L),split,68,0.008066429419
lightgbm,6,MODE(static_0.disbursementtype_67L),split,107,0.01269276394
lightgbm,6,MODE(static_0.lastapprcommoditycat_1041M),split,54,0.00640569395
lightgbm,6,MODE(static_0.lastapprcommoditytypec_5251766M),split,0,0
lightgbm,6,MODE(static_0.lastcancelreason_561M),split,44,0.00521945433
lightgbm,6,MODE(static_0.lastrejectcommoditycat_161M),split,27,0.003202846975
lightgbm,6,MODE(static_0.lastrejectcommodtypec_5251769M),split,0,0
lightgbm,6,MODE(static_0.lastrejectreason_759M),split,49,0.00581257414
lightgbm,6,MODE(static_0.lastrejectreasonclient_4145040M),split,1,0.000118623962
lightgbm,6,MODE(static_0.lastst_736L),split,35,0.004151838671
lightgbm,6,MODE(static_0.previouscontdistrict_112M),split,1695,0.2010676157
lightgbm,6,MODE(static_0.typesuite_864L),split,10,0.00118623962
lightgbm,6,SUM(static_0.avgdbddpdlast24m_3658932P),split,100,0.0118623962
lightgbm,6,SUM(static_0.maxdpdlast12m_727P),split,96,0.01138790036
lightgbm,6,SUM(static_0.numinstlswithdpd10_728L),split,84,0.009964412811
lightgbm,6,SUM(static_0.pmtnum_254L),split,190,0.02253855279
lightgbm,6,COUNT(person_2),split,28,0.003321470937
lightgbm,6,MAX(static_cb_0.pmtscount_423L),split,129,0.0153024911
lightgbm,6,MODE(static_cb_0.description_5085714M),split,0,0
lightgbm,6,MODE(static_cb_0.education_1103M),split,48,0.005693950178
lightgbm,6,MODE(static_cb_0.education_88M),split,0,0
lightgbm,6,MODE(static_cb_0.maritalst_385M),split,26,0.003084223013
lightgbm,6,MODE(static_cb_0.requesttype_4525192L),split,23,0.002728351127
lightgbm,6,SUM(static_cb_0.days120_123L),split,221,0.02621589561
lightgbm,6,SUM(static_cb_0.days30_165L),split,90,0.01067615658
lightgbm,6,MAX_MIN_DELTA(applprev_2.num_group2),split,1,0.000118623962
lightgbm,6,MONTH(date_decision),split,88,0.01043890866
lightgbm,6,SEASON(date_decision),split,10,0.00118623962
lightgbm,6,WEEKDAY(date_decision),split,56,0.006642941874
xgboost,6,COUNT(person_1),gain,21.22794533,0.002962571129
xgboost,6,MODE(person_1.contaddr_district_15M),gain,42.10206985,0.005875763043
xgboost,6,MODE(person_1.contaddr_zipcode_807M),gain,66.4200058,0.009269573129
xgboost,6,MODE(person_1.education_927M),gain,47.28985596,0.006599770247
xgboost,6,MODE(person_1.empladdr_district_926M),gain,39.60289764,0.005526978678
xgboost,6,MODE(person_1.empladdr_zipcode_114M),gain,42.34201431,0.005909249681
xgboost,6,MODE(person_1.incometype_1044T),gain,110.0564499,0.01535947337
xgboost,6,MODE(person_1.language1_981M),gain,156.2049561,0.02179995689
xgboost,6,MODE(person_1.role_1084L),gain,57.87322617,0.008076784934
xgboost,6,MODE(person_1.sex_738L),gain,117.3578186,0.01637845208
xgboost,6,MODE(person_1.type_25L),gain,9.646917343,0.001346323366
xgboost,6,COUNT(credit_bureau_a_1),gain,78.98856354,0.0110236405
xgboost,6,MAX(credit_bureau_a_1.dpdmax_139P),gain,167.7857361,0.02341617005
xgboost,6,MAX(credit_bureau_a_1.dpdmax_757P),gain,106.6928558,0.01489005033
xgboost,6,MAX(credit_bureau_a_1.instlamount_768A),gain,70.83124542,0.00988520554
xgboost,6,MAX(credit_bureau_a_1.nominalrate_281L),gain,53.7593956,0.007502658919
xgboost,6,MAX(credit_bureau_a_1.nominalrate_498L),gain,37.0355835,0.005168684427
xgboost,6,MAX(credit_bureau_a_1.numberofcontrsvalue_358L),gain,142.7867889,0.01992731807
xgboost,6,MAX(credit_bureau_a_1.numberofinstls_320L),gain,123.1827087,0.01719137349
xgboost,6,MAX(credit_bureau_a_1.outstandingamount_354A),gain,23.80923462,0.003322815751
xgboost,6,MAX(credit_bureau_a_1.overdueamount_31A),gain,0,0
xgboost,6,MAX(credit_bureau_a_1.overdueamountmax2_398A),gain,16.17334366,0.00225715114
xgboost,6,MAX(credit_bureau_a_1.residualamount_488A),gain,201.6977692,0.02814893192
xgboost,6,MAX_MIN_DELTA(credit_bureau_a_1.dpdmax_757P),gain,80.49616241,0.01123404094
xgboost,6,MAX_MIN_DELTA(credit_bureau_a_1.dpdmaxdatemonth_442T),gain,32.63041306,0.004553899031
xgboost,6,MAX_MIN_DELTA(credit_bureau_a_1.dpdmaxdateyear_596T),gain,108.1281967,0.01509036645
xgboost,6,MIN(credit_bureau_a_1.monthlyinstlamount_674A),gain,24.07923698,0.003360497269
xgboost,6,MIN(credit_bureau_a_1.overdueamountmax2_398A),gain,146.4371643,0.0204367643
xgboost,6,MODE(credit_bureau_a_1.classificationofcontr_400M),gain,27.81933594,0.003882465317
xgboost,6,MODE(credit_bureau_a_1.contractst_964M),gain,31.81307983,0.004439832042
xgboost,6,MODE(credit_bureau_a_1.financialinstitution_382M),gain,69.60626984,0.009714248
xgboost,6,STD(credit_bureau_a_1.dpdmax_139P),gain,18.46167374,0.002576510386
xgboost,6,STD(credit_bureau_a_1.nominalrate_498L),gain,16.46511841,0.002297871211
xgboost,6,SUM(credit_bureau_a_1.dpdmax_139P),gain,297.6457825,0.0415394325
xgboost,6,SUM(credit_bureau_a_1.overdueamountmax2_398A),gain,17.9643631,0.002507105735
xgboost,6,SUM(credit_bureau_a_1.periodicityofpmts_837L),gain,154.4785767,0.02155902346
xgboost,6,MODE(tax_registry_a_1.name_4527232M),gain,40.31957245,0.005626997783
xgboost,6,ENTROPY(applprev_1.cancelreason_3545846M),gain,7.73261261,0.001079163081
xgboost,6,MAX(applprev_1.byoccupationinc_3656910L),gain,36.39952087,0.005079915555
xgboost,6,MAX(applprev_1.childnum_21L),gain,51.74511337,0.007221545779
xgboost,6,MAX(applprev_1.downpmt_134A),gain,21.36400414,0.002981559491
xgboost,6,MAX(applprev_1.maxdpdtolerance_577P),gain,323.4577332,0.04514174721
xgboost,6,MEAN(applprev_1.currdebt_94A),gain,51.96987534,0.007252913548
xgboost,6,MIN(applprev_1.credacc_credlmt_575A),gain,31.01930809,0.004329053292
xgboost,6,MIN(applprev_1.currdebt_94A),gain,10.53340912,0.00147004212
xgboost,6,MODE(applprev_1.postype_4733339M),gain,0,0
xgboost,6,MODE(applprev_1.status_219L),gain,337.610199,0.04711686473
xgboost,6,SKEW(applprev_1.actualdpd_943P),gain,21.16391754,0.002953635414
xgboost,6,SKEW(applprev_1.currdebt_94A),gain,67.32982635,0.009396547647
xgboost,6,STD(applprev_1.actualdpd_943P),gain,39.88782501,0.005566743129
xgboost,6,STD(applprev_1.childnum_21L),gain,20.08780098,0.002803452634
xgboost,6,STD(applprev_1.maxdpdtolerance_577P),gain,55.16506577,0.007698834186
xgboost,6,SUM(applprev_1.maxdpdtolerance_577P),gain,71.74488068,0.01001271244
xgboost,6,MEAN(credit_bureau_a_2.pmts_overdue_1152A),gain,193.6435242,0.02702488184
xgboost,6,MIN(credit_bureau_a_2.pmts_overdue_1152A),gain,0,0
xgboost,6,MAX(static_0.avgdbddpdlast3m_4187120P),gain,79.64211273,0.0111148498
xgboost,6,MAX(static_0.avgpmtlast12m_4525200A),gain,19.22987938,0.002683721132
xgboost,6,MAX(static_0.eir_270L),gain,63.05562592,0.008800040419
xgboost,6,MAX(static_0.homephncnt_628L),gain,72.37895966,0.01010120447
xgboost,6,MAX(static_0.lastrejectcredamount_222A),gain,10.19564438,0.001422903687
xgboost,6,MAX(static_0.maininc_215A),gain,17.80575943,0.002484971014
xgboost,6,MAX(static_0.maxdpdinstlnum_3546846P),gain,42.8669014,0.0059825029
xgboost,6,MAX(static_0.maxinstallast24m_3658928A),gain,17.83607101,0.002489201297
xgboost,6,MAX(static_0.maxlnamtstart6m_4525199A),gain,7.61207056,0.001062340237
xgboost,6,MAX(static_0.maxpmtlast3m_4525190A),gain,40.84399414,0.005700186051
xgboost,6,MAX(static_0.mobilephncnt_593L),gain,86.91333771,0.01212962164
xgboost,6,MAX(static_0.numactivecreds_622L),gain,15.94884491,0.002225820104
xgboost,6,MAX(static_0.numactiverelcontr_750L),gain,42.30580521,0.00590419634
xgboost,6,MAX(static_0.numcontrs3months_479L),gain,61.54250717,0.008588869632
xgboost,6,MAX(static_0.numrejects9m_859L),gain,222.9684753,0.03111747075
xgboost,6,MODE(static_0.bankacctype_710L),gain,149.2596283,0.02083066725
xgboost,6,MODE(static_0.credtype_322L),gain,77.49019623,0.01081452843
xgboost,6,MODE(static_0.disbursementtype_67L),gain,69.97528839,0.009765748214
xgboost,6,MODE(static_0.lastapprcommoditycat_1041M),gain,27.05292702,0.003775505321
xgboost,6,MODE(static_0.lastapprcommoditytypec_5251766M),gain,0,0
xgboost,6,MODE(static_0.lastcancelreason_561M),gain,117.5718765,0.01640832599
xgboost,6,MODE(static_0.lastrejectcommoditycat_161M),gain,24.30717659,0.003392308511
xgboost,6,MODE(static_0.lastrejectcommodtypec_5251769M),gain,0,0
xgboost,6,MODE(static_0.lastrejectreason_759M),gain,147.8717346,0.02063697287
xgboost,6,MODE(static_0.lastrejectreasonclient_4145040M),gain,27.85042763,0.003886804472
xgboost,6,MODE(static_0.lastst_736L),gain,58.67303848,0.008188406706
xgboost,6,MODE(static_0.previouscontdistrict_112M),gain,49.15055084,0.006859448744
xgboost,6,MODE(static_0.typesuite_864L),gain,13.7277422,0.001915843105
xgboost,6,SUM(static_0.avgdbddpdlast24m_3658932P),gain,274.9920959,0.03837788499
xgboost,6,SUM(static_0.maxdpdlast12m_727P),gain,236.2640076,0.03297299465
xgboost,6,SUM(static_0.numinstlswithdpd10_728L),gain,194.04422,0.02708080293
xgboost,6,SUM(static_0.pmtnum_254L),gain,76.7009201,0.01070437708
xgboost,6,COUNT(person_2),gain,98.74323273,0.01378060128
xgboost,6,MAX(static_cb_0.pmtscount_423L),gain,112.5915756,0.01571327541
xgboost,6,MODE(static_cb_0.description_5085714M),gain,0,0
xgboost,6,MODE(static_cb_0.education_1103M),gain,66.61271667,0.009296467851
xgboost,6,MODE(static_cb_0.education_88M),gain,0,0
xgboost,6,MODE(static_cb_0.maritalst_385M),gain,28.29575157,0.003948953862
xgboost,6,MODE(static_cb_0.requesttype_4525192L),gain,59.53514099,0.008308721695
xgboost,6,SUM(static_cb_0.days120_123L),gain,121.1269379,0.0169044702
xgboost,6,SUM(static_cb_0.days30_165L),gain,89.93441772,0.01255124344
xgboost,6,MAX_MIN_DELTA(applprev_2.num_group2),gain,17.79076767,0.002482878765
xgboost,6,MONTH(date_decision),gain,23.56090736,0.00328815921
xgboost,6,SEASON(date_decision),gain,23.14078331,0.003229526715
xgboost,6,WEEKDAY(date_decision),gain,37.90213013,0.005289619637
xgboost,6,COUNT(person_1),weight,14,0.001356194905
xgboost,6,MODE(person_1.contaddr_district_15M),weight,1170,0.1133391456
xgboost,6,MODE(person_1.contaddr_zipcode_807M),weight,1819,0.1762084665
xgboost,6,MODE(person_1.education_927M),weight,13,0.00125932384
xgboost,6,MODE(person_1.empladdr_district_926M),weight,66,0.006393490264
xgboost,6,MODE(person_1.empladdr_zipcode_114M),weight,65,0.0062966192
xgboost,6,MODE(person_1.incometype_1044T),weight,244,0.02363653977
xgboost,6,MODE(person_1.language1_981M),weight,4,0.0003874842585
xgboost,6,MODE(person_1.role_1084L),weight,2,0.0001937421292
xgboost,6,MODE(person_1.sex_738L),weight,125,0.01210888308
xgboost,6,MODE(person_1.type_25L),weight,5,0.0004843553231
xgboost,6,COUNT(credit_bureau_a_1),weight,47,0.004552940037
xgboost,6,MAX(credit_bureau_a_1.dpdmax_139P),weight,143,0.01385256224
xgboost,6,MAX(credit_bureau_a_1.dpdmax_757P),weight,70,0.006780974523
xgboost,6,MAX(credit_bureau_a_1.instlamount_768A),weight,135,0.01307759372
xgboost,6,MAX(credit_bureau_a_1.nominalrate_281L),weight,66,0.006393490264
xgboost,6,MAX(credit_bureau_a_1.nominalrate_498L),weight,37,0.003584229391
xgboost,6,MAX(credit_bureau_a_1.numberofcontrsvalue_358L),weight,207,0.02005231037
xgboost,6,MAX(credit_bureau_a_1.numberofinstls_320L),weight,93,0.009009009009
xgboost,6,MAX(credit_bureau_a_1.outstandingamount_354A),weight,3,0.0002906131938
xgboost,6,MAX(credit_bureau_a_1.overdueamount_31A),weight,0,0
xgboost,6,MAX(credit_bureau_a_1.overdueamountmax2_398A),weight,20,0.001937421292
xgboost,6,MAX(credit_bureau_a_1.residualamount_488A),weight,5,0.0004843553231
xgboost,6,MAX_MIN_DELTA(credit_bureau_a_1.dpdmax_757P),weight,22,0.002131163421
xgboost,6,MAX_MIN_DELTA(credit_bureau_a_1.dpdmaxdatemonth_442T),weight,32,0.003099874068
xgboost,6,MAX_MIN_DELTA(credit_bureau_a_1.dpdmaxdateyear_596T),weight,109,0.01055894604
xgboost,6,MIN(credit_bureau_a_1.monthlyinstlamount_674A),weight,10,0.0009687106461
xgboost,6,MIN(credit_bureau_a_1.overdueamountmax2_398A),weight,25,0.002421776615
xgboost,6,MODE(credit_bureau_a_1.classificationofcontr_400M),weight,11,0.001065581711
xgboost,6,MODE(credit_bureau_a_1.contractst_964M),weight,1,9.687106461e-05
xgboost,6,MODE(credit_bureau_a_1.financialinstitution_382M),weight,108,0.01046207498
xgboost,6,STD(credit_bureau_a_1.dpdmax_139P),weight,23,0.002228034486
xgboost,6,STD(credit_bureau_a_1.nominalrate_498L),weight,5,0.0004843553231
xgboost,6,SUM(credit_bureau_a_1.dpdmax_139P),weight,182,0.01763053376
xgboost,6,SUM(credit_bureau_a_1.overdueamountmax2_398A),weight,16,0.001549937034
xgboost,6,SUM(credit_bureau_a_1.periodicityofpmts_837L),weight,8,0.0007749685169
xgboost,6,MODE(tax_registry_a_1.name_4527232M),weight,16,0.001549937034
xgboost,6,ENTROPY(applprev_1.cancelreason_3545846M),weight,28,0.002712389809
xgboost,6,MAX(applprev_1.byoccupationinc_3656910L),weight,38,0.003681100455
xgboost,6,MAX(applprev_1.childnum_21L),weight,48,0.004649811101
xgboost,6,MAX(applprev_1.downpmt_134A),weight,5,0.0004843553231
xgboost,6,MAX(applprev_1.maxdpdtolerance_577P),weight,88,0.008524653686
xgboost,6,MEAN(applprev_1.currdebt_94A),weight,177,0.01714617844
xgboost,6,MIN(applprev_1.credacc_credlmt_575A),weight,3,0.0002906131938
xgboost,6,MIN(applprev_1.currdebt_94A),weight,1,9.687106461e-05
xgboost,6,MODE(applprev_1.postype_4733339M),weight,0,0
xgboost,6,MODE(applprev_1.status_219L),weight,89,0.008621524751
xgboost,6,SKEW(applprev_1.actualdpd_943P),weight,3,0.0002906131938
xgboost,6,SKEW(applprev_1.currdebt_94A),weight,10,0.0009687106461
xgboost,6,STD(applprev_1.actualdpd_943P),weight,9,0.0008718395815
xgboost,6,STD(applprev_1.childnum_21L),weight,22,0.002131163421
xgboost,6,STD(applprev_1.maxdpdtolerance_577P),weight,37,0.003584229391
xgboost,6,SUM(applprev_1.maxdpdtolerance_577P),weight,71,0.006877845588
xgboost,6,MEAN(credit_bureau_a_2.pmts_overdue_1152A),weight,81,0.007846556234
xgboost,6,MIN(credit_bureau_a_2.pmts_overdue_1152A),weight,0,0
xgboost,6,MAX(static_0.avgdbddpdlast3m_4187120P),weight,74,0.007168458781
xgboost,6,MAX(static_0.avgpmtlast12m_4525200A),weight,3,0.0002906131938
xgboost,6,MAX(static_0.eir_270L),weight,131,0.01269010946
xgboost,6,MAX(static_0.homephncnt_628L),weight,59,0.005715392812
xgboost,6,MAX(static_0.lastrejectcredamount_222A),weight,39,0.00377797152
xgboost,6,MAX(static_0.maininc_215A),weight,27,0.002615518745
xgboost,6,MAX(static_0.maxdpdinstlnum_3546846P),weight,59,0.005715392812
xgboost,6,MAX(static_0.maxinstallast24m_3658928A),weight,71,0.006877845588
xgboost,6,MAX(static_0.maxlnamtstart6m_4525199A),weight,5,0.0004843553231
xgboost,6,MAX(static_0.maxpmtlast3m_4525190A),weight,1,9.687106461e-05
xgboost,6,MAX(static_0.mobilephncnt_593L),weight,186,0.01801801802
xgboost,6,MAX(static_0.numactivecreds_622L),weight,2,0.0001937421292
xgboost,6,MAX(static_0.numactiverelcontr_750L),weight,5,0.0004843553231
xgboost,6,MAX(static_0.numcontrs3months_479L),weight,46,0.004456068972
xgboost,6,MAX(static_0.numrejects9m_859L),weight,56,0.005424779618
xgboost,6,MODE(static_0.bankacctype_710L),weight,10,0.0009687106461
xgboost,6,MODE(static_0.credtype_322L),weight,80,0.007749685169
xgboost,6,MODE(static_0.disbursementtype_67L),weight,110,0.01065581711
xgboost,6,MODE(static_0.lastapprcommoditycat_1041M),weight,120,0.01162452775
xgboost,6,MODE(static_0.lastapprcommoditytypec_5251766M),weight,0,0
xgboost,6,MODE(static_0.lastcancelreason_561M),weight,67,0.006490361329
xgboost,6,MODE(static_0.lastrejectcommoditycat_161M),weight,37,0.003584229391
xgboost,6,MODE(static_0.lastrejectcommodtypec_5251769M),weight,0,0
xgboost,6,MODE(static_0.lastrejectreason_759M),weight,70,0.006780974523
xgboost,6,MODE(static_0.lastrejectreasonclient_4145040M),weight,19,0.001840550228
xgboost,6,MODE(static_0.lastst_736L),weight,47,0.004552940037
xgboost,6,MODE(static_0.previouscontdistrict_112M),weight,1745,0.1690400077
xgboost,6,MODE(static_0.typesuite_864L),weight,6,0.0005812263877
xgboost,6,SUM(static_0.avgdbddpdlast24m_3658932P),weight,113,0.0109464303
xgboost,6,SUM(static_0.maxdpdlast12m_727P),weight,143,0.01385256224
xgboost,6,SUM(static_0.numinstlswithdpd10_728L),weight,89,0.008621524751
xgboost,6,SUM(static_0.pmtnum_254L),weight,211,0.02043979463
xgboost,6,COUNT(person_2),weight,14,0.001356194905
xgboost,6,MAX(static_cb_0.pmtscount_423L),weight,127,0.01230262521
xgboost,6,MODE(static_cb_0.description_5085714M),weight,0,0
xgboost,6,MODE(static_cb_0.education_1103M),weight,59,0.005715392812
xgboost,6,MODE(static_cb_0.education_88M),weight,0,0
xgboost,6,MODE(static_cb_0.maritalst_385M),weight,49,0.004746682166
xgboost,6,MODE(static_cb_0.requesttype_4525192L),weight,12,0.001162452775
xgboost,6,SUM(static_cb_0.days120_123L),weight,218,0.02111789209
xgboost,6,SUM(static_cb_0.days30_165L),weight,94,0.009105880074
xgboost,6,MAX_MIN_DELTA(applprev_2.num_group2),weight,7,0.0006780974523
xgboost,6,MONTH(date_decision),weight,345,0.03342051729
xgboost,6,SEASON(date_decision),weight,28,0.002712389809
xgboost,6,WEEKDAY(date_decision),weight,108,0.01046207498
lightgbm,7,COUNT(person_1),gain,411.2409019,0.0004560785198
lightgbm,7,MODE(person_1.contaddr_district_15M),gain,47192.23055,0.05233760201
lightgbm,7,MODE(person_1.contaddr_zipcode_807M),gain,104825.6504,0.1162547968
lightgbm,7,MODE(person_1.education_927M),gain,797.5808964,0.0008845411848
lightgbm,7,MODE(person_1.empladdr_district_926M),gain,3039.431498,0.003370820879
lightgbm,7,MODE(person_1.empladdr_zipcode_114M),gain,240.9536991,0.000267224894
lightgbm,7,MODE(person_1.incometype_1044T),gain,27991.27252,0.03104316248
lightgbm,7,MODE(person_1.language1_981M),gain,291.7470016,0.0003235561931
lightgbm,7,MODE(person_1.role_1084L),gain,233.1996956,0.0002586254711
lightgbm,7,MODE(person_1.sex_738L),gain,16325.52634,0.01810549936
lightgbm,7,MODE(person_1.type_25L),gain,0,0
lightgbm,7,COUNT(credit_bureau_a_1),gain,4512.877642,0.005004916936
lightgbm,7,MAX(credit_bureau_a_1.dpdmax_139P),gain,31120.02763,0.03451304594
lightgbm,7,MAX(credit_bureau_a_1.dpdmax_757P),gain,8647.51964,0.009590359176
lightgbm,7,MAX(credit_bureau_a_1.instlamount_768A),gain,11655.33563,0.01292611751
lightgbm,7,MAX(credit_bureau_a_1.nominalrate_281L),gain,5079.174513,0.005632957186
lightgbm,7,MAX(credit_bureau_a_1.nominalrate_498L),gain,1766.938795,0.001959588228
lightgbm,7,MAX(credit_bureau_a_1.numberofcontrsvalue_358L),gain,32937.79629,0.036529006
lightgbm,7,MAX(credit_bureau_a_1.numberofinstls_320L),gain,12314.59754,0.01365725878
lightgbm,7,MAX(credit_bureau_a_1.outstandingamount_354A),gain,462.3741016,0.0005127867751
lightgbm,7,MAX(credit_bureau_a_1.overdueamount_31A),gain,0,0
lightgbm,7,MAX(credit_bureau_a_1.overdueamountmax2_398A),gain,248.6166954,0.0002757233872
lightgbm,7,MAX(credit_bureau_a_1.residualamount_488A),gain,970.9728966,0.001076838124
lightgbm,7,MAX_MIN_DELTA(credit_bureau_a_1.dpdmax_757P),gain,1234.833204,0.001369467136
lightgbm,7,MAX_MIN_DELTA(credit_bureau_a_1.dpdmaxdatemonth_442T),gain,1488.592896,0.00165089426
lightgbm,7,MAX_MIN_DELTA(credit_bureau_a_1.dpdmaxdateyear_596T),gain,12199.63072,0.01352975712
lightgbm,7,MIN(credit_bureau_a_1.monthlyinstlamount_674A),gain,192.3764019,0.0002133512114
lightgbm,7,MIN(credit_bureau_a_1.overdueamountmax2_398A),gain,3726.32185,0.004132602924
lightgbm,7,MODE(credit_bureau_a_1.classificationofcontr_400M),gain,938.5536041,0.001040884155
lightgbm,7,MODE(credit_bureau_a_1.contractst_964M),gain,0,0
lightgbm,7,MODE(credit_bureau_a_1.financialinstitution_382M),gain,7026.962164,0.00779311223
lightgbm,7,STD(credit_bureau_a_1.dpdmax_139P),gain,372.6520004,0.0004132822683
lightgbm,7,STD(credit_bureau_a_1.nominalrate_498L),gain,0,0
lightgbm,7,SUM(credit_bureau_a_1.dpdmax_139P),gain,53887.54357,0.05976290538
lightgbm,7,SUM(credit_bureau_a_1.overdueamountmax2_398A),gain,132.1772995,0.0001465885976
lightgbm,7,SUM(credit_bureau_a_1.periodicityofpmts_837L),gain,2239.106606,0.00248323652
lightgbm,7,MODE(tax_registry_a_1.name_4527232M),gain,1531.410501,0.001698380272
lightgbm,7,ENTROPY(applprev_1.cancelreason_3545846M),gain,40.10309982,4.447554297e-05
lightgbm,7,MAX(applprev_1.byoccupationinc_3656910L),gain,1695.350689,0.001880194867
lightgbm,7,MAX(applprev_1.childnum_21L),gain,2160.137098,0.002395656963
lightgbm,7,MAX(applprev_1.downpmt_134A),gain,55.5685997,6.162724714e-05
lightgbm,7,MAX(applprev_1.maxdpdtolerance_577P),gain,31822.33864,0.03529192995
lightgbm,7,MEAN(applprev_1.currdebt_94A),gain,12163.30832,0.01348947448
lightgbm,7,MIN(applprev_1.credacc_credlmt_575A),gain,404.843998,0.000448984161
lightgbm,7,MIN(applprev_1.currdebt_94A),gain,0,0
lightgbm,7,MODE(applprev_1.postype_4733339M),gain,0,0
lightgbm,7,MODE(applprev_1.status_219L),gain,33668.88207,0.03733980211
lightgbm,7,SKEW(applprev_1.actualdpd_943P),gain,0,0
lightgbm,7,SKEW(applprev_1.currdebt_94A),gain,337.5387001,0.0003743405629
lightgbm,7,STD(applprev_1.actualdpd_943P),gain,338.9805012,0.0003759395636
lightgbm,7,STD(applprev_1.childnum_21L),gain,405.7688942,0.0004500098988
lightgbm,7,STD(applprev_1.maxdpdtolerance_577P),gain,3783.037964,0.004195502799
lightgbm,7,SUM(applprev_1.maxdpdtolerance_577P),gain,6174.55477,0.006847766811
lightgbm,7,MEAN(credit_bureau_a_2.pmts_overdue_1152A),gain,24240.39919,0.02688333123
lightgbm,7,MIN(credit_bureau_a_2.pmts_overdue_1152A),gain,0,0
lightgbm,7,MAX(static_0.avgdbddpdlast3m_4187120P),gain,6913.350088,0.007667113024
lightgbm,7,MAX(static_0.avgpmtlast12m_4525200A),gain,157.4360046,0.0001746012608
lightgbm,7,MAX(static_0.eir_270L),gain,10823.32545,0.01200339322
lightgbm,7,MAX(static_0.homephncnt_628L),gain,4616.641485,0.005119994157
lightgbm,7,MAX(static_0.lastrejectcredamount_222A),gain,68.80849838,7.63106927e-05
lightgbm,7,MAX(static_0.maininc_215A),gain,486.6162987,0.0005396721002
lightgbm,7,MAX(static_0.maxdpdinstlnum_3546846P),gain,2833.047689,0.003141935033
lightgbm,7,MAX(static_0.maxinstallast24m_3658928A),gain,1109.315189,0.001230263885
lightgbm,7,MAX(static_0.maxlnamtstart6m_4525199A),gain,120.8622017,0.0001340398141
lightgbm,7,MAX(static_0.maxpmtlast3m_4525190A),gain,22.26779938,2.469565875e-05
lightgbm,7,MAX(static_0.mobilephncnt_593L),gain,18065.9662,0.02003569947
lightgbm,7,MAX(static_0.numactivecreds_622L),gain,27.92499924,3.096966342e-05
lightgbm,7,MAX(static_0.numactiverelcontr_750L),gain,245.7890015,0.0002725873896
lightgbm,7,MAX(static_0.numcontrs3months_479L),gain,3477.54958,0.003856706999
lightgbm,7,MAX(static_0.numrejects9m_859L),gain,14225.3854,0.01577637994
lightgbm,7,MODE(static_0.bankacctype_710L),gain,1451.253006,0.0016094832
lightgbm,7,MODE(static_0.credtype_322L),gain,6565.071201,0.007280861271
lightgbm,7,MODE(static_0.disbursementtype_67L),gain,11244.41288,0.01247039182
lightgbm,7,MODE(static_0.lastapprcommoditycat_1041M),gain,2419.969896,0.002683819346
lightgbm,7,MODE(static_0.lastapprcommoditytypec_5251766M),gain,0,0
lightgbm,7,MODE(static_0.lastcancelreason_561M),gain,5056.772457,0.005608112633
lightgbm,7,MODE(static_0.lastrejectcommoditycat_161M),gain,866.7502003,0.0009612520217
lightgbm,7,MODE(static_0.lastrejectcommodtypec_5251769M),gain,0,0
lightgbm,7,MODE(static_0.lastrejectreason_759M),gain,13094.05188,0.01452169706
lightgbm,7,MODE(static_0.lastrejectreasonclient_4145040M),gain,324.4385948,0.0003598121524
lightgbm,7,MODE(static_0.lastst_736L),gain,3511.659166,0.003894535556
lightgbm,7,MODE(static_0.previouscontdistrict_112M),gain,91349.17171,0.1013089769
lightgbm,7,MODE(static_0.typesuite_864L),gain,675.3688068,0.0007490043045
lightgbm,7,SUM(static_0.avgdbddpdlast24m_3658932P),gain,30664.90833,0.03400830495
lightgbm,7,SUM(static_0.maxdpdlast12m_727P),gain,43406.32992,0.04813892443
lightgbm,7,SUM(static_0.numinstlswithdpd10_728L),gain,19242.06821,0.02134003195
lightgbm,7,SUM(static_0.pmtnum_254L),gain,18723.27322,0.02076467271
lightgbm,7,COUNT(person_2),gain,2178.283075,0.002415781397
lightgbm,7,MAX(static_cb_0.pmtscount_423L),gain,14981.65729,0.01661510819
lightgbm,7,MODE(static_cb_0.description_5085714M),gain,0,0
lightgbm,7,MODE(static_cb_0.education_1103M),gain,4593.626007,0.0050944693
lightgbm,7,MODE(static_cb_0.education_88M),gain,0,0
lightgbm,7,MODE(static_cb_0.maritalst_385M),gain,1383.1131,0.001533913996
lightgbm,7,MODE(static_cb_0.requesttype_4525192L),gain,2786.741518,0.003090580097
lightgbm,7,SUM(static_cb_0.days120_123L),gain,31572.50296,0.03501485468
lightgbm,7,SUM(static_cb_0.days30_165L),gain,9248.867529,0.01025727206
lightgbm,7,MAX_MIN_DELTA(applprev_2.num_group2),gain,0,0
lightgbm,7,MONTH(date_decision),gain,6090.127293,0.006754134202
lightgbm,7,SEASON(date_decision),gain,267.3959999,0.0002965502003
lightgbm,7,WEEKDAY(date_decision),gain,3470.680687,0.003849089191
lightgbm,7,COUNT(person_1),split,11,0.001198257081
lightgbm,7,MODE(person_1.contaddr_district_15M),split,987,0.1075163399
lightgbm,7,MODE(person_1.contaddr_zipcode_807M),split,2033,0.221459695
lightgbm,7,MODE(person_1.education_927M),split,19,0.002069716776
lightgbm,7,MODE(person_1.empladdr_district_926M),split,87,0.009477124183
lightgbm,7,MODE(person_1.empladdr_zipcode_114M),split,8,0.000871459695
lightgbm,7,MODE(person_1.incometype_1044T),split,185,0.02015250545
lightgbm,7,MODE(person_1.language1_981M),split,7,0.0007625272331
lightgbm,7,MODE(person_1.role_1084L),split,5,0.0005446623094
lightgbm,7,MODE(person_1.sex_738L),split,103,0.01122004357
lightgbm,7,MODE(person_1.type_25L),split,0,0
lightgbm,7,COUNT(credit_bureau_a_1),split,44,0.004793028322
lightgbm,7,MAX(credit_bureau_a_1.dpdmax_139P),split,100,0.01089324619
lightgbm,7,MAX(credit_bureau_a_1.dpdmax_757P),split,52,0.005664488017
lightgbm,7,MAX(credit_bureau_a_1.instlamount_768A),split,115,0.01252723312
lightgbm,7,MAX(credit_bureau_a_1.nominalrate_281L),split,69,0.007516339869
lightgbm,7,MAX(credit_bureau_a_1.nominalrate_498L),split,36,0.003921568627
lightgbm,7,MAX(credit_bureau_a_1.numberofcontrsvalue_358L),split,169,0.01840958606
lightgbm,7,MAX(credit_bureau_a_1.numberofinstls_320L),split,109,0.01187363834
lightgbm,7,MAX(credit_bureau_a_1.outstandingamount_354A),split,11,0.001198257081
lightgbm,7,MAX(credit_bureau_a_1.overdueamount_31A),split,0,0
lightgbm,7,MAX(credit_bureau_a_1.overdueamountmax2_398A),split,7,0.0007625272331
lightgbm,7,MAX(credit_bureau_a_1.residualamount_488A),split,8,0.000871459695
lightgbm,7,MAX_MIN_DELTA(credit_bureau_a_1.dpdmax_757P),split,11,0.001198257081
lightgbm,7,MAX_MIN_DELTA(credit_bureau_a_1.dpdmaxdatemonth_442T),split,17,0.001851851852
lightgbm,7,MAX_MIN_DELTA(credit_bureau_a_1.dpdmaxdateyear_596T),split,88,0.009586056645
lightgbm,7,MIN(credit_bureau_a_1.monthlyinstlamount_674A),split,5,0.0005446623094
lightgbm,7,MIN(credit_bureau_a_1.overdueamountmax2_398A),split,23,0.002505446623
lightgbm,7,MODE(credit_bureau_a_1.classificationofcontr_400M),split,8,0.000871459695
lightgbm,7,MODE(credit_bureau_a_1.contractst_964M),split,0,0
lightgbm,7,MODE(credit_bureau_a_1.financialinstitution_382M),split,88,0.009586056645
lightgbm,7,STD(credit_bureau_a_1.dpdmax_139P),split,10,0.001089324619
lightgbm,7,STD(credit_bureau_a_1.nominalrate_498L),split,0,0
lightgbm,7,SUM(credit_bureau_a_1.dpdmax_139P),split,145,0.01579520697
lightgbm,7,SUM(credit_bureau_a_1.overdueamountmax2_398A),split,4,0.0004357298475
lightgbm,7,SUM(credit_bureau_a_1.periodicityofpmts_837L),split,7,0.0007625272331
lightgbm,7,MODE(tax_registry_a_1.name_4527232M),split,27,0.002941176471
lightgbm,7,ENTROPY(applprev_1.cancelreason_3545846M),split,2,0.0002178649237
lightgbm,7,MAX(applprev_1.byoccupationinc_3656910L),split,23,0.002505446623
lightgbm,7,MAX(applprev_1.childnum_21L),split,35,0.003812636166
lightgbm,7,MAX(applprev_1.downpmt_134A),split,2,0.0002178649237
lightgbm,7,MAX(applprev_1.maxdpdtolerance_577P),split,60,0.006535947712
lightgbm,7,MEAN(applprev_1.currdebt_94A),split,162,0.01764705882
lightgbm,7,MIN(applprev_1.credacc_credlmt_575A),split,12,0.001307189542
lightgbm,7,MIN(applprev_1.currdebt_94A),split,0,0
lightgbm,7,MODE(applprev_1.postype_4733339M),split,0,0
lightgbm,7,MODE(applprev_1.status_219L),split,59,0.006427015251
lightgbm,7,SKEW(applprev_1.actualdpd_943P),split,0,0
lightgbm,7,SKEW(applprev_1.currdebt_94A),split,3,0.0003267973856
lightgbm,7,STD(applprev_1.actualdpd_943P),split,10,0.001089324619
lightgbm,7,STD(applprev_1.childnum_21L),split,5,0.0005446623094
lightgbm,7,STD(applprev_1.maxdpdtolerance_577P),split,41,0.004466230937
lightgbm,7,SUM(applprev_1.maxdpdtolerance_577P),split,53,0.005773420479
lightgbm,7,MEAN(credit_bureau_a_2.pmts_overdue_1152A),split,67,0.007298474946
lightgbm,7,MIN(credit_bureau_a_2.pmts_overdue_1152A),split,0,0
lightgbm,7,MAX(static_0.avgdbddpdlast3m_4187120P),split,36,0.003921568627
lightgbm,7,MAX(static_0.avgpmtlast12m_4525200A),split,1,0.0001089324619
lightgbm,7,MAX(static_0.eir_270L),split,123,0.01339869281
lightgbm,7,MAX(static_0.homephncnt_628L),split,46,0.005010893246
lightgbm,7,MAX(static_0.lastrejectcredamount_222A),split,2,0.0002178649237
lightgbm,7,MAX(static_0.maininc_215A),split,13,0.001416122004
lightgbm,7,MAX(static_0.maxdpdinstlnum_3546846P),split,52,0.005664488017
lightgbm,7,MAX(static_0.maxinstallast24m_3658928A),split,29,0.003159041394
lightgbm,7,MAX(static_0.maxlnamtstart6m_4525199A),split,5,0.0005446623094
lightgbm,7,MAX(static_0.maxpmtlast3m_4525190A),split,1,0.0001089324619
lightgbm,7,MAX(static_0.mobilephncnt_593L),split,171,0.01862745098
lightgbm,7,MAX(static_0.numactivecreds_622L),split,1,0.0001089324619
lightgbm,7,MAX(static_0.numactiverelcontr_750L),split,2,0.0002178649237
lightgbm,7,MAX(static_0.numcontrs3months_479L),split,37,0.004030501089
lightgbm,7,MAX(static_0.numrejects9m_859L),split,53,0.005773420479
lightgbm,7,MODE(static_0.bankacctype_710L),split,4,0.0004357298475
lightgbm,7,MODE(static_0.credtype_322L),split,81,0.008823529412
lightgbm,7,MODE(static_0.disbursementtype_67L),split,120,0.01307189542
lightgbm,7,MODE(static_0.lastapprcommoditycat_1041M),split,61,0.006644880174
lightgbm,7,MODE(static_0.lastapprcommoditytypec_5251766M),split,0,0
lightgbm,7,MODE(static_0.lastcancelreason_561M),split,34,0.003703703704
lightgbm,7,MODE(static_0.lastrejectcommoditycat_161M),split,24,0.002614379085
lightgbm,7,MODE(static_0.lastrejectcommodtypec_5251769M),split,0,0
lightgbm,7,MODE(static_0.lastrejectreason_759M),split,43,0.004684095861
lightgbm,7,MODE(static_0.lastrejectreasonclient_4145040M),split,5,0.0005446623094
lightgbm,7,MODE(static_0.lastst_736L),split,43,0.004684095861
lightgbm,7,MODE(static_0.previouscontdistrict_112M),split,1819,0.1981481481
lightgbm,7,MODE(static_0.typesuite_864L),split,12,0.001307189542
lightgbm,7,SUM(static_0.avgdbddpdlast24m_3658932P),split,110,0.01198257081
lightgbm,7,SUM(static_0.maxdpdlast12m_727P),split,108,0.01176470588
lightgbm,7,SUM(static_0.numinstlswithdpd10_728L),split,90,0.009803921569
lightgbm,7,SUM(static_0.pmtnum_254L),split,204,0.02222222222
lightgbm,7,COUNT(person_2),split,27,0.002941176471
lightgbm,7,MAX(static_cb_0.pmtscount_423L),split,120,0.01307189542
lightgbm,7,MODE(static_cb_0.description_5085714M),split,0,0
lightgbm,7,MODE(static_cb_0.education_1103M),split,53,0.005773420479
lightgbm,7,MODE(static_cb_0.education_88M),split,0,0
lightgbm,7,MODE(static_cb_0.maritalst_385M),split,29,0.003159041394
lightgbm,7,MODE(static_cb_0.requesttype_4525192L),split,24,0.002614379085
lightgbm,7,SUM(static_cb_0.days120_123L),split,218,0.02374727669
lightgbm,7,SUM(static_cb_0.days30_165L),split,85,0.009259259259
lightgbm,7,MAX_MIN_DELTA(applprev_2.num_group2),split,0,0
lightgbm,7,MONTH(date_decision),split,103,0.01122004357
lightgbm,7,SEASON(date_decision),split,7,0.0007625272331
lightgbm,7,WEEKDAY(date_decision),split,52,0.005664488017
xgboost,7,COUNT(person_1),gain,17.79763603,0.002220988605
xgboost,7,MODE(person_1.contaddr_district_15M),gain,45.07617188,0.005625110205
xgboost,7,MODE(person_1.contaddr_zipcode_807M),gain,68.33955383,0.008528175878
xgboost,7,MODE(person_1.education_927M),gain,52.9426384,0.006606776111
xgboost,7,MODE(person_1.empladdr_district_926M),gain,37.4822731,0.004677458359
xgboost,7,MODE(person_1.empladdr_zipcode_114M),gain,46.00496292,0.005741015167
xgboost,7,MODE(person_1.incometype_1044T),gain,125.7186737,0.0156885859
xgboost,7,MODE(person_1.language1_981M),gain,87.35904694,0.01090164151
xgboost,7,MODE(person_1.role_1084L),gain,8.824113846,0.001101171878
xgboost,7,MODE(person_1.sex_738L),gain,124.8522949,0.01558046944
xgboost,7,MODE(person_1.type_25L),gain,20.96279526,0.002615972666
xgboost,7,COUNT(credit_bureau_a_1),gain,100.9448013,0.01259702429
xgboost,7,MAX(credit_bureau_a_1.dpdmax_139P),gain,236.3659363,0.02949639211
xgboost,7,MAX(credit_bureau_a_1.dpdmax_757P),gain,126.8670425,0.01583189224
xgboost,7,MAX(credit_bureau_a_1.instlamount_768A),gain,77.53050995,0.009675126449
xgboost,7,MAX(credit_bureau_a_1.nominalrate_281L),gain,61.91992569,0.00772706269
xgboost,7,MAX(credit_bureau_a_1.nominalrate_498L),gain,41.42528534,0.005169511643
xgboost,7,MAX(credit_bureau_a_1.numberofcontrsvalue_358L),gain,177.4025726,0.02213828238
xgboost,7,MAX(credit_bureau_a_1.numberofinstls_320L),gain,126.0404129,0.01572873612
xgboost,7,MAX(credit_bureau_a_1.outstandingamount_354A),gain,20.88533592,0.002606306422
xgboost,7,MAX(credit_bureau_a_1.overdueamount_31A),gain,7.149339676,0.0008921747766
xgboost,7,MAX(credit_bureau_a_1.overdueamountmax2_398A),gain,15.92814445,0.001987692481
xgboost,7,MAX(credit_bureau_a_1.residualamount_488A),gain,80.6539917,0.01006490953
xgboost,7,MAX_MIN_DELTA(credit_bureau_a_1.dpdmax_757P),gain,79.41445923,0.009910226766
xgboost,7,MAX_MIN_DELTA(credit_bureau_a_1.dpdmaxdatemonth_442T),gain,51.91820526,0.006478935857
xgboost,7,MAX_MIN_DELTA(credit_bureau_a_1.dpdmaxdateyear_596T),gain,111.9631577,0.01397201835
xgboost,7,MIN(credit_bureau_a_1.monthlyinstlamount_674A),gain,28.00251579,0.003494467937
xgboost,7,MIN(credit_bureau_a_1.overdueamountmax2_398A),gain,155.9471893,0.01946083906
xgboost,7,MODE(credit_bureau_a_1.classificationofcontr_400M),gain,65.88212585,0.008221510458
xgboost,7,MODE(credit_bureau_a_1.contractst_964M),gain,13.58396626,0.001695159638
xgboost,7,MODE(credit_bureau_a_1.financialinstitution_382M),gain,83.71196747,0.01044651804
xgboost,7,STD(credit_bureau_a_1.dpdmax_139P),gain,27.18606567,0.003392582136
xgboost,7,STD(credit_bureau_a_1.nominalrate_498L),gain,10.48386288,0.001308293974
xgboost,7,SUM(credit_bureau_a_1.dpdmax_139P),gain,247.6849213,0.03090890198
xgboost,7,SUM(credit_bureau_a_1.overdueamountmax2_398A),gain,13.92599392,0.001737841686
xgboost,7,SUM(credit_bureau_a_1.periodicityofpmts_837L),gain,512.0796509,0.06390304123
xgboost,7,MODE(tax_registry_a_1.name_4527232M),gain,57.60868835,0.007189058149
xgboost,7,ENTROPY(applprev_1.cancelreason_3545846M),gain,10.88329601,0.00135813972
xgboost,7,MAX(applprev_1.byoccupationinc_3656910L),gain,42.81272888,0.005342652406
xgboost,7,MAX(applprev_1.childnum_21L),gain,52.52345657,0.006554465903
xgboost,7,MAX(applprev_1.downpmt_134A),gain,9.780210495,0.00122048434
xgboost,7,MAX(applprev_1.maxdpdtolerance_577P),gain,438.3577881,0.05470320049
xgboost,7,MEAN(applprev_1.currdebt_94A),gain,60.67938232,0.007572253777
xgboost,7,MIN(applprev_1.credacc_credlmt_575A),gain,39.01373291,0.004868571088
xgboost,7,MIN(applprev_1.currdebt_94A),gain,10.41020775,0.001299102462
xgboost,7,MODE(applprev_1.postype_4733339M),gain,16.41114235,0.002047966375
xgboost,7,MODE(applprev_1.status_219L),gain,384.0910339,0.04793118636
xgboost,7,SKEW(applprev_1.actualdpd_943P),gain,7.538991928,0.0009407999541
xgboost,7,SKEW(applprev_1.currdebt_94A),gain,34.06762695,0.004251340521
xgboost,7,STD(applprev_1.actualdpd_943P),gain,38.1133728,0.004756214057
xgboost,7,STD(applprev_1.childnum_21L),gain,24.38836861,0.003043454123
xgboost,7,STD(applprev_1.maxdpdtolerance_577P),gain,79.28029633,0.009893484415
xgboost,7,SUM(applprev_1.maxdpdtolerance_577P),gain,94.63127899,0.01180915218
xgboost,7,MEAN(credit_bureau_a_2.pmts_overdue_1152A),gain,214.5549927,0.02677457798
xgboost,7,MIN(credit_bureau_a_2.pmts_overdue_1152A),gain,0,0
xgboost,7,MAX(static_0.avgdbddpdlast3m_4187120P),gain,77.20498657,0.009634503991
xgboost,7,MAX(static_0.avgpmtlast12m_4525200A),gain,21.06773376,0.00262906807
xgboost,7,MAX(static_0.eir_270L),gain,77.28633118,0.009644655083
xgboost,7,MAX(static_0.homephncnt_628L),gain,74.81314087,0.009336022663
xgboost,7,MAX(static_0.lastrejectcredamount_222A),gain,8.023084641,0.001001210471
xgboost,7,MAX(static_0.maininc_215A),gain,20.6332016,0.002574842274
xgboost,7,MAX(static_0.maxdpdinstlnum_3546846P),gain,42.8246994,0.005344146222
xgboost,7,MAX(static_0.maxinstallast24m_3658928A),gain,16.1130867,0.002010771649
xgboost,7,MAX(static_0.maxlnamtstart6m_4525199A),gain,12.78458023,0.001595403286
xgboost,7,MAX(static_0.maxpmtlast3m_4525190A),gain,2.725988388,0.0003401794
xgboost,7,MAX(static_0.mobilephncnt_593L),gain,90.26629639,0.0112644407
xgboost,7,MAX(static_0.numactivecreds_622L),gain,11.18747711,0.001396098849
xgboost,7,MAX(static_0.numactiverelcontr_750L),gain,45.5597229,0.005685453124
xgboost,7,MAX(static_0.numcontrs3months_479L),gain,74.66664124,0.009317740796
xgboost,7,MAX(static_0.numrejects9m_859L),gain,287.4559326,0.03587197477
xgboost,7,MODE(static_0.bankacctype_710L),gain,154.4389191,0.01927262018
xgboost,7,MODE(static_0.credtype_322L),gain,80.50113678,0.01004583458
xgboost,7,MODE(static_0.disbursementtype_67L),gain,73.42719269,0.009163068507
xgboost,7,MODE(static_0.lastapprcommoditycat_1041M),gain,26.32711792,0.003285393003
xgboost,7,MODE(static_0.lastapprcommoditytypec_5251766M),gain,0,0
xgboost,7,MODE(static_0.lastcancelreason_561M),gain,109.1629562,0.01362257782
xgboost,7,MODE(static_0.lastrejectcommoditycat_161M),gain,31.79243279,0.003967416279
xgboost,7,MODE(static_0.lastrejectcommodtypec_5251769M),gain,0,0
xgboost,7,MODE(static_0.lastrejectreason_759M),gain,211.6107788,0.02640716596
xgboost,7,MODE(static_0.lastrejectreasonclient_4145040M),gain,36.25458145,0.004524253228
xgboost,7,MODE(static_0.lastst_736L),gain,43.40413666,0.005416454901
xgboost,7,MODE(static_0.previouscontdistrict_112M),gain,51.45928192,0.006421666256
xgboost,7,MODE(static_0.typesuite_864L),gain,20.10810471,0.002509314795
xgboost,7,SUM(static_0.avgdbddpdlast24m_3658932P),gain,269.7262268,0.03365946326
xgboost,7,SUM(static_0.maxdpdlast12m_727P),gain,292.5821228,0.03651167826
xgboost,7,SUM(static_0.numinstlswithdpd10_728L),gain,193.1289062,0.02410079065
xgboost,7,SUM(static_0.pmtnum_254L),gain,73.88665009,0.009220404753
xgboost,7,COUNT(person_2),gain,99.3478775,0.01239774223
xgboost,7,MAX(static_cb_0.pmtscount_423L),gain,129.7298279,0.0161891427
xgboost,7,MODE(static_cb_0.description_5085714M),gain,0,0
xgboost,7,MODE(static_cb_0.education_1103M),gain,80.30614471,0.01002150128
xgboost,7,MODE(static_cb_0.education_88M),gain,0,0
xgboost,7,MODE(static_cb_0.maritalst_385M),gain,31.33618927,0.003910481097
xgboost,7,MODE(static_cb_0.requesttype_4525192L),gain,87.90303802,0.01096952682
xgboost,7,SUM(static_cb_0.days120_123L),gain,132.8247986,0.01657536785
xgboost,7,SUM(static_cb_0.days30_165L),gain,89.86118317,0.01121388613
xgboost,7,MAX_MIN_DELTA(applprev_2.num_group2),gain,23.90382576,0.002982987433
xgboost,7,MONTH(date_decision),gain,21.14404488,0.002638591026
xgboost,7,SEASON(date_decision),gain,25.26489258,0.003152836613
xgboost,7,WEEKDAY(date_decision),gain,35.93526077,0.004484404813
xgboost,7,COUNT(person_1),weight,16,0.001509861281
xgboost,7,MODE(person_1.contaddr_district_15M),weight,1086,0.1024818345
xgboost,7,MODE(person_1.contaddr_zipcode_807M),weight,2005,0.1892044918
xgboost,7,MODE(person_1.education_927M),weight,16,0.001509861281
xgboost,7,MODE(person_1.empladdr_district_926M),weight,70,0.006605643107
xgboost,7,MODE(person_1.empladdr_zipcode_114M),weight,78,0.007360573747
xgboost,7,MODE(person_1.incometype_1044T),weight,238,0.02245918656
xgboost,7,MODE(person_1.language1_981M),weight,6,0.0005661979806
xgboost,7,MODE(person_1.role_1084L),weight,2,0.0001887326602
xgboost,7,MODE(person_1.sex_738L),weight,129,0.01217325658
xgboost,7,MODE(person_1.type_25L),weight,4,0.0003774653204
xgboost,7,COUNT(credit_bureau_a_1),weight,56,0.005284514485
xgboost,7,MAX(credit_bureau_a_1.dpdmax_139P),weight,137,0.01292818722
xgboost,7,MAX(credit_bureau_a_1.dpdmax_757P),weight,69,0.006511276776
xgboost,7,MAX(credit_bureau_a_1.instlamount_768A),weight,115,0.01085212796
xgboost,7,MAX(credit_bureau_a_1.nominalrate_281L),weight,60,0.005661979806
xgboost,7,MAX(credit_bureau_a_1.nominalrate_498L),weight,36,0.003397187883
xgboost,7,MAX(credit_bureau_a_1.numberofcontrsvalue_358L),weight,183,0.01726903841
xgboost,7,MAX(credit_bureau_a_1.numberofinstls_320L),weight,102,0.00962536567
xgboost,7,MAX(credit_bureau_a_1.outstandingamount_354A),weight,6,0.0005661979806
xgboost,7,MAX(credit_bureau_a_1.overdueamount_31A),weight,2,0.0001887326602
xgboost,7,MAX(credit_bureau_a_1.overdueamountmax2_398A),weight,21,0.001981692932
xgboost,7,MAX(credit_bureau_a_1.residualamount_488A),weight,8,0.0007549306407
xgboost,7,MAX_MIN_DELTA(credit_bureau_a_1.dpdmax_757P),weight,22,0.002076059262
xgboost,7,MAX_MIN_DELTA(credit_bureau_a_1.dpdmaxdatemonth_442T),weight,29,0.002736623573
xgboost,7,MAX_MIN_DELTA(credit_bureau_a_1.dpdmaxdateyear_596T),weight,112,0.01056902897
xgboost,7,MIN(credit_bureau_a_1.monthlyinstlamount_674A),weight,7,0.0006605643107
xgboost,7,MIN(credit_bureau_a_1.overdueamountmax2_398A),weight,25,0.002359158252
xgboost,7,MODE(credit_bureau_a_1.classificationofcontr_400M),weight,13,0.001226762291
xgboost,7,MODE(credit_bureau_a_1.contractst_964M),weight,3,0.0002830989903
xgboost,7,MODE(credit_bureau_a_1.financialinstitution_382M),weight,110,0.01038029631
xgboost,7,STD(credit_bureau_a_1.dpdmax_139P),weight,18,0.001698593942
xgboost,7,STD(credit_bureau_a_1.nominalrate_498L),weight,7,0.0006605643107
xgboost,7,SUM(credit_bureau_a_1.dpdmax_139P),weight,203,0.01915636501
xgboost,7,SUM(credit_bureau_a_1.overdueamountmax2_398A),weight,25,0.002359158252
xgboost,7,SUM(credit_bureau_a_1.periodicityofpmts_837L),weight,6,0.0005661979806
xgboost,7,MODE(tax_registry_a_1.name_4527232M),weight,32,0.003019722563
xgboost,7,ENTROPY(applprev_1.cancelreason_3545846M),weight,24,0.002264791922
xgboost,7,MAX(applprev_1.byoccupationinc_3656910L),weight,33,0.003114088893
xgboost,7,MAX(applprev_1.childnum_21L),weight,47,0.004435217514
xgboost,7,MAX(applprev_1.downpmt_134A),weight,7,0.0006605643107
xgboost,7,MAX(applprev_1.maxdpdtolerance_577P),weight,84,0.007926771728
xgboost,7,MEAN(applprev_1.currdebt_94A),weight,195,0.01840143437
xgboost,7,MIN(applprev_1.credacc_credlmt_575A),weight,4,0.0003774653204
xgboost,7,MIN(applprev_1.currdebt_94A),weight,4,0.0003774653204
xgboost,7,MODE(applprev_1.postype_4733339M),weight,1,9.436633009e-05
xgboost,7,MODE(applprev_1.status_219L),weight,88,0.008304237048
xgboost,7,SKEW(applprev_1.actualdpd_943P),weight,2,0.0001887326602
xgboost,7,SKEW(applprev_1.currdebt_94A),weight,11,0.001038029631
xgboost,7,STD(applprev_1.actualdpd_943P),weight,6,0.0005661979806
xgboost,7,STD(applprev_1.childnum_21L),weight,20,0.001887326602
xgboost,7,STD(applprev_1.maxdpdtolerance_577P),weight,48,0.004529583844
xgboost,7,SUM(applprev_1.maxdpdtolerance_577P),weight,62,0.005850712466
xgboost,7,MEAN(credit_bureau_a_2.pmts_overdue_1152A),weight,97,0.009153534019
xgboost,7,MIN(credit_bureau_a_2.pmts_overdue_1152A),weight,0,0
xgboost,7,MAX(static_0.avgdbddpdlast3m_4187120P),weight,84,0.007926771728
xgboost,7,MAX(static_0.avgpmtlast12m_4525200A),weight,2,0.0001887326602
xgboost,7,MAX(static_0.eir_270L),weight,145,0.01368311786
xgboost,7,MAX(static_0.homephncnt_628L),weight,61,0.005756346136
xgboost,7,MAX(static_0.lastrejectcredamount_222A),weight,34,0.003208455223
xgboost,7,MAX(static_0.maininc_215A),weight,37,0.003491554213
xgboost,7,MAX(static_0.maxdpdinstlnum_3546846P),weight,63,0.005945078796
xgboost,7,MAX(static_0.maxinstallast24m_3658928A),weight,64,0.006039445126
xgboost,7,MAX(static_0.maxlnamtstart6m_4525199A),weight,1,9.436633009e-05
xgboost,7,MAX(static_0.maxpmtlast3m_4525190A),weight,2,0.0001887326602
xgboost,7,MAX(static_0.mobilephncnt_593L),weight,195,0.01840143437
xgboost,7,MAX(static_0.numactivecreds_622L),weight,2,0.0001887326602
xgboost,7,MAX(static_0.numactiverelcontr_750L),weight,3,0.0002830989903
xgboost,7,MAX(static_0.numcontrs3months_479L),weight,46,0.004340851184
xgboost,7,MAX(static_0.numrejects9m_859L),weight,56,0.005284514485
xgboost,7,MODE(static_0.bankacctype_710L),weight,12,0.001132395961
xgboost,7,MODE(static_0.credtype_322L),weight,77,0.007266207417
xgboost,7,MODE(static_0.disbursementtype_67L),weight,121,0.01141832594
xgboost,7,MODE(static_0.lastapprcommoditycat_1041M),weight,113,0.0106633953
xgboost,7,MODE(static_0.lastapprcommoditytypec_5251766M),weight,0,0
xgboost,7,MODE(static_0.lastcancelreason_561M),weight,49,0.004623950175
xgboost,7,MODE(static_0.lastrejectcommoditycat_161M),weight,31,0.002925356233
xgboost,7,MODE(static_0.lastrejectcommodtypec_5251769M),weight,0,0
xgboost,7,MODE(static_0.lastrejectreason_759M),weight,68,0.006416910446
xgboost,7,MODE(static_0.lastrejectreasonclient_4145040M),weight,13,0.001226762291
xgboost,7,MODE(static_0.lastst_736L),weight,56,0.005284514485
xgboost,7,MODE(static_0.previouscontdistrict_112M),weight,1711,0.1614607908
xgboost,7,MODE(static_0.typesuite_864L),weight,16,0.001509861281
xgboost,7,SUM(static_0.avgdbddpdlast24m_3658932P),weight,119,0.01122959328
xgboost,7,SUM(static_0.maxdpdlast12m_727P),weight,148,0.01396621685
xgboost,7,SUM(static_0.numinstlswithdpd10_728L),weight,105,0.00990846466
xgboost,7,SUM(static_0.pmtnum_254L),weight,259,0.02444087949
xgboost,7,COUNT(person_2),weight,14,0.001321128621
xgboost,7,MAX(static_cb_0.pmtscount_423L),weight,107,0.01009719732
xgboost,7,MODE(static_cb_0.description_5085714M),weight,0,0
xgboost,7,MODE(static_cb_0.education_1103M),weight,55,0.005190148155
xgboost,7,MODE(static_cb_0.education_88M),weight,0,0
xgboost,7,MODE(static_cb_0.maritalst_385M),weight,51,0.004812682835
xgboost,7,MODE(static_cb_0.requesttype_4525192L),weight,25,0.002359158252
xgboost,7,SUM(static_cb_0.days120_123L),weight,221,0.02085495895
xgboost,7,SUM(static_cb_0.days30_165L),weight,107,0.01009719732
xgboost,7,MAX_MIN_DELTA(applprev_2.num_group2),weight,10,0.0009436633009
xgboost,7,MONTH(date_decision),weight,394,0.03718033406
xgboost,7,SEASON(date_decision),weight,24,0.002264791922
xgboost,7,WEEKDAY(date_decision),weight,106,0.01000283099
lightgbm,8,COUNT(person_1),gain,515.7676954,0.0004144232097
lightgbm,8,MODE(person_1.contaddr_district_15M),gain,79755.86934,0.0640844389
lightgbm,8,MODE(person_1.contaddr_zipcode_807M),gain,224859.3278,0.1806761555
lightgbm,8,MODE(person_1.education_927M),gain,1094.177402,0.0008791797453
lightgbm,8,MODE(person_1.empladdr_district_926M),gain,7807.990444,0.006273778854
lightgbm,8,MODE(person_1.empladdr_zipcode_114M),gain,2244.05284,0.001803113279
lightgbm,8,MODE(person_1.incometype_1044T),gain,30635.78941,0.02461608645
lightgbm,8,MODE(person_1.language1_981M),gain,747.6973028,0.0006007803879
lightgbm,8,MODE(person_1.role_1084L),gain,348.7119045,0.0002801926294
lightgbm,8,MODE(person_1.sex_738L),gain,18724.47437,0.01504525553
lightgbm,8,MODE(person_1.type_25L),gain,228.9938507,0.0001839982757
lightgbm,8,COUNT(credit_bureau_a_1),gain,6383.56818,0.005129244886
lightgbm,8,MAX(credit_bureau_a_1.dpdmax_139P),gain,29973.81871,0.02408418803
lightgbm,8,MAX(credit_bureau_a_1.dpdmax_757P),gain,11666.83563,0.009374389885
lightgbm,8,MAX(credit_bureau_a_1.instlamount_768A),gain,14260.56321,0.01145846944
lightgbm,8,MAX(credit_bureau_a_1.nominalrate_281L),gain,5903.441305,0.004743459343
lightgbm,8,MAX(credit_bureau_a_1.nominalrate_498L),gain,2491.323504,0.002001797112
lightgbm,8,MAX(credit_bureau_a_1.numberofcontrsvalue_358L),gain,37171.08455,0.02986724509
lightgbm,8,MAX(credit_bureau_a_1.numberofinstls_320L),gain,16176.68904,0.01299809091
lightgbm,8,MAX(credit_bureau_a_1.outstandingamount_354A),gain,608.3825274,0.0004888399214
lightgbm,8,MAX(credit_bureau_a_1.overdueamount_31A),gain,0,0
lightgbm,8,MAX(credit_bureau_a_1.overdueamountmax2_398A),gain,710.6385851,0.0005710034304
lightgbm,8,MAX(credit_bureau_a_1.residualamount_488A),gain,698.7563019,0.0005614559267
lightgbm,8,MAX_MIN_DELTA(credit_bureau_a_1.dpdmax_757P),gain,779.7628117,0.0006265452646
lightgbm,8,MAX_MIN_DELTA(credit_bureau_a_1.dpdmaxdatemonth_442T),gain,1895.51248,0.001523058487
lightgbm,8,MAX_MIN_DELTA(credit_bureau_a_1.dpdmaxdateyear_596T),gain,11618.59095,0.009335624924
lightgbm,8,MIN(credit_bureau_a_1.monthlyinstlamount_674A),gain,502.6038094,0.0004038459285
lightgbm,8,MIN(credit_bureau_a_1.overdueamountmax2_398A),gain,5157.905896,0.004144416053
lightgbm,8,MODE(credit_bureau_a_1.classificationofcontr_400M),gain,1062.416602,0.0008536597041
lightgbm,8,MODE(credit_bureau_a_1.contractst_964M),gain,0,0
lightgbm,8,MODE(credit_bureau_a_1.financialinstitution_382M),gain,10756.13171,0.008642632465
lightgbm,8,STD(credit_bureau_a_1.dpdmax_139P),gain,910.8499937,0.000731874798
lightgbm,8,STD(credit_bureau_a_1.nominalrate_498L),gain,75.74199963,6.085926449e-05
lightgbm,8,SUM(credit_bureau_a_1.dpdmax_139P),gain,64316.37502,0.05167868947
lightgbm,8,SUM(credit_bureau_a_1.overdueamountmax2_398A),gain,400.8439989,0.000322081158
lightgbm,8,SUM(credit_bureau_a_1.periodicityofpmts_837L),gain,1937.959011,0.001557164593
lightgbm,8,MODE(tax_registry_a_1.name_4527232M),gain,4445.516541,0.003572005866
lightgbm,8,ENTROPY(applprev_1.cancelreason_3545846M),gain,140.2396593,0.0001126836175
lightgbm,8,MAX(applprev_1.byoccupationinc_3656910L),gain,2668.929199,0.002144504619
lightgbm,8,MAX(applprev_1.childnum_21L),gain,3458.92309,0.002779270632
lightgbm,8,MAX(applprev_1.downpmt_134A),gain,543.0440989,0.0004363400043
lightgbm,8,MAX(applprev_1.maxdpdtolerance_577P),gain,35347.16271,0.02840171022
lightgbm,8,MEAN(applprev_1.currdebt_94A),gain,14881.96233,0.01195776829
lightgbm,8,MIN(applprev_1.credacc_credlmt_575A),gain,894.301198,0.0007185777166
lightgbm,8,MIN(applprev_1.currdebt_94A),gain,43.85200024,3.523541092e-05
lightgbm,8,MODE(applprev_1.postype_4733339M),gain,369.3423586,0.0002967693539
lightgbm,8,MODE(applprev_1.status_219L),gain,36717.04218,0.02950241864
lightgbm,8,SKEW(applprev_1.actualdpd_943P),gain,95.6639986,7.686674001e-05
lightgbm,8,SKEW(applprev_1.currdebt_94A),gain,701.8057976,0.0005639062194
lightgbm,8,STD(applprev_1.actualdpd_943P),gain,545.6942024,0.0004384693824
lightgbm,8,STD(applprev_1.childnum_21L),gain,878.0739975,0.0007055390394
lightgbm,8,STD(applprev_1.maxdpdtolerance_577P),gain,3749.928263,0.00301309547
lightgbm,8,SUM(applprev_1.maxdpdtolerance_577P),gain,11349.41933,0.009119343509
lightgbm,8,MEAN(credit_bureau_a_2.pmts_overdue_1152A),gain,28938.65432,0.02325242568
lightgbm,8,MIN(credit_bureau_a_2.pmts_overdue_1152A),gain,0,0
lightgbm,8,MAX(static_0.avgdbddpdlast3m_4187120P),gain,8668.170074,0.006964939635
lightgbm,8,MAX(static_0.avgpmtlast12m_4525200A),gain,178.8359003,0.0001436959865
lightgbm,8,MAX(static_0.eir_270L),gain,14265.30042,0.01146227582
lightgbm,8,MAX(static_0.homephncnt_628L),gain,4757.448967,0.003822645909
lightgbm,8,MAX(static_0.lastrejectcredamount_222A),gain,537.6374865,0.0004319957507
lightgbm,8,MAX(static_0.maininc_215A),gain,1059.608184,0.000851403119
lightgbm,8,MAX(static_0.maxdpdinstlnum_3546846P),gain,4546.654163,0.003653270704
lightgbm,8,MAX(static_0.maxinstallast24m_3658928A),gain,2572.374101,0.002066921873
lightgbm,8,MAX(static_0.maxlnamtstart6m_4525199A),gain,398.8000059,0.0003204387943
lightgbm,8,MAX(static_0.maxpmtlast3m_4525190A),gain,94.71380043,7.610324866e-05
lightgbm,8,MAX(static_0.mobilephncnt_593L),gain,20699.0876,0.01663187205
lightgbm,8,MAX(static_0.numactivecreds_622L),gain,259.1302996,0.0002082131382
lightgbm,8,MAX(static_0.numactiverelcontr_750L),gain,218.5133915,0.0001755771481
lightgbm,8,MAX(static_0.numcontrs3months_479L),gain,4089.049894,0.003285582243
lightgbm,8,MAX(static_0.numrejects9m_859L),gain,16461.10713,0.01322662298
lightgbm,8,MODE(static_0.bankacctype_710L),gain,2269.594236,0.001823635983
lightgbm,8,MODE(static_0.credtype_322L),gain,8574.072024,0.006889331146
lightgbm,8,MODE(static_0.disbursementtype_67L),gain,12911.2622,0.01037429597
lightgbm,8,MODE(static_0.lastapprcommoditycat_1041M),gain,3959.467799,0.003181462058
lightgbm,8,MODE(static_0.lastapprcommoditytypec_5251766M),gain,0,0
lightgbm,8,MODE(static_0.lastcancelreason_561M),gain,10257.9579,0.008242346071
lightgbm,8,MODE(static_0.lastrejectcommoditycat_161M),gain,2023.124003,0.001625595303
lightgbm,8,MODE(static_0.lastrejectcommodtypec_5251769M),gain,0,0
lightgbm,8,MODE(static_0.lastrejectreason_759M),gain,15307.45484,0.01229965472
lightgbm,8,MODE(static_0.lastrejectreasonclient_4145040M),gain,841.6414423,0.0006762652082
lightgbm,8,MODE(static_0.lastst_736L),gain,3395.436563,0.002728258732
lightgbm,8,MODE(static_0.previouscontdistrict_112M),gain,155109.2835,0.1246314721
lightgbm,8,MODE(static_0.typesuite_864L),gain,862.7213974,0.0006932031101
lightgbm,8,SUM(static_0.avgdbddpdlast24m_3658932P),gain,33041.61968,0.0265491891
lightgbm,8,SUM(static_0.maxdpdlast12m_727P),gain,49224.83316,0.03955252245
lightgbm,8,SUM(static_0.numinstlswithdpd10_728L),gain,20053.35371,0.01611302003
lightgbm,8,SUM(static_0.pmtnum_254L),gain,22412.54626,0.01800864893
lightgbm,8,COUNT(person_2),gain,2715.030313,0.00218154721
lightgbm,8,MAX(static_cb_0.pmtscount_423L),gain,16126.4438,0.01295771849
lightgbm,8,MODE(static_cb_0.description_5085714M),gain,0,0
lightgbm,8,MODE(static_cb_0.education_1103M),gain,4795.694404,0.003853376404
lightgbm,8,MODE(static_cb_0.education_88M),gain,0,0
lightgbm,8,MODE(static_cb_0.maritalst_385M),gain,2122.801204,0.001705686681
lightgbm,8,MODE(static_cb_0.requesttype_4525192L),gain,5214.808768,0.004190137938
lightgbm,8,SUM(static_cb_0.days120_123L),gain,34513.8264,0.02773211824
lightgbm,8,SUM(static_cb_0.days30_165L),gain,10136.28603,0.008144581811
lightgbm,8,MAX_MIN_DELTA(applprev_2.num_group2),gain,195.8432016,0.0001573614806
lightgbm,8,MONTH(date_decision),gain,7150.702785,0.005745643292
lightgbm,8,SEASON(date_decision),gain,612.5751591,0.0004922087324
lightgbm,8,WEEKDAY(date_decision),gain,3716.444718,0.002986191191
lightgbm,8,COUNT(person_1),split,19,0.0009060562709
lightgbm,8,MODE(person_1.contaddr_district_15M),split,2336,0.1113972341
lightgbm,8,MODE(person_1.contaddr_zipcode_807M),split,6695,0.3192656175
lightgbm,8,MODE(person_1.education_927M),split,38,0.001812112542
lightgbm,8,MODE(person_1.empladdr_district_926M),split,374,0.01783500238
lightgbm,8,MODE(person_1.empladdr_zipcode_114M),split,128,0.006103958035
lightgbm,8,MODE(person_1.incometype_1044T),split,243,0.01158798283
lightgbm,8,MODE(person_1.language1_981M),split,34,0.001621363853
lightgbm,8,MODE(person_1.role_1084L),split,11,0.0005245588937
lightgbm,8,MODE(person_1.sex_738L),split,142,0.006771578445
lightgbm,8,MODE(person_1.type_25L),split,15,0.0007153075823
lightgbm,8,COUNT(credit_bureau_a_1),split,79,0.0037672866
lightgbm,8,MAX(credit_bureau_a_1.dpdmax_139P),split,156,0.007439198856
lightgbm,8,MAX(credit_bureau_a_1.dpdmax_757P),split,103,0.004911778732
lightgbm,8,MAX(credit_bureau_a_1.instlamount_768A),split,231,0.01101573677
lightgbm,8,MAX(credit_bureau_a_1.nominalrate_281L),split,109,0.005197901764
lightgbm,8,MAX(credit_bureau_a_1.nominalrate_498L),split,67,0.003195040534
lightgbm,8,MAX(credit_bureau_a_1.numberofcontrsvalue_358L),split,209,0.009966618979
lightgbm,8,MAX(credit_bureau_a_1.numberofinstls_320L),split,183,0.008726752504
lightgbm,8,MAX(credit_bureau_a_1.outstandingamount_354A),split,19,0.0009060562709
lightgbm,8,MAX(credit_bureau_a_1.overdueamount_31A),split,0,0
lightgbm,8,MAX(credit_bureau_a_1.overdueamountmax2_398A),split,38,0.001812112542
lightgbm,8,MAX(credit_bureau_a_1.residualamount_488A),split,14,0.0006676204101
lightgbm,8,MAX_MIN_DELTA(credit_bureau_a_1.dpdmax_757P),split,16,0.0007629947544
lightgbm,8,MAX_MIN_DELTA(credit_bureau_a_1.dpdmaxdatemonth_442T),split,30,0.001430615165
lightgbm,8,MAX_MIN_DELTA(credit_bureau_a_1.dpdmaxdateyear_596T),split,104,0.004959465904
lightgbm,8,MIN(credit_bureau_a_1.monthlyinstlamount_674A),split,22,0.001049117787
lightgbm,8,MIN(credit_bureau_a_1.overdueamountmax2_398A),split,39,0.001859799714
lightgbm,8,MODE(credit_bureau_a_1.classificationofcontr_400M),split,13,0.000619933238
lightgbm,8,MODE(credit_bureau_a_1.contractst_964M),split,0,0
lightgbm,8,MODE(credit_bureau_a_1.financialinstitution_382M),split,234,0.01115879828
lightgbm,8,STD(credit_bureau_a_1.dpdmax_139P),split,36,0.001716738197
lightgbm,8,STD(credit_bureau_a_1.nominalrate_498L),split,5,0.0002384358608
lightgbm,8,SUM(credit_bureau_a_1.dpdmax_139P),split,186,0.00886981402
lightgbm,8,SUM(credit_bureau_a_1.overdueamountmax2_398A),split,22,0.001049117787
lightgbm,8,SUM(credit_bureau_a_1.periodicityofpmts_837L),split,10,0.0004768717215
lightgbm,8,MODE(tax_registry_a_1.name_4527232M),split,108,0.005150214592
lightgbm,8,ENTROPY(applprev_1.cancelreason_3545846M),split,10,0.0004768717215
lightgbm,8,MAX(applprev_1.byoccupationinc_3656910L),split,44,0.002098235575
lightgbm,8,MAX(applprev_1.childnum_21L),split,64,0.003051979018
lightgbm,8,MAX(applprev_1.downpmt_134A),split,31,0.001478302337
lightgbm,8,MAX(applprev_1.maxdpdtolerance_577P),split,80,0.003814973772
lightgbm,8,MEAN(applprev_1.currdebt_94A),split,250,0.01192179304
lightgbm,8,MIN(applprev_1.credacc_credlmt_575A),split,37,0.00176442537
lightgbm,8,MIN(applprev_1.currdebt_94A),split,3,0.0001430615165
lightgbm,8,MODE(applprev_1.postype_4733339M),split,16,0.0007629947544
lightgbm,8,MODE(applprev_1.status_219L),split,76,0.003624225083
lightgbm,8,SKEW(applprev_1.actualdpd_943P),split,6,0.0002861230329
lightgbm,8,SKEW(applprev_1.currdebt_94A),split,15,0.0007153075823
lightgbm,8,STD(applprev_1.actualdpd_943P),split,20,0.000953743443
lightgbm,8,STD(applprev_1.childnum_21L),split,25,0.001192179304
lightgbm,8,STD(applprev_1.maxdpdtolerance_577P),split,58,0.002765855985
lightgbm,8,SUM(applprev_1.maxdpdtolerance_577P),split,72,0.003433476395
lightgbm,8,MEAN(credit_bureau_a_2.pmts_overdue_1152A),split,114,0.005436337625
lightgbm,8,MIN(credit_bureau_a_2.pmts_overdue_1152A),split,0,0
lightgbm,8,MAX(static_0.avgdbddpdlast3m_4187120P),split,99,0.004721030043
lightgbm,8,MAX(static_0.avgpmtlast12m_4525200A),split,12,0.0005722460658
lightgbm,8,MAX(static_0.eir_270L),split,202,0.009632808774
lightgbm,8,MAX(static_0.homephncnt_628L),split,58,0.002765855985
lightgbm,8,MAX(static_0.lastrejectcredamount_222A),split,23,0.001096804959
lightgbm,8,MAX(static_0.maininc_215A),split,52,0.002479732952
lightgbm,8,MAX(static_0.maxdpdinstlnum_3546846P),split,132,0.006294706724
lightgbm,8,MAX(static_0.maxinstallast24m_3658928A),split,116,0.005531711969
lightgbm,8,MAX(static_0.maxlnamtstart6m_4525199A),split,12,0.0005722460658
lightgbm,8,MAX(static_0.maxpmtlast3m_4525190A),split,5,0.0002384358608
lightgbm,8,MAX(static_0.mobilephncnt_593L),split,225,0.01072961373
lightgbm,8,MAX(static_0.numactivecreds_622L),split,10,0.0004768717215
lightgbm,8,MAX(static_0.numactiverelcontr_750L),split,4,0.0001907486886
lightgbm,8,MAX(static_0.numcontrs3months_479L),split,51,0.00243204578
lightgbm,8,MAX(static_0.numrejects9m_859L),split,87,0.004148783977
lightgbm,8,MODE(static_0.bankacctype_710L),split,12,0.0005722460658
lightgbm,8,MODE(static_0.credtype_322L),split,132,0.006294706724
lightgbm,8,MODE(static_0.disbursementtype_67L),split,161,0.007677634716
lightgbm,8,MODE(static_0.lastapprcommoditycat_1041M),split,151,0.007200762995
lightgbm,8,MODE(static_0.lastapprcommoditytypec_5251766M),split,0,0
lightgbm,8,MODE(static_0.lastcancelreason_561M),split,165,0.007868383405
lightgbm,8,MODE(static_0.lastrejectcommoditycat_161M),split,88,0.004196471149
lightgbm,8,MODE(static_0.lastrejectcommodtypec_5251769M),split,0,0
lightgbm,8,MODE(static_0.lastrejectreason_759M),split,70,0.003338102051
lightgbm,8,MODE(static_0.lastrejectreasonclient_4145040M),split,18,0.0008583690987
lightgbm,8,MODE(static_0.lastst_736L),split,75,0.003576537911
lightgbm,8,MODE(static_0.previouscontdistrict_112M),split,4093,0.1951835956
lightgbm,8,MODE(static_0.typesuite_864L),split,26,0.001239866476
lightgbm,8,SUM(static_0.avgdbddpdlast24m_3658932P),split,163,0.007773009061
lightgbm,8,SUM(static_0.maxdpdlast12m_727P),split,156,0.007439198856
lightgbm,8,SUM(static_0.numinstlswithdpd10_728L),split,137,0.006533142585
lightgbm,8,SUM(static_0.pmtnum_254L),split,292,0.01392465427
lightgbm,8,COUNT(person_2),split,48,0.002288984263
lightgbm,8,MAX(static_cb_0.pmtscount_423L),split,172,0.00820219361
lightgbm,8,MODE(static_cb_0.description_5085714M),split,0,0
lightgbm,8,MODE(static_cb_0.education_1103M),split,72,0.003433476395
lightgbm,8,MODE(static_cb_0.education_88M),split,0,0
lightgbm,8,MODE(static_cb_0.maritalst_385M),split,63,0.003004291845
lightgbm,8,MODE(static_cb_0.requesttype_4525192L),split,70,0.003338102051
lightgbm,8,SUM(static_cb_0.days120_123L),split,276,0.01316165951
lightgbm,8,SUM(static_cb_0.days30_165L),split,108,0.005150214592
lightgbm,8,MAX_MIN_DELTA(applprev_2.num_group2),split,8,0.0003814973772
lightgbm,8,MONTH(date_decision),split,227,0.01082498808
lightgbm,8,SEASON(date_decision),split,23,0.001096804959
lightgbm,8,WEEKDAY(date_decision),split,87,0.004148783977
xgboost,8,COUNT(person_1),gain,18.40542793,0.002732457427
xgboost,8,MODE(person_1.contaddr_district_15M),gain,38.25406265,0.005679172361
xgboost,8,MODE(person_1.contaddr_zipcode_807M),gain,53.77399826,0.007983251542
xgboost,8,MODE(person_1.education_927M),gain,42.92559814,0.006372705371
xgboost,8,MODE(person_1.empladdr_district_926M),gain,28.16879082,0.004181919701
xgboost,8,MODE(person_1.empladdr_zipcode_114M),gain,36.33338165,0.005394029354
xgboost,8,MODE(person_1.incometype_1044T),gain,107.9675446,0.0160287889
xgboost,8,MODE(person_1.language1_981M),gain,10.51885128,0.001561621572
xgboost,8,MODE(person_1.role_1084L),gain,29.87678146,0.004435486841
xgboost,8,MODE(person_1.sex_738L),gain,120.9504852,0.01795622752
xgboost,8,MODE(person_1.type_25L),gain,14.92348766,0.002215530921
xgboost,8,COUNT(credit_bureau_a_1),gain,91.95957947,0.01365225719
xgboost,8,MAX(credit_bureau_a_1.dpdmax_139P),gain,214.7275085,0.03187830121
xgboost,8,MAX(credit_bureau_a_1.dpdmax_757P),gain,112.9984436,0.01677567278
xgboost,8,MAX(credit_bureau_a_1.instlamount_768A),gain,54.36007309,0.008070259816
xgboost,8,MAX(credit_bureau_a_1.nominalrate_281L),gain,50.61164093,0.007513770103
xgboost,8,MAX(credit_bureau_a_1.nominalrate_498L),gain,29.56757736,0.004389582609
xgboost,8,MAX(credit_bureau_a_1.numberofcontrsvalue_358L),gain,140.8704224,0.02091352797
xgboost,8,MAX(credit_bureau_a_1.numberofinstls_320L),gain,101.541748,0.01507481948
xgboost,8,MAX(credit_bureau_a_1.outstandingamount_354A),gain,25.76784706,0.003825477209
xgboost,8,MAX(credit_bureau_a_1.overdueamount_31A),gain,3.315059662,0.0004921515233
xgboost,8,MAX(credit_bureau_a_1.overdueamountmax2_398A),gain,8.962808609,0.001330612526
xgboost,8,MAX(credit_bureau_a_1.residualamount_488A),gain,90.27840424,0.01340267105
xgboost,8,MAX_MIN_DELTA(credit_bureau_a_1.dpdmax_757P),gain,43.04385376,0.00639026152
xgboost,8,MAX_MIN_DELTA(credit_bureau_a_1.dpdmaxdatemonth_442T),gain,38.84587479,0.005767032391
xgboost,8,MAX_MIN_DELTA(credit_bureau_a_1.dpdmaxdateyear_596T),gain,106.8493042,0.01586277569
xgboost,8,MIN(credit_bureau_a_1.monthlyinstlamount_674A),gain,17.16851997,0.002548826905
xgboost,8,MIN(credit_bureau_a_1.overdueamountmax2_398A),gain,185.0280609,0.02746914123
xgboost,8,MODE(credit_bureau_a_1.classificationofcontr_400M),gain,59.17298889,0.008784782052
xgboost,8,MODE(credit_bureau_a_1.contractst_964M),gain,10.70306206,0.00158896938
xgboost,8,MODE(credit_bureau_a_1.financialinstitution_382M),gain,69.58213806,0.01033011732
xgboost,8,STD(credit_bureau_a_1.dpdmax_139P),gain,14.53352261,0.002157636971
xgboost,8,STD(credit_bureau_a_1.nominalrate_498L),gain,15.82691669,0.002349653386
xgboost,8,SUM(credit_bureau_a_1.dpdmax_139P),gain,268.1330566,0.03980685288
xgboost,8,SUM(credit_bureau_a_1.overdueamountmax2_398A),gain,12.31939602,0.00182892923
xgboost,8,SUM(credit_bureau_a_1.periodicityofpmts_837L),gain,257.5278931,0.03823241745
xgboost,8,MODE(tax_registry_a_1.name_4527232M),gain,41.871521,0.006216217788
xgboost,8,ENTROPY(applprev_1.cancelreason_3545846M),gain,6.351798534,0.0009429837297
xgboost,8,MAX(applprev_1.byoccupationinc_3656910L),gain,37.19490433,0.005521930429
xgboost,8,MAX(applprev_1.childnum_21L),gain,54.5537262,0.008099009425
xgboost,8,MAX(applprev_1.downpmt_134A),gain,15.553339,0.002309038227
xgboost,8,MAX(applprev_1.maxdpdtolerance_577P),gain,353.1744385,0.05243203912
xgboost,8,MEAN(applprev_1.currdebt_94A),gain,56.44092178,0.00837918121
xgboost,8,MIN(applprev_1.credacc_credlmt_575A),gain,29.18653679,0.004333013582
xgboost,8,MIN(applprev_1.currdebt_94A),gain,7.942491055,0.001179136869
xgboost,8,MODE(applprev_1.postype_4733339M),gain,18.9996376,0.002820673394
xgboost,8,MODE(applprev_1.status_219L),gain,296.0618286,0.04395313955
xgboost,8,SKEW(applprev_1.actualdpd_943P),gain,24.42828941,0.003626607383
xgboost,8,SKEW(applprev_1.currdebt_94A),gain,21.11919022,0.003135340746
xgboost,8,STD(applprev_1.actualdpd_943P),gain,31.9466629,0.004742780045
xgboost,8,STD(applprev_1.childnum_21L),gain,28.62386703,0.004249480009
xgboost,8,STD(applprev_1.maxdpdtolerance_577P),gain,41.89520264,0.006219733549
xgboost,8,SUM(applprev_1.maxdpdtolerance_577P),gain,84.21025848,0.01250179822
xgboost,8,MEAN(credit_bureau_a_2.pmts_overdue_1152A),gain,265.2478027,0.03937851003
xgboost,8,MIN(credit_bureau_a_2.pmts_overdue_1152A),gain,0,0
xgboost,8,MAX(static_0.avgdbddpdlast3m_4187120P),gain,60.66526031,0.009006323662
xgboost,8,MAX(static_0.avgpmtlast12m_4525200A),gain,27.976614,0.00415338926
xgboost,8,MAX(static_0.eir_270L),gain,70.45375824,0.01045951747
xgboost,8,MAX(static_0.homephncnt_628L),gain,77.19721985,0.01146064723
xgboost,8,MAX(static_0.lastrejectcredamount_222A),gain,8.168935776,0.0012127547
xgboost,8,MAX(static_0.maininc_215A),gain,14.58070374,0.00216464145
xgboost,8,MAX(static_0.maxdpdinstlnum_3546846P),gain,33.17201233,0.004924694595
xgboost,8,MAX(static_0.maxinstallast24m_3658928A),gain,16.03325844,0.002380286742
xgboost,8,MAX(static_0.maxlnamtstart6m_4525199A),gain,21.7572937,0.00323007316
xgboost,8,MAX(static_0.maxpmtlast3m_4525190A),gain,10.34106159,0.001535227035
xgboost,8,MAX(static_0.mobilephncnt_593L),gain,86.1497879,0.01278973945
xgboost,8,MAX(static_0.numactivecreds_622L),gain,8.900414467,0.001321349533
xgboost,8,MAX(static_0.numactiverelcontr_750L),gain,36.75323868,0.005456361045
xgboost,8,MAX(static_0.numcontrs3months_479L),gain,66.75968933,0.009911098486
xgboost,8,MAX(static_0.numrejects9m_859L),gain,255.1911469,0.03788550568
xgboost,8,MODE(static_0.bankacctype_710L),gain,94.90897369,0.01409012227
xgboost,8,MODE(static_0.credtype_322L),gain,83.75265503,0.01243386272
xgboost,8,MODE(static_0.disbursementtype_67L),gain,79.65715027,0.01182584685
xgboost,8,MODE(static_0.lastapprcommoditycat_1041M),gain,21.18727875,0.003145449124
xgboost,8,MODE(static_0.lastapprcommoditytypec_5251766M),gain,0,0
xgboost,8,MODE(static_0.lastcancelreason_561M),gain,85.41885376,0.01268122546
xgboost,8,MODE(static_0.lastrejectcommoditycat_161M),gain,24.1309166,0.003582459615
xgboost,8,MODE(static_0.lastrejectcommodtypec_5251769M),gain,0,0
xgboost,8,MODE(static_0.lastrejectreason_759M),gain,150.4607086,0.0223372954
xgboost,8,MODE(static_0.lastrejectreasonclient_4145040M),gain,29.77195168,0.004419923881
xgboost,8,MODE(static_0.lastst_736L),gain,37.57278442,0.005578030254
xgboost,8,MODE(static_0.previouscontdistrict_112M),gain,45.35116577,0.006732803507
xgboost,8,MODE(static_0.typesuite_864L),gain,28.37714958,0.004212852503
xgboost,8,SUM(static_0.avgdbddpdlast24m_3658932P),gain,215.6538849,0.03201583041
xgboost,8,SUM(static_0.maxdpdlast12m_727P),gain,278.7194214,0.04137849746
xgboost,8,SUM(static_0.numinstlswithdpd10_728L),gain,146.1052399,0.02169068545
xgboost,8,SUM(static_0.pmtnum_254L),gain,76.50797272,0.01135832207
xgboost,8,COUNT(person_2),gain,93.85422516,0.01393353502
xgboost,8,MAX(static_cb_0.pmtscount_423L),gain,98.98564148,0.01469534162
xgboost,8,MODE(static_cb_0.description_5085714M),gain,0,0
xgboost,8,MODE(static_cb_0.education_1103M),gain,59.64316559,0.008854584168
xgboost,8,MODE(static_cb_0.education_88M),gain,0,0
xgboost,8,MODE(static_cb_0.maritalst_385M),gain,23.4411335,0.003480054881
xgboost,8,MODE(static_cb_0.requesttype_4525192L),gain,66.49884796,0.009872374152
xgboost,8,SUM(static_cb_0.days120_123L),gain,112.6695099,0.01672683951
xgboost,8,SUM(static_cb_0.days30_165L),gain,95.94293213,0.01424362304
xgboost,8,MAX_MIN_DELTA(applprev_2.num_group2),gain,6.922889709,0.001027767541
xgboost,8,MONTH(date_decision),gain,12.83184147,0.001905006537
xgboost,8,SEASON(date_decision),gain,12.19534492,0.001810512689
xgboost,8,WEEKDAY(date_decision),gain,20.59311295,0.003057239669
xgboost,8,COUNT(person_1),weight,15,0.0008941344778
xgboost,8,MODE(person_1.contaddr_district_15M),weight,1715,0.1022293753
xgboost,8,MODE(person_1.contaddr_zipcode_807M),weight,3885,0.2315808298
xgboost,8,MODE(person_1.education_927M),weight,24,0.001430615165
xgboost,8,MODE(person_1.empladdr_district_926M),weight,187,0.01114687649
xgboost,8,MODE(person_1.empladdr_zipcode_114M),weight,198,0.01180257511
xgboost,8,MODE(person_1.incometype_1044T),weight,296,0.0176442537
xgboost,8,MODE(person_1.language1_981M),weight,13,0.0007749165474
xgboost,8,MODE(person_1.role_1084L),weight,2,0.0001192179304
xgboost,8,MODE(person_1.sex_738L),weight,151,0.009000953743
xgboost,8,MODE(person_1.type_25L),weight,9,0.0005364806867
xgboost,8,COUNT(credit_bureau_a_1),weight,65,0.003874582737
xgboost,8,MAX(credit_bureau_a_1.dpdmax_139P),weight,164,0.009775870291
xgboost,8,MAX(credit_bureau_a_1.dpdmax_757P),weight,98,0.005841678588
xgboost,8,MAX(credit_bureau_a_1.instlamount_768A),weight,213,0.01269670959
xgboost,8,MAX(credit_bureau_a_1.nominalrate_281L),weight,83,0.004947544111
xgboost,8,MAX(credit_bureau_a_1.nominalrate_498L),weight,69,0.004113018598
xgboost,8,MAX(credit_bureau_a_1.numberofcontrsvalue_358L),weight,246,0.01466380544
xgboost,8,MAX(credit_bureau_a_1.numberofinstls_320L),weight,162,0.009656652361
xgboost,8,MAX(credit_bureau_a_1.outstandingamount_354A),weight,20,0.001192179304
xgboost,8,MAX(credit_bureau_a_1.overdueamount_31A),weight,2,0.0001192179304
xgboost,8,MAX(credit_bureau_a_1.overdueamountmax2_398A),weight,28,0.001669051025
xgboost,8,MAX(credit_bureau_a_1.residualamount_488A),weight,9,0.0005364806867
xgboost,8,MAX_MIN_DELTA(credit_bureau_a_1.dpdmax_757P),weight,36,0.002145922747
xgboost,8,MAX_MIN_DELTA(credit_bureau_a_1.dpdmaxdatemonth_442T),weight,37,0.002205531712
xgboost,8,MAX_MIN_DELTA(credit_bureau_a_1.dpdmaxdateyear_596T),weight,110,0.006556986171
xgboost,8,MIN(credit_bureau_a_1.monthlyinstlamount_674A),weight,13,0.0007749165474
xgboost,8,MIN(credit_bureau_a_1.overdueamountmax2_398A),weight,33,0.001967095851
xgboost,8,MODE(credit_bureau_a_1.classificationofcontr_400M),weight,16,0.000953743443
xgboost,8,MODE(credit_bureau_a_1.contractst_964M),weight,7,0.0004172627563
xgboost,8,MODE(credit_bureau_a_1.financialinstitution_382M),weight,198,0.01180257511
xgboost,8,STD(credit_bureau_a_1.dpdmax_139P),weight,42,0.002503576538
xgboost,8,STD(credit_bureau_a_1.nominalrate_498L),weight,11,0.0006556986171
xgboost,8,SUM(credit_bureau_a_1.dpdmax_139P),weight,223,0.01329279924
xgboost,8,SUM(credit_bureau_a_1.overdueamountmax2_398A),weight,45,0.002682403433
xgboost,8,SUM(credit_bureau_a_1.periodicityofpmts_837L),weight,7,0.0004172627563
xgboost,8,MODE(tax_registry_a_1.name_4527232M),weight,78,0.004649499285
xgboost,8,ENTROPY(applprev_1.cancelreason_3545846M),weight,46,0.002742012399
xgboost,8,MAX(applprev_1.byoccupationinc_3656910L),weight,72,0.004291845494
xgboost,8,MAX(applprev_1.childnum_21L),weight,73,0.004351454459
xgboost,8,MAX(applprev_1.downpmt_134A),weight,17,0.001013352408
xgboost,8,MAX(applprev_1.maxdpdtolerance_577P),weight,117,0.006974248927
xgboost,8,MEAN(applprev_1.currdebt_94A),weight,259,0.01543872198
xgboost,8,MIN(applprev_1.credacc_credlmt_575A),weight,26,0.001549833095
xgboost,8,MIN(applprev_1.currdebt_94A),weight,3,0.0001788268956
xgboost,8,MODE(applprev_1.postype_4733339M),weight,14,0.0008345255126
xgboost,8,MODE(applprev_1.status_219L),weight,114,0.006795422031
xgboost,8,SKEW(applprev_1.actualdpd_943P),weight,5,0.0002980448259
xgboost,8,SKEW(applprev_1.currdebt_94A),weight,25,0.00149022413
xgboost,8,STD(applprev_1.actualdpd_943P),weight,15,0.0008941344778
xgboost,8,STD(applprev_1.childnum_21L),weight,20,0.001192179304
xgboost,8,STD(applprev_1.maxdpdtolerance_577P),weight,80,0.004768717215
xgboost,8,SUM(applprev_1.maxdpdtolerance_577P),weight,89,0.005305197902
xgboost,8,MEAN(credit_bureau_a_2.pmts_overdue_1152A),weight,102,0.006080114449
xgboost,8,MIN(credit_bureau_a_2.pmts_overdue_1152A),weight,0,0
xgboost,8,MAX(static_0.avgdbddpdlast3m_4187120P),weight,132,0.007868383405
xgboost,8,MAX(static_0.avgpmtlast12m_4525200A),weight,18,0.001072961373
xgboost,8,MAX(static_0.eir_270L),weight,180,0.01072961373
xgboost,8,MAX(static_0.homephncnt_628L),weight,64,0.003814973772
xgboost,8,MAX(static_0.lastrejectcredamount_222A),weight,78,0.004649499285
xgboost,8,MAX(static_0.maininc_215A),weight,71,0.004232236528
xgboost,8,MAX(static_0.maxdpdinstlnum_3546846P),weight,129,0.007689556509
xgboost,8,MAX(static_0.maxinstallast24m_3658928A),weight,141,0.008404864092
xgboost,8,MAX(static_0.maxlnamtstart6m_4525199A),weight,13,0.0007749165474
xgboost,8,MAX(static_0.maxpmtlast3m_4525190A),weight,7,0.0004172627563
xgboost,8,MAX(static_0.mobilephncnt_593L),weight,229,0.01365045303
xgboost,8,MAX(static_0.numactivecreds_622L),weight,6,0.0003576537911
xgboost,8,MAX(static_0.numactiverelcontr_750L),weight,2,0.0001192179304
xgboost,8,MAX(static_0.numcontrs3months_479L),weight,55,0.003278493085
xgboost,8,MAX(static_0.numrejects9m_859L),weight,75,0.004470672389
xgboost,8,MODE(static_0.bankacctype_710L),weight,18,0.001072961373
xgboost,8,MODE(static_0.credtype_322L),weight,99,0.005901287554
xgboost,8,MODE(static_0.disbursementtype_67L),weight,137,0.008166428231
xgboost,8,MODE(static_0.lastapprcommoditycat_1041M),weight,203,0.01210061993
xgboost,8,MODE(static_0.lastapprcommoditytypec_5251766M),weight,0,0
xgboost,8,MODE(static_0.lastcancelreason_561M),weight,119,0.007093466857
xgboost,8,MODE(static_0.lastrejectcommoditycat_161M),weight,66,0.003934191702
xgboost,8,MODE(static_0.lastrejectcommodtypec_5251769M),weight,0,0
xgboost,8,MODE(static_0.lastrejectreason_759M),weight,95,0.005662851693
xgboost,8,MODE(static_0.lastrejectreasonclient_4145040M),weight,31,0.001847877921
xgboost,8,MODE(static_0.lastst_736L),weight,100,0.005960896519
xgboost,8,MODE(static_0.previouscontdistrict_112M),weight,2537,0.1512279447
xgboost,8,MODE(static_0.typesuite_864L),weight,14,0.0008345255126
xgboost,8,SUM(static_0.avgdbddpdlast24m_3658932P),weight,154,0.009179780639
xgboost,8,SUM(static_0.maxdpdlast12m_727P),weight,171,0.01019313305
xgboost,8,SUM(static_0.numinstlswithdpd10_728L),weight,137,0.008166428231
xgboost,8,SUM(static_0.pmtnum_254L),weight,299,0.01782308059
xgboost,8,COUNT(person_2),weight,19,0.001132570339
xgboost,8,MAX(static_cb_0.pmtscount_423L),weight,155,0.009239389604
xgboost,8,MODE(static_cb_0.description_5085714M),weight,0,0
xgboost,8,MODE(static_cb_0.education_1103M),weight,90,0.005364806867
xgboost,8,MODE(static_cb_0.education_88M),weight,0,0
xgboost,8,MODE(static_cb_0.maritalst_385M),weight,97,0.005782069623
xgboost,8,MODE(static_cb_0.requesttype_4525192L),weight,73,0.004351454459
xgboost,8,SUM(static_cb_0.days120_123L),weight,287,0.01710777301
xgboost,8,SUM(static_cb_0.days30_165L),weight,106,0.00631855031
xgboost,8,MAX_MIN_DELTA(applprev_2.num_group2),weight,7,0.0004172627563
xgboost,8,MONTH(date_decision),weight,734,0.04375298045
xgboost,8,SEASON(date_decision),weight,38,0.002265140677
xgboost,8,WEEKDAY(date_decision),weight,203,0.01210061993
